[11Apr2025 16:50:31.145] [main/INFO] [cpw.mods.modlauncher.Launcher/MODLAUNCHER]: ModLauncher running: args [--launchTarget, forgeserver, --fml.forgeVersion, 43.4.2, --fml.mcVersion, 1.19.2, --fml.forgeGroup, net.minecraftforge, --fml.mcpVersion, 20220805.130853, nogui]
[11Apr2025 16:50:31.151] [main/INFO] [cpw.mods.modlauncher.Launcher/MODLAUNCHER]: ModLauncher 10.0.8+10.0.8+main.0ef7e830 starting: java version 17.0.14 by Ubuntu; OS Linux arch amd64 version 6.8.0-1021-azure
[11Apr2025 16:50:31.182] [main/DEBUG] [cpw.mods.modlauncher.LaunchServiceHandler/MODLAUNCHER]: Found launch services [fmlclientdev,forgeclient,minecraft,forgegametestserverdev,fmlserveruserdev,fmlclient,fmldatauserdev,forgeserverdev,forgeserveruserdev,forgeclientdev,forgeclientuserdev,forgeserver,forgedatadev,fmlserver,fmlclientuserdev,fmlserverdev,forgedatauserdev,testharness,forgegametestserveruserdev]
[11Apr2025 16:50:31.195] [main/DEBUG] [cpw.mods.modlauncher.NameMappingServiceHandler/MODLAUNCHER]: Found naming services : [srgtomcp]
[11Apr2025 16:50:31.212] [main/DEBUG] [cpw.mods.modlauncher.LaunchPluginHandler/MODLAUNCHER]: Found launch plugins: [mixin,eventbus,slf4jfixer,object_holder_definalize,runtime_enum_extender,capability_token_subclass,accesstransformer,runtimedistcleaner]
[11Apr2025 16:50:31.224] [main/DEBUG] [cpw.mods.modlauncher.TransformationServicesHandler/MODLAUNCHER]: Discovering transformation services
[11Apr2025 16:50:31.589] [main/DEBUG] [cpw.mods.modlauncher.TransformationServicesHandler/MODLAUNCHER]: Found additional transformation services from discovery services: [/workspaces/refactored-adventure/servidor_minecraft/mods/OptiFine_1.19.2_HD_U_I2.jar]
[11Apr2025 16:50:31.673] [main/DEBUG] [cpw.mods.modlauncher.TransformationServicesHandler/MODLAUNCHER]: Found transformer services : [mixin,OptiFine,fml]
[11Apr2025 16:50:31.674] [main/DEBUG] [cpw.mods.modlauncher.TransformationServicesHandler/MODLAUNCHER]: Transformation services loading
[11Apr2025 16:50:31.674] [main/DEBUG] [cpw.mods.modlauncher.TransformationServiceDecorator/MODLAUNCHER]: Loading service mixin
[11Apr2025 16:50:31.674] [main/DEBUG] [cpw.mods.modlauncher.TransformationServiceDecorator/MODLAUNCHER]: Loaded service mixin
[11Apr2025 16:50:31.675] [main/DEBUG] [cpw.mods.modlauncher.TransformationServiceDecorator/MODLAUNCHER]: Loading service OptiFine
[11Apr2025 16:50:31.675] [main/INFO] [optifine.OptiFineTransformationService/]: OptiFineTransformationService.onLoad
[11Apr2025 16:50:31.677] [main/INFO] [optifine.OptiFineTransformationService/]: OptiFine ZIP file URL: union:/workspaces/refactored-adventure/servidor_minecraft/mods/OptiFine_1.19.2_HD_U_I2.jar%23117!/
[11Apr2025 16:50:31.687] [main/INFO] [optifine.OptiFineTransformationService/]: OptiFine ZIP file: /workspaces/refactored-adventure/servidor_minecraft/mods/OptiFine_1.19.2_HD_U_I2.jar
[11Apr2025 16:50:31.693] [main/INFO] [optifine.OptiFineTransformer/]: Target.PRE_CLASS is available
[11Apr2025 16:50:31.710] [main/DEBUG] [cpw.mods.modlauncher.TransformationServiceDecorator/MODLAUNCHER]: Loaded service OptiFine
[11Apr2025 16:50:31.711] [main/DEBUG] [cpw.mods.modlauncher.TransformationServiceDecorator/MODLAUNCHER]: Loading service fml
[11Apr2025 16:50:31.713] [main/DEBUG] [net.minecraftforge.fml.loading.LauncherVersion/CORE]: Found FMLLauncher version 1.0
[11Apr2025 16:50:31.713] [main/DEBUG] [net.minecraftforge.fml.loading.FMLLoader/CORE]: FML 1.0 loading
[11Apr2025 16:50:31.714] [main/DEBUG] [net.minecraftforge.fml.loading.FMLLoader/CORE]: FML found ModLauncher version : 10.0.8+10.0.8+main.0ef7e830
[11Apr2025 16:50:31.715] [main/DEBUG] [net.minecraftforge.fml.loading.FMLLoader/CORE]: FML found AccessTransformer version : 8.0.4+66+master.c09db6d7
[11Apr2025 16:50:31.715] [main/DEBUG] [net.minecraftforge.fml.loading.FMLLoader/CORE]: FML found EventBus version : 6.0.3+6.0.3+master.039e4ea9
[11Apr2025 16:50:31.715] [main/DEBUG] [net.minecraftforge.fml.loading.FMLLoader/CORE]: Found Runtime Dist Cleaner
[11Apr2025 16:50:31.718] [main/DEBUG] [net.minecraftforge.fml.loading.FMLLoader/CORE]: FML found CoreMod version : 5.0.1+15+master.dc5a2922
[11Apr2025 16:50:31.718] [main/DEBUG] [net.minecraftforge.fml.loading.FMLLoader/CORE]: Found ForgeSPI package implementation version 6.0.0+6.0.0+master.42474703
[11Apr2025 16:50:31.719] [main/DEBUG] [net.minecraftforge.fml.loading.FMLLoader/CORE]: Found ForgeSPI package specification 5
[11Apr2025 16:50:31.721] [main/DEBUG] [cpw.mods.modlauncher.TransformationServiceDecorator/MODLAUNCHER]: Loaded service fml
[11Apr2025 16:50:31.722] [main/DEBUG] [cpw.mods.modlauncher.TransformationServicesHandler/MODLAUNCHER]: Configuring option handling for services
[11Apr2025 16:50:31.731] [main/DEBUG] [cpw.mods.modlauncher.TransformationServicesHandler/MODLAUNCHER]: Transformation services initializing
[11Apr2025 16:50:31.731] [main/DEBUG] [cpw.mods.modlauncher.TransformationServiceDecorator/MODLAUNCHER]: Initializing transformation service mixin
[11Apr2025 16:50:31.756] [main/DEBUG] [mixin/]: MixinService [ModLauncher] was successfully booted in cpw.mods.cl.ModuleClassLoader@27a8c74e
[11Apr2025 16:50:31.785] [main/INFO] [mixin/]: SpongePowered MIXIN Subsystem Version=0.8.5 Source=union:/workspaces/refactored-adventure/servidor_minecraft/libraries/org/spongepowered/mixin/0.8.5/mixin-0.8.5.jar%2363!/ Service=ModLauncher Env=SERVER
[11Apr2025 16:50:31.790] [main/DEBUG] [mixin/]: Initialising Mixin Platform Manager
[11Apr2025 16:50:31.790] [main/DEBUG] [mixin/]: Adding mixin platform agents for container ModLauncher Root Container(ModLauncher:4f56a0a2)
[11Apr2025 16:50:31.792] [main/DEBUG] [mixin/]: Instancing new MixinPlatformAgentMinecraftForge for ModLauncher Root Container(ModLauncher:4f56a0a2)
[11Apr2025 16:50:31.792] [main/DEBUG] [mixin/]: MixinPlatformAgentMinecraftForge rejected container ModLauncher Root Container(ModLauncher:4f56a0a2)
[11Apr2025 16:50:31.793] [main/DEBUG] [mixin/]: Instancing new MixinPlatformAgentDefault for ModLauncher Root Container(ModLauncher:4f56a0a2)
[11Apr2025 16:50:31.793] [main/DEBUG] [mixin/]: MixinPlatformAgentDefault accepted container ModLauncher Root Container(ModLauncher:4f56a0a2)
[11Apr2025 16:50:31.796] [main/DEBUG] [cpw.mods.modlauncher.TransformationServiceDecorator/MODLAUNCHER]: Initialized transformation service mixin
[11Apr2025 16:50:31.796] [main/DEBUG] [cpw.mods.modlauncher.TransformationServiceDecorator/MODLAUNCHER]: Initializing transformation service OptiFine
[11Apr2025 16:50:31.797] [main/INFO] [optifine.OptiFineTransformationService/]: OptiFineTransformationService.initialize
[11Apr2025 16:50:31.798] [main/DEBUG] [cpw.mods.modlauncher.TransformationServiceDecorator/MODLAUNCHER]: Initialized transformation service OptiFine
[11Apr2025 16:50:31.798] [main/DEBUG] [cpw.mods.modlauncher.TransformationServiceDecorator/MODLAUNCHER]: Initializing transformation service fml
[11Apr2025 16:50:31.798] [main/DEBUG] [net.minecraftforge.fml.loading.FMLServiceProvider/CORE]: Setting up basic FML game directories
[11Apr2025 16:50:31.800] [main/DEBUG] [net.minecraftforge.fml.loading.FileUtils/CORE]: Found existing GAMEDIR directory : /workspaces/refactored-adventure/servidor_minecraft
[11Apr2025 16:50:31.801] [main/DEBUG] [net.minecraftforge.fml.loading.FMLPaths/CORE]: Path GAMEDIR is /workspaces/refactored-adventure/servidor_minecraft
[11Apr2025 16:50:31.801] [main/DEBUG] [net.minecraftforge.fml.loading.FileUtils/CORE]: Found existing MODSDIR directory : /workspaces/refactored-adventure/servidor_minecraft/mods
[11Apr2025 16:50:31.801] [main/DEBUG] [net.minecraftforge.fml.loading.FMLPaths/CORE]: Path MODSDIR is /workspaces/refactored-adventure/servidor_minecraft/mods
[11Apr2025 16:50:31.801] [main/DEBUG] [net.minecraftforge.fml.loading.FileUtils/CORE]: Found existing CONFIGDIR directory : /workspaces/refactored-adventure/servidor_minecraft/config
[11Apr2025 16:50:31.801] [main/DEBUG] [net.minecraftforge.fml.loading.FMLPaths/CORE]: Path CONFIGDIR is /workspaces/refactored-adventure/servidor_minecraft/config
[11Apr2025 16:50:31.801] [main/DEBUG] [net.minecraftforge.fml.loading.FMLPaths/CORE]: Path FMLCONFIG is /workspaces/refactored-adventure/servidor_minecraft/config/fml.toml
[11Apr2025 16:50:31.801] [main/DEBUG] [net.minecraftforge.fml.loading.FMLServiceProvider/CORE]: Loading configuration
[11Apr2025 16:50:31.846] [main/DEBUG] [net.minecraftforge.fml.loading.FileUtils/CORE]: Found existing default config directory directory : /workspaces/refactored-adventure/servidor_minecraft/defaultconfigs
[11Apr2025 16:50:31.846] [main/DEBUG] [net.minecraftforge.fml.loading.FMLServiceProvider/CORE]: Preparing ModFile
[11Apr2025 16:50:31.849] [main/DEBUG] [net.minecraftforge.fml.loading.FMLServiceProvider/CORE]: Preparing launch handler
[11Apr2025 16:50:31.850] [main/DEBUG] [net.minecraftforge.fml.loading.FMLLoader/CORE]: Using forgeserver as launch service
[11Apr2025 16:50:31.878] [main/DEBUG] [net.minecraftforge.fml.loading.FMLLoader/CORE]: Received command line version data  : VersionInfo[forgeVersion=43.4.2, mcVersion=1.19.2, mcpVersion=20220805.130853, forgeGroup=net.minecraftforge]
[11Apr2025 16:50:31.880] [main/DEBUG] [cpw.mods.modlauncher.TransformationServiceDecorator/MODLAUNCHER]: Initialized transformation service fml
[11Apr2025 16:50:31.880] [main/DEBUG] [cpw.mods.modlauncher.NameMappingServiceHandler/MODLAUNCHER]: Current naming domain is 'srg'
[11Apr2025 16:50:31.881] [main/DEBUG] [cpw.mods.modlauncher.NameMappingServiceHandler/MODLAUNCHER]: Identified name mapping providers {}
[11Apr2025 16:50:31.881] [main/DEBUG] [cpw.mods.modlauncher.TransformationServicesHandler/MODLAUNCHER]: Transformation services begin scanning
[11Apr2025 16:50:31.882] [main/DEBUG] [cpw.mods.modlauncher.TransformationServiceDecorator/MODLAUNCHER]: Beginning scan trigger - transformation service mixin
[11Apr2025 16:50:31.882] [main/DEBUG] [cpw.mods.modlauncher.TransformationServiceDecorator/MODLAUNCHER]: End scan trigger - transformation service mixin
[11Apr2025 16:50:31.882] [main/DEBUG] [cpw.mods.modlauncher.TransformationServiceDecorator/MODLAUNCHER]: Beginning scan trigger - transformation service OptiFine
[11Apr2025 16:50:31.883] [main/DEBUG] [cpw.mods.modlauncher.TransformationServiceDecorator/MODLAUNCHER]: End scan trigger - transformation service OptiFine
[11Apr2025 16:50:31.883] [main/DEBUG] [cpw.mods.modlauncher.TransformationServiceDecorator/MODLAUNCHER]: Beginning scan trigger - transformation service fml
[11Apr2025 16:50:31.883] [main/DEBUG] [net.minecraftforge.fml.loading.FMLServiceProvider/CORE]: Initiating mod scan
[11Apr2025 16:50:31.895] [main/DEBUG] [net.minecraftforge.fml.loading.moddiscovery.ModListHandler/CORE]: Found mod coordinates from lists: []
[11Apr2025 16:50:31.899] [main/DEBUG] [net.minecraftforge.fml.loading.moddiscovery.ModDiscoverer/CORE]: Found Mod Locators : (mods folder:null),(maven libs:null),(exploded directory:null),(minecraft:null),(userdev classpath:null)
[11Apr2025 16:50:31.900] [main/DEBUG] [net.minecraftforge.fml.loading.moddiscovery.ModDiscoverer/CORE]: Found Dependency Locators : (JarInJar:null)
[11Apr2025 16:50:31.906] [main/DEBUG] [net.minecraftforge.fml.loading.moddiscovery.ModFileParser/LOADING]: Considering mod file candidate /workspaces/refactored-adventure/servidor_minecraft/mods/appleskin-forge-mc1.19-2.4.2.jar
[11Apr2025 16:50:31.972] [main/DEBUG] [net.minecraftforge.fml.loading.moddiscovery.ModFileInfo/LOADING]: Found valid mod file appleskin-forge-mc1.19-2.4.2.jar with {appleskin} mods - versions {2.4.2+mc1.19}
[11Apr2025 16:50:31.974] [main/DEBUG] [net.minecraftforge.fml.loading.moddiscovery.ModFileParser/LOADING]: Considering mod file candidate /workspaces/refactored-adventure/servidor_minecraft/mods/archaeology-1.0.0.jar
[11Apr2025 16:50:31.976] [main/DEBUG] [net.minecraftforge.fml.loading.moddiscovery.ModFileInfo/LOADING]: Found valid mod file archaeology-1.0.0.jar with {archaeology} mods - versions {1.0.0}
[11Apr2025 16:50:31.977] [main/DEBUG] [net.minecraftforge.fml.loading.moddiscovery.ModFileParser/LOADING]: Considering mod file candidate /workspaces/refactored-adventure/servidor_minecraft/mods/artifacts-1.19.2-5.0.3.jar
[11Apr2025 16:50:31.980] [main/DEBUG] [net.minecraftforge.fml.loading.moddiscovery.ModFileInfo/LOADING]: Found valid mod file artifacts-1.19.2-5.0.3.jar with {artifacts} mods - versions {1.19.2-5.0.3}
[11Apr2025 16:50:31.983] [main/DEBUG] [net.minecraftforge.fml.loading.moddiscovery.ModFileParser/LOADING]: Considering mod file candidate /workspaces/refactored-adventure/servidor_minecraft/mods/citadel-2.1.4-1.19.jar
[11Apr2025 16:50:31.989] [main/DEBUG] [net.minecraftforge.fml.loading.moddiscovery.ModFileInfo/LOADING]: Found valid mod file citadel-2.1.4-1.19.jar with {citadel} mods - versions {2.1.4}
[11Apr2025 16:50:31.990] [main/DEBUG] [net.minecraftforge.fml.loading.moddiscovery.ModFileParser/LOADING]: Considering mod file candidate /workspaces/refactored-adventure/servidor_minecraft/mods/CreativeCore_FORGE_v2.9.4_mc1.19.2.jar
[11Apr2025 16:50:31.991] [main/DEBUG] [net.minecraftforge.fml.loading.moddiscovery.ModFileInfo/LOADING]: Found valid mod file CreativeCore_FORGE_v2.9.4_mc1.19.2.jar with {creativecore} mods - versions {2.9.3}
[11Apr2025 16:50:31.992] [main/DEBUG] [net.minecraftforge.fml.loading.moddiscovery.ModFileParser/LOADING]: Considering mod file candidate /workspaces/refactored-adventure/servidor_minecraft/mods/curios-forge-1.19.2-5.1.6.2.jar
[11Apr2025 16:50:31.993] [main/DEBUG] [net.minecraftforge.fml.loading.moddiscovery.ModFileInfo/LOADING]: Found valid mod file curios-forge-1.19.2-5.1.6.2.jar with {curios} mods - versions {1.19.2-5.1.6.2}
[11Apr2025 16:50:31.996] [main/DEBUG] [net.minecraftforge.fml.loading.moddiscovery.ModFileParser/LOADING]: Considering mod file candidate /workspaces/refactored-adventure/servidor_minecraft/mods/deeperdarker-forge-1.1.6-forge.jar
[11Apr2025 16:50:32.002] [main/DEBUG] [net.minecraftforge.fml.loading.moddiscovery.ModFileInfo/LOADING]: Found valid mod file deeperdarker-forge-1.1.6-forge.jar with {deeperdarker} mods - versions {1.1.6}
[11Apr2025 16:50:32.004] [main/DEBUG] [net.minecraftforge.fml.loading.moddiscovery.ModFileParser/LOADING]: Considering mod file candidate /workspaces/refactored-adventure/servidor_minecraft/mods/geckolib-forge-1.19-3.1.40.jar
[11Apr2025 16:50:32.008] [main/DEBUG] [net.minecraftforge.fml.loading.moddiscovery.ModFileInfo/LOADING]: Found valid mod file geckolib-forge-1.19-3.1.40.jar with {geckolib3} mods - versions {3.1.40}
[11Apr2025 16:50:32.009] [main/DEBUG] [net.minecraftforge.fml.loading.moddiscovery.ModFileParser/LOADING]: Considering mod file candidate /workspaces/refactored-adventure/servidor_minecraft/mods/goblintraders-1.8.0-1.19.2.jar
[11Apr2025 16:50:32.011] [main/DEBUG] [net.minecraftforge.fml.loading.moddiscovery.ModFileInfo/LOADING]: Found valid mod file goblintraders-1.8.0-1.19.2.jar with {goblintraders} mods - versions {1.8.0}
[11Apr2025 16:50:32.013] [main/DEBUG] [net.minecraftforge.fml.loading.moddiscovery.ModFileParser/LOADING]: Considering mod file candidate /workspaces/refactored-adventure/servidor_minecraft/mods/jei-1.19.2-forge-11.6.0.1019.jar
[11Apr2025 16:50:32.015] [main/DEBUG] [net.minecraftforge.fml.loading.moddiscovery.ModFileInfo/LOADING]: Found valid mod file jei-1.19.2-forge-11.6.0.1019.jar with {jei} mods - versions {11.6.0.1019}
[11Apr2025 16:50:32.018] [main/DEBUG] [net.minecraftforge.fml.loading.moddiscovery.ModFileParser/LOADING]: Considering mod file candidate /workspaces/refactored-adventure/servidor_minecraft/mods/journeymap-1.19.2-5.9.8-forge.jar
[11Apr2025 16:50:32.021] [main/DEBUG] [net.minecraftforge.fml.loading.moddiscovery.ModFileInfo/LOADING]: Found valid mod file journeymap-1.19.2-5.9.8-forge.jar with {journeymap} mods - versions {5.9.8}
[11Apr2025 16:50:32.025] [main/DEBUG] [net.minecraftforge.fml.loading.moddiscovery.ModFileParser/LOADING]: Considering mod file candidate /workspaces/refactored-adventure/servidor_minecraft/mods/L_Enders_Cataclysm-1.99.6-1.19.2.jar
[11Apr2025 16:50:32.028] [main/DEBUG] [net.minecraftforge.fml.loading.moddiscovery.ModFileInfo/LOADING]: Found valid mod file L_Enders_Cataclysm-1.99.6-1.19.2.jar with {cataclysm} mods - versions {1.99.5 - 1.19.2}
[11Apr2025 16:50:32.029] [main/DEBUG] [net.minecraftforge.fml.loading.moddiscovery.ModFileParser/LOADING]: Considering mod file candidate /workspaces/refactored-adventure/servidor_minecraft/mods/lionfishapi-1.8.jar
[11Apr2025 16:50:32.029] [main/DEBUG] [net.minecraftforge.fml.loading.moddiscovery.ModFileInfo/LOADING]: Found valid mod file lionfishapi-1.8.jar with {lionfishapi} mods - versions {1.8}
[11Apr2025 16:50:32.033] [main/DEBUG] [net.minecraftforge.fml.loading.moddiscovery.ModFileParser/LOADING]: Considering mod file candidate /workspaces/refactored-adventure/servidor_minecraft/mods/mutantmore-1.19.2-early-access-1.0.7.jar
[11Apr2025 16:50:32.038] [main/DEBUG] [net.minecraftforge.fml.loading.moddiscovery.ModFileInfo/LOADING]: Found valid mod file mutantmore-1.19.2-early-access-1.0.7.jar with {mutantmore} mods - versions {1.0}
[11Apr2025 16:50:32.039] [main/DEBUG] [net.minecraftforge.fml.loading.moddiscovery.ModFileParser/LOADING]: Considering mod file candidate /workspaces/refactored-adventure/servidor_minecraft/mods/PlayerRevive_FORGE_v2.0.14_mc1.19.2.jar
[11Apr2025 16:50:32.041] [main/DEBUG] [net.minecraftforge.fml.loading.moddiscovery.ModFileInfo/LOADING]: Found valid mod file PlayerRevive_FORGE_v2.0.14_mc1.19.2.jar with {playerrevive} mods - versions {2.0.14}
[11Apr2025 16:50:32.044] [main/DEBUG] [net.minecraftforge.fml.loading.moddiscovery.ModFileParser/LOADING]: Considering mod file candidate /workspaces/refactored-adventure/servidor_minecraft/mods/RingsOfAscension-1.19-1.0.1.jar
[11Apr2025 16:50:32.045] [main/DEBUG] [net.minecraftforge.fml.loading.moddiscovery.ModFileInfo/LOADING]: Found valid mod file RingsOfAscension-1.19-1.0.1.jar with {ringsofascension} mods - versions {1.0.0}
[11Apr2025 16:50:32.047] [main/DEBUG] [net.minecraftforge.fml.loading.moddiscovery.ModFileParser/LOADING]: Considering mod file candidate /workspaces/refactored-adventure/servidor_minecraft/mods/tombstone-1.19.2-8.2.17.jar
[11Apr2025 16:50:32.049] [main/DEBUG] [net.minecraftforge.fml.loading.moddiscovery.ModFileInfo/LOADING]: Found valid mod file tombstone-1.19.2-8.2.17.jar with {tombstone} mods - versions {8.2.17}
[11Apr2025 16:50:32.051] [main/DEBUG] [net.minecraftforge.fml.loading.moddiscovery.ModFileParser/LOADING]: Considering mod file candidate /workspaces/refactored-adventure/servidor_minecraft/mods/TravelersBackpack-1.19.2-8.2.37.jar
[11Apr2025 16:50:32.052] [main/DEBUG] [net.minecraftforge.fml.loading.moddiscovery.ModFileInfo/LOADING]: Found valid mod file TravelersBackpack-1.19.2-8.2.37.jar with {travelersbackpack} mods - versions {8.2.37}
[11Apr2025 16:50:32.218] [main/DEBUG] [net.minecraftforge.fml.loading.moddiscovery.ModFileInfo/LOADING]: Found valid mod file server-1.19.2-20220805.130853-srg.jar with {minecraft} mods - versions {1.19.2}
[11Apr2025 16:50:32.225] [main/DEBUG] [net.minecraftforge.fml.loading.moddiscovery.ModFileParser/LOADING]: Considering mod file candidate /workspaces/refactored-adventure/servidor_minecraft/libraries/net/minecraftforge/fmlcore/1.19.2-43.4.2/fmlcore-1.19.2-43.4.2.jar
[11Apr2025 16:50:32.225] [main/WARN] [net.minecraftforge.fml.loading.moddiscovery.ModFileParser/LOADING]: Mod file /workspaces/refactored-adventure/servidor_minecraft/libraries/net/minecraftforge/fmlcore/1.19.2-43.4.2/fmlcore-1.19.2-43.4.2.jar is missing mods.toml file
[11Apr2025 16:50:32.228] [main/DEBUG] [net.minecraftforge.fml.loading.moddiscovery.ModFileParser/LOADING]: Considering mod file candidate /workspaces/refactored-adventure/servidor_minecraft/libraries/net/minecraftforge/javafmllanguage/1.19.2-43.4.2/javafmllanguage-1.19.2-43.4.2.jar
[11Apr2025 16:50:32.229] [main/WARN] [net.minecraftforge.fml.loading.moddiscovery.ModFileParser/LOADING]: Mod file /workspaces/refactored-adventure/servidor_minecraft/libraries/net/minecraftforge/javafmllanguage/1.19.2-43.4.2/javafmllanguage-1.19.2-43.4.2.jar is missing mods.toml file
[11Apr2025 16:50:32.230] [main/DEBUG] [net.minecraftforge.fml.loading.moddiscovery.ModFileParser/LOADING]: Considering mod file candidate /workspaces/refactored-adventure/servidor_minecraft/libraries/net/minecraftforge/lowcodelanguage/1.19.2-43.4.2/lowcodelanguage-1.19.2-43.4.2.jar
[11Apr2025 16:50:32.230] [main/WARN] [net.minecraftforge.fml.loading.moddiscovery.ModFileParser/LOADING]: Mod file /workspaces/refactored-adventure/servidor_minecraft/libraries/net/minecraftforge/lowcodelanguage/1.19.2-43.4.2/lowcodelanguage-1.19.2-43.4.2.jar is missing mods.toml file
[11Apr2025 16:50:32.231] [main/DEBUG] [net.minecraftforge.fml.loading.moddiscovery.ModFileParser/LOADING]: Considering mod file candidate /workspaces/refactored-adventure/servidor_minecraft/libraries/net/minecraftforge/mclanguage/1.19.2-43.4.2/mclanguage-1.19.2-43.4.2.jar
[11Apr2025 16:50:32.231] [main/WARN] [net.minecraftforge.fml.loading.moddiscovery.ModFileParser/LOADING]: Mod file /workspaces/refactored-adventure/servidor_minecraft/libraries/net/minecraftforge/mclanguage/1.19.2-43.4.2/mclanguage-1.19.2-43.4.2.jar is missing mods.toml file
[11Apr2025 16:50:32.323] [main/DEBUG] [net.minecraftforge.fml.loading.moddiscovery.ModFileParser/LOADING]: Considering mod file candidate /workspaces/refactored-adventure/servidor_minecraft/libraries/net/minecraftforge/forge/1.19.2-43.4.2/forge-1.19.2-43.4.2-universal.jar
[11Apr2025 16:50:32.325] [main/DEBUG] [net.minecraftforge.fml.loading.moddiscovery.ModFileInfo/LOADING]: Found valid mod file forge-1.19.2-43.4.2-universal.jar with {forge} mods - versions {43.4.2}
[11Apr2025 16:50:32.345] [main/DEBUG] [net.minecraftforge.fml.loading.moddiscovery.AbstractJarFileDependencyLocator/]: Failed to load resource META-INF/jarjar/metadata.json from server-1.19.2-20220805.130853-srg.jar, it does not contain dependency information.
[11Apr2025 16:50:32.346] [main/DEBUG] [net.minecraftforge.fml.loading.moddiscovery.AbstractJarFileDependencyLocator/]: Failed to load resource META-INF/jarjar/metadata.json from tombstone-1.19.2-8.2.17.jar, it does not contain dependency information.
[11Apr2025 16:50:32.346] [main/DEBUG] [net.minecraftforge.fml.loading.moddiscovery.AbstractJarFileDependencyLocator/]: Failed to load resource META-INF/jarjar/metadata.json from mutantmore-1.19.2-early-access-1.0.7.jar, it does not contain dependency information.
[11Apr2025 16:50:32.346] [main/DEBUG] [net.minecraftforge.fml.loading.moddiscovery.AbstractJarFileDependencyLocator/]: Failed to load resource META-INF/jarjar/metadata.json from appleskin-forge-mc1.19-2.4.2.jar, it does not contain dependency information.
[11Apr2025 16:50:32.346] [main/DEBUG] [net.minecraftforge.fml.loading.moddiscovery.AbstractJarFileDependencyLocator/]: Failed to load resource META-INF/jarjar/metadata.json from CreativeCore_FORGE_v2.9.4_mc1.19.2.jar, it does not contain dependency information.
[11Apr2025 16:50:32.348] [main/DEBUG] [net.minecraftforge.fml.loading.moddiscovery.AbstractJarFileDependencyLocator/]: Failed to load resource META-INF/jarjar/metadata.json from jei-1.19.2-forge-11.6.0.1019.jar, it does not contain dependency information.
[11Apr2025 16:50:32.348] [main/DEBUG] [net.minecraftforge.fml.loading.moddiscovery.AbstractJarFileDependencyLocator/]: Failed to load resource META-INF/jarjar/metadata.json from lionfishapi-1.8.jar, it does not contain dependency information.
[11Apr2025 16:50:32.348] [main/DEBUG] [net.minecraftforge.fml.loading.moddiscovery.AbstractJarFileDependencyLocator/]: Failed to load resource META-INF/jarjar/metadata.json from goblintraders-1.8.0-1.19.2.jar, it does not contain dependency information.
[11Apr2025 16:50:32.348] [main/DEBUG] [net.minecraftforge.fml.loading.moddiscovery.AbstractJarFileDependencyLocator/]: Failed to load resource META-INF/jarjar/metadata.json from forge-1.19.2-43.4.2-universal.jar, it does not contain dependency information.
[11Apr2025 16:50:32.348] [main/DEBUG] [net.minecraftforge.fml.loading.moddiscovery.AbstractJarFileDependencyLocator/]: Failed to load resource META-INF/jarjar/metadata.json from RingsOfAscension-1.19-1.0.1.jar, it does not contain dependency information.
[11Apr2025 16:50:32.348] [main/DEBUG] [net.minecraftforge.fml.loading.moddiscovery.AbstractJarFileDependencyLocator/]: Failed to load resource META-INF/jarjar/metadata.json from L_Enders_Cataclysm-1.99.6-1.19.2.jar, it does not contain dependency information.
[11Apr2025 16:50:32.348] [main/DEBUG] [net.minecraftforge.fml.loading.moddiscovery.AbstractJarFileDependencyLocator/]: Failed to load resource META-INF/jarjar/metadata.json from curios-forge-1.19.2-5.1.6.2.jar, it does not contain dependency information.
[11Apr2025 16:50:32.349] [main/DEBUG] [net.minecraftforge.fml.loading.moddiscovery.AbstractJarFileDependencyLocator/]: Failed to load resource META-INF/jarjar/metadata.json from archaeology-1.0.0.jar, it does not contain dependency information.
[11Apr2025 16:50:32.349] [main/DEBUG] [net.minecraftforge.fml.loading.moddiscovery.AbstractJarFileDependencyLocator/]: Failed to load resource META-INF/jarjar/metadata.json from PlayerRevive_FORGE_v2.0.14_mc1.19.2.jar, it does not contain dependency information.
[11Apr2025 16:50:32.349] [main/DEBUG] [net.minecraftforge.fml.loading.moddiscovery.AbstractJarFileDependencyLocator/]: Failed to load resource META-INF/jarjar/metadata.json from geckolib-forge-1.19-3.1.40.jar, it does not contain dependency information.
[11Apr2025 16:50:32.349] [main/DEBUG] [net.minecraftforge.fml.loading.moddiscovery.AbstractJarFileDependencyLocator/]: Failed to load resource META-INF/jarjar/metadata.json from journeymap-1.19.2-5.9.8-forge.jar, it does not contain dependency information.
[11Apr2025 16:50:32.350] [main/DEBUG] [net.minecraftforge.fml.loading.moddiscovery.AbstractJarFileDependencyLocator/]: Failed to load resource META-INF/jarjar/metadata.json from citadel-2.1.4-1.19.jar, it does not contain dependency information.
[11Apr2025 16:50:32.350] [main/DEBUG] [net.minecraftforge.fml.loading.moddiscovery.AbstractJarFileDependencyLocator/]: Failed to load resource META-INF/jarjar/metadata.json from TravelersBackpack-1.19.2-8.2.37.jar, it does not contain dependency information.
[11Apr2025 16:50:32.351] [main/DEBUG] [net.minecraftforge.fml.loading.moddiscovery.AbstractJarFileDependencyLocator/]: Failed to load resource META-INF/jarjar/metadata.json from mclanguage-1.19.2-43.4.2.jar, it does not contain dependency information.
[11Apr2025 16:50:32.351] [main/DEBUG] [net.minecraftforge.fml.loading.moddiscovery.AbstractJarFileDependencyLocator/]: Failed to load resource META-INF/jarjar/metadata.json from javafmllanguage-1.19.2-43.4.2.jar, it does not contain dependency information.
[11Apr2025 16:50:32.352] [main/DEBUG] [net.minecraftforge.fml.loading.moddiscovery.AbstractJarFileDependencyLocator/]: Failed to load resource META-INF/jarjar/metadata.json from fmlcore-1.19.2-43.4.2.jar, it does not contain dependency information.
[11Apr2025 16:50:32.352] [main/DEBUG] [net.minecraftforge.fml.loading.moddiscovery.AbstractJarFileDependencyLocator/]: Failed to load resource META-INF/jarjar/metadata.json from lowcodelanguage-1.19.2-43.4.2.jar, it does not contain dependency information.
[11Apr2025 16:50:32.422] [main/DEBUG] [net.minecraftforge.fml.loading.moddiscovery.ModFileParser/LOADING]: Considering mod file candidate 
[11Apr2025 16:50:32.424] [main/DEBUG] [net.minecraftforge.fml.loading.moddiscovery.ModFileInfo/LOADING]: Found valid mod file paragon-forge-3.0.2-1.19x.jar with {paragon} mods - versions {3.0.2}
[11Apr2025 16:50:32.429] [main/DEBUG] [net.minecraftforge.fml.loading.moddiscovery.ModFileParser/LOADING]: Considering mod file candidate 
[11Apr2025 16:50:32.430] [main/DEBUG] [net.minecraftforge.fml.loading.moddiscovery.ModFileInfo/LOADING]: Found valid mod file expandability-forge-7.0.0.jar with {expandability} mods - versions {7.0.0}
[11Apr2025 16:50:32.449] [main/DEBUG] [net.minecraftforge.fml.loading.moddiscovery.AbstractJarFileDependencyLocator/]: Failed to load resource META-INF/jarjar/metadata.json from toml4j-0.7.2.jar, it does not contain dependency information.
[11Apr2025 16:50:32.449] [main/DEBUG] [net.minecraftforge.fml.loading.moddiscovery.AbstractJarFileDependencyLocator/]: Failed to load resource META-INF/jarjar/metadata.json from snakeyaml-1.27.jar, it does not contain dependency information.
[11Apr2025 16:50:32.450] [main/DEBUG] [net.minecraftforge.fml.loading.moddiscovery.AbstractJarFileDependencyLocator/]: Failed to load resource META-INF/jarjar/metadata.json from jankson-1.2.1.jar, it does not contain dependency information.
[11Apr2025 16:50:32.450] [main/DEBUG] [net.minecraftforge.fml.loading.moddiscovery.AbstractJarFileDependencyLocator/]: Failed to load resource META-INF/jarjar/metadata.json from MixinExtras-0.1.0-rc5.jar, it does not contain dependency information.
[11Apr2025 16:50:32.492] [main/DEBUG] [net.minecraftforge.fml.loading.moddiscovery.ModFileParser/LOADING]: Considering mod file candidate 
[11Apr2025 16:50:32.493] [main/DEBUG] [net.minecraftforge.fml.loading.moddiscovery.ModFileInfo/LOADING]: Found valid mod file expandability-forge-7.0.0.jar with {expandability} mods - versions {7.0.0}
[11Apr2025 16:50:32.501] [main/DEBUG] [net.minecraftforge.fml.loading.moddiscovery.ModFileParser/LOADING]: Considering mod file candidate 
[11Apr2025 16:50:32.501] [main/DEBUG] [net.minecraftforge.fml.loading.moddiscovery.ModFileInfo/LOADING]: Found valid mod file paragon-forge-3.0.2-1.19x.jar with {paragon} mods - versions {3.0.2}
[11Apr2025 16:50:32.511] [main/INFO] [net.minecraftforge.fml.loading.moddiscovery.JarInJarDependencyLocator/]: Found 6 dependencies adding them to mods collection
[11Apr2025 16:50:32.515] [main/DEBUG] [net.minecraftforge.fml.loading.moddiscovery.ModFileInfo/LOADING]: Found valid mod file server-1.19.2-20220805.130853-srg.jar with {minecraft} mods - versions {1.19.2}
[11Apr2025 16:50:32.519] [main/DEBUG] [net.minecraftforge.fml.loading.moddiscovery.ModFile/LOADING]: Loading mod file /workspaces/refactored-adventure/servidor_minecraft/libraries/net/minecraft/server/1.19.2-20220805.130853/server-1.19.2-20220805.130853-srg.jar with languages [LanguageSpec[languageName=minecraft, acceptedVersions=1]]
[11Apr2025 16:50:32.521] [main/DEBUG] [net.minecraftforge.fml.loading.moddiscovery.ModFileParser/LOADING]: Considering mod file candidate /workspaces/refactored-adventure/servidor_minecraft/mods/CreativeCore_FORGE_v2.9.4_mc1.19.2.jar
[11Apr2025 16:50:32.524] [main/DEBUG] [net.minecraftforge.fml.loading.moddiscovery.ModFileInfo/LOADING]: Found valid mod file CreativeCore_FORGE_v2.9.4_mc1.19.2.jar with {creativecore} mods - versions {2.9.3}
[11Apr2025 16:50:32.525] [main/DEBUG] [net.minecraftforge.fml.loading.moddiscovery.ModFile/LOADING]: Loading mod file /workspaces/refactored-adventure/servidor_minecraft/mods/CreativeCore_FORGE_v2.9.4_mc1.19.2.jar with languages [LanguageSpec[languageName=javafml, acceptedVersions=[24,)]]
[11Apr2025 16:50:32.525] [main/DEBUG] [net.minecraftforge.fml.loading.moddiscovery.ModFileParser/LOADING]: Considering mod file candidate /workspaces/refactored-adventure/servidor_minecraft/mods/jei-1.19.2-forge-11.6.0.1019.jar
[11Apr2025 16:50:32.526] [main/DEBUG] [net.minecraftforge.fml.loading.moddiscovery.ModFileInfo/LOADING]: Found valid mod file jei-1.19.2-forge-11.6.0.1019.jar with {jei} mods - versions {11.6.0.1019}
[11Apr2025 16:50:32.526] [main/DEBUG] [net.minecraftforge.fml.loading.moddiscovery.ModFile/LOADING]: Loading mod file /workspaces/refactored-adventure/servidor_minecraft/mods/jei-1.19.2-forge-11.6.0.1019.jar with languages [LanguageSpec[languageName=javafml, acceptedVersions=[41,)]]
[11Apr2025 16:50:32.526] [main/DEBUG] [net.minecraftforge.fml.loading.moddiscovery.ModFileParser/LOADING]: Considering mod file candidate 
[11Apr2025 16:50:32.529] [main/DEBUG] [net.minecraftforge.fml.loading.moddiscovery.ModFileInfo/LOADING]: Found valid mod file paragon-forge-3.0.2-1.19x.jar with {paragon} mods - versions {3.0.2}
[11Apr2025 16:50:32.530] [main/DEBUG] [net.minecraftforge.fml.loading.moddiscovery.ModFile/LOADING]: Loading mod file  with languages [LanguageSpec[languageName=javafml, acceptedVersions=[34,)]]
[11Apr2025 16:50:32.530] [main/DEBUG] [net.minecraftforge.fml.loading.moddiscovery.ModFileParser/LOADING]: Considering mod file candidate /workspaces/refactored-adventure/servidor_minecraft/mods/lionfishapi-1.8.jar
[11Apr2025 16:50:32.531] [main/DEBUG] [net.minecraftforge.fml.loading.moddiscovery.ModFileInfo/LOADING]: Found valid mod file lionfishapi-1.8.jar with {lionfishapi} mods - versions {1.8}
[11Apr2025 16:50:32.531] [main/DEBUG] [net.minecraftforge.fml.loading.moddiscovery.ModFile/LOADING]: Loading mod file /workspaces/refactored-adventure/servidor_minecraft/mods/lionfishapi-1.8.jar with languages [LanguageSpec[languageName=javafml, acceptedVersions=[43,)]]
[11Apr2025 16:50:32.531] [main/DEBUG] [net.minecraftforge.fml.loading.moddiscovery.ModFileParser/LOADING]: Considering mod file candidate /workspaces/refactored-adventure/servidor_minecraft/mods/goblintraders-1.8.0-1.19.2.jar
[11Apr2025 16:50:32.532] [main/DEBUG] [net.minecraftforge.fml.loading.moddiscovery.ModFileInfo/LOADING]: Found valid mod file goblintraders-1.8.0-1.19.2.jar with {goblintraders} mods - versions {1.8.0}
[11Apr2025 16:50:32.533] [main/DEBUG] [net.minecraftforge.fml.loading.moddiscovery.ModFile/LOADING]: Loading mod file /workspaces/refactored-adventure/servidor_minecraft/mods/goblintraders-1.8.0-1.19.2.jar with languages [LanguageSpec[languageName=javafml, acceptedVersions=[40,)]]
[11Apr2025 16:50:32.533] [main/DEBUG] [net.minecraftforge.fml.loading.moddiscovery.ModFileParser/LOADING]: Considering mod file candidate /workspaces/refactored-adventure/servidor_minecraft/mods/archaeology-1.0.0.jar
[11Apr2025 16:50:32.534] [main/DEBUG] [net.minecraftforge.fml.loading.moddiscovery.ModFileInfo/LOADING]: Found valid mod file archaeology-1.0.0.jar with {archaeology} mods - versions {1.0.0}
[11Apr2025 16:50:32.534] [main/DEBUG] [net.minecraftforge.fml.loading.moddiscovery.ModFile/LOADING]: Loading mod file /workspaces/refactored-adventure/servidor_minecraft/mods/archaeology-1.0.0.jar with languages [LanguageSpec[languageName=javafml, acceptedVersions=[43,)]]
[11Apr2025 16:50:32.535] [main/DEBUG] [net.minecraftforge.fml.loading.moddiscovery.ModFileParser/LOADING]: Considering mod file candidate /workspaces/refactored-adventure/servidor_minecraft/mods/curios-forge-1.19.2-5.1.6.2.jar
[11Apr2025 16:50:32.536] [main/DEBUG] [net.minecraftforge.fml.loading.moddiscovery.ModFileInfo/LOADING]: Found valid mod file curios-forge-1.19.2-5.1.6.2.jar with {curios} mods - versions {1.19.2-5.1.6.2}
[11Apr2025 16:50:32.536] [main/DEBUG] [net.minecraftforge.fml.loading.moddiscovery.ModFile/LOADING]: Loading mod file /workspaces/refactored-adventure/servidor_minecraft/mods/curios-forge-1.19.2-5.1.6.2.jar with languages [LanguageSpec[languageName=javafml, acceptedVersions=[41,)]]
[11Apr2025 16:50:32.536] [main/DEBUG] [net.minecraftforge.fml.loading.moddiscovery.ModFileParser/LOADING]: Considering mod file candidate /workspaces/refactored-adventure/servidor_minecraft/mods/L_Enders_Cataclysm-1.99.6-1.19.2.jar
[11Apr2025 16:50:32.537] [main/DEBUG] [net.minecraftforge.fml.loading.moddiscovery.ModFileInfo/LOADING]: Found valid mod file L_Enders_Cataclysm-1.99.6-1.19.2.jar with {cataclysm} mods - versions {1.99.5 - 1.19.2}
[11Apr2025 16:50:32.537] [main/DEBUG] [net.minecraftforge.fml.loading.moddiscovery.ModFile/LOADING]: Loading mod file /workspaces/refactored-adventure/servidor_minecraft/mods/L_Enders_Cataclysm-1.99.6-1.19.2.jar with languages [LanguageSpec[languageName=javafml, acceptedVersions=[43,)]]
[11Apr2025 16:50:32.537] [main/DEBUG] [net.minecraftforge.fml.loading.moddiscovery.ModFileParser/LOADING]: Considering mod file candidate /workspaces/refactored-adventure/servidor_minecraft/mods/RingsOfAscension-1.19-1.0.1.jar
[11Apr2025 16:50:32.538] [main/DEBUG] [net.minecraftforge.fml.loading.moddiscovery.ModFileInfo/LOADING]: Found valid mod file RingsOfAscension-1.19-1.0.1.jar with {ringsofascension} mods - versions {1.0.0}
[11Apr2025 16:50:32.538] [main/DEBUG] [net.minecraftforge.fml.loading.moddiscovery.ModFile/LOADING]: Loading mod file /workspaces/refactored-adventure/servidor_minecraft/mods/RingsOfAscension-1.19-1.0.1.jar with languages [LanguageSpec[languageName=javafml, acceptedVersions=[41,)]]
[11Apr2025 16:50:32.538] [main/DEBUG] [net.minecraftforge.fml.loading.moddiscovery.ModFileParser/LOADING]: Considering mod file candidate /workspaces/refactored-adventure/servidor_minecraft/mods/journeymap-1.19.2-5.9.8-forge.jar
[11Apr2025 16:50:32.540] [main/DEBUG] [net.minecraftforge.fml.loading.moddiscovery.ModFileInfo/LOADING]: Found valid mod file journeymap-1.19.2-5.9.8-forge.jar with {journeymap} mods - versions {5.9.8}
[11Apr2025 16:50:32.542] [main/DEBUG] [net.minecraftforge.fml.loading.moddiscovery.ModFile/LOADING]: Loading mod file /workspaces/refactored-adventure/servidor_minecraft/mods/journeymap-1.19.2-5.9.8-forge.jar with languages [LanguageSpec[languageName=javafml, acceptedVersions=[42,)]]
[11Apr2025 16:50:32.547] [main/DEBUG] [net.minecraftforge.fml.loading.moddiscovery.ModFileParser/LOADING]: Found coremod journeymap potion effect transformer with Javascript path potion-effects-shift.js
[11Apr2025 16:50:32.547] [main/DEBUG] [net.minecraftforge.fml.loading.moddiscovery.ModFile/LOADING]: Found coremod potion-effects-shift.js
[11Apr2025 16:50:32.547] [main/DEBUG] [net.minecraftforge.fml.loading.moddiscovery.ModFileParser/LOADING]: Considering mod file candidate /workspaces/refactored-adventure/servidor_minecraft/mods/citadel-2.1.4-1.19.jar
[11Apr2025 16:50:32.548] [main/DEBUG] [net.minecraftforge.fml.loading.moddiscovery.ModFileInfo/LOADING]: Found valid mod file citadel-2.1.4-1.19.jar with {citadel} mods - versions {2.1.4}
[11Apr2025 16:50:32.548] [main/DEBUG] [net.minecraftforge.fml.loading.moddiscovery.ModFile/LOADING]: Loading mod file /workspaces/refactored-adventure/servidor_minecraft/mods/citadel-2.1.4-1.19.jar with languages [LanguageSpec[languageName=javafml, acceptedVersions=[41,)]]
[11Apr2025 16:50:32.549] [main/DEBUG] [net.minecraftforge.fml.loading.moddiscovery.ModFileParser/LOADING]: Considering mod file candidate /workspaces/refactored-adventure/servidor_minecraft/mods/artifacts-1.19.2-5.0.3.jar
[11Apr2025 16:50:32.549] [main/DEBUG] [net.minecraftforge.fml.loading.moddiscovery.ModFileInfo/LOADING]: Found valid mod file artifacts-1.19.2-5.0.3.jar with {artifacts} mods - versions {1.19.2-5.0.3}
[11Apr2025 16:50:32.550] [main/DEBUG] [net.minecraftforge.fml.loading.moddiscovery.ModFile/LOADING]: Loading mod file /workspaces/refactored-adventure/servidor_minecraft/mods/artifacts-1.19.2-5.0.3.jar with languages [LanguageSpec[languageName=javafml, acceptedVersions=[43,)]]
[11Apr2025 16:50:32.550] [main/DEBUG] [net.minecraftforge.fml.loading.moddiscovery.ModFileParser/LOADING]: Considering mod file candidate /workspaces/refactored-adventure/servidor_minecraft/mods/TravelersBackpack-1.19.2-8.2.37.jar
[11Apr2025 16:50:32.551] [main/DEBUG] [net.minecraftforge.fml.loading.moddiscovery.ModFileInfo/LOADING]: Found valid mod file TravelersBackpack-1.19.2-8.2.37.jar with {travelersbackpack} mods - versions {8.2.37}
[11Apr2025 16:50:32.551] [main/DEBUG] [net.minecraftforge.fml.loading.moddiscovery.ModFile/LOADING]: Loading mod file /workspaces/refactored-adventure/servidor_minecraft/mods/TravelersBackpack-1.19.2-8.2.37.jar with languages [LanguageSpec[languageName=javafml, acceptedVersions=[42,)]]
[11Apr2025 16:50:32.551] [main/DEBUG] [net.minecraftforge.fml.loading.moddiscovery.ModFileParser/LOADING]: Considering mod file candidate /workspaces/refactored-adventure/servidor_minecraft/mods/tombstone-1.19.2-8.2.17.jar
[11Apr2025 16:50:32.552] [main/DEBUG] [net.minecraftforge.fml.loading.moddiscovery.ModFileInfo/LOADING]: Found valid mod file tombstone-1.19.2-8.2.17.jar with {tombstone} mods - versions {8.2.17}
[11Apr2025 16:50:32.552] [main/DEBUG] [net.minecraftforge.fml.loading.moddiscovery.ModFile/LOADING]: Loading mod file /workspaces/refactored-adventure/servidor_minecraft/mods/tombstone-1.19.2-8.2.17.jar with languages [LanguageSpec[languageName=javafml, acceptedVersions=[43,)]]
[11Apr2025 16:50:32.552] [main/DEBUG] [net.minecraftforge.fml.loading.moddiscovery.ModFileParser/LOADING]: Considering mod file candidate /workspaces/refactored-adventure/servidor_minecraft/mods/appleskin-forge-mc1.19-2.4.2.jar
[11Apr2025 16:50:32.552] [main/DEBUG] [net.minecraftforge.fml.loading.moddiscovery.ModFileInfo/LOADING]: Found valid mod file appleskin-forge-mc1.19-2.4.2.jar with {appleskin} mods - versions {2.4.2+mc1.19}
[11Apr2025 16:50:32.552] [main/DEBUG] [net.minecraftforge.fml.loading.moddiscovery.ModFile/LOADING]: Loading mod file /workspaces/refactored-adventure/servidor_minecraft/mods/appleskin-forge-mc1.19-2.4.2.jar with languages [LanguageSpec[languageName=javafml, acceptedVersions=[41,)]]
[11Apr2025 16:50:32.553] [main/DEBUG] [net.minecraftforge.fml.loading.moddiscovery.ModFileParser/LOADING]: Considering mod file candidate /workspaces/refactored-adventure/servidor_minecraft/mods/deeperdarker-forge-1.1.6-forge.jar
[11Apr2025 16:50:32.553] [main/DEBUG] [net.minecraftforge.fml.loading.moddiscovery.ModFileInfo/LOADING]: Found valid mod file deeperdarker-forge-1.1.6-forge.jar with {deeperdarker} mods - versions {1.1.6}
[11Apr2025 16:50:32.553] [main/DEBUG] [net.minecraftforge.fml.loading.moddiscovery.ModFile/LOADING]: Loading mod file /workspaces/refactored-adventure/servidor_minecraft/mods/deeperdarker-forge-1.1.6-forge.jar with languages [LanguageSpec[languageName=javafml, acceptedVersions=[43,)]]
[11Apr2025 16:50:32.553] [main/DEBUG] [net.minecraftforge.fml.loading.moddiscovery.ModFileParser/LOADING]: Considering mod file candidate /workspaces/refactored-adventure/servidor_minecraft/mods/mutantmore-1.19.2-early-access-1.0.7.jar
[11Apr2025 16:50:32.554] [main/DEBUG] [net.minecraftforge.fml.loading.moddiscovery.ModFileInfo/LOADING]: Found valid mod file mutantmore-1.19.2-early-access-1.0.7.jar with {mutantmore} mods - versions {1.0}
[11Apr2025 16:50:32.554] [main/DEBUG] [net.minecraftforge.fml.loading.moddiscovery.ModFile/LOADING]: Loading mod file /workspaces/refactored-adventure/servidor_minecraft/mods/mutantmore-1.19.2-early-access-1.0.7.jar with languages [LanguageSpec[languageName=javafml, acceptedVersions=[43,)]]
[11Apr2025 16:50:32.554] [main/DEBUG] [net.minecraftforge.fml.loading.moddiscovery.ModFileParser/LOADING]: Considering mod file candidate /workspaces/refactored-adventure/servidor_minecraft/libraries/net/minecraftforge/forge/1.19.2-43.4.2/forge-1.19.2-43.4.2-universal.jar
[11Apr2025 16:50:32.555] [main/DEBUG] [net.minecraftforge.fml.loading.moddiscovery.ModFileInfo/LOADING]: Found valid mod file forge-1.19.2-43.4.2-universal.jar with {forge} mods - versions {43.4.2}
[11Apr2025 16:50:32.555] [main/DEBUG] [net.minecraftforge.fml.loading.moddiscovery.ModFile/LOADING]: Loading mod file /workspaces/refactored-adventure/servidor_minecraft/libraries/net/minecraftforge/forge/1.19.2-43.4.2/forge-1.19.2-43.4.2-universal.jar with languages [LanguageSpec[languageName=javafml, acceptedVersions=[24,]]]
[11Apr2025 16:50:32.555] [main/DEBUG] [net.minecraftforge.fml.loading.moddiscovery.ModFileParser/LOADING]: Found coremod field_to_method with Javascript path coremods/field_to_method.js
[11Apr2025 16:50:32.555] [main/DEBUG] [net.minecraftforge.fml.loading.moddiscovery.ModFileParser/LOADING]: Found coremod field_to_instanceof with Javascript path coremods/field_to_instanceof.js
[11Apr2025 16:50:32.555] [main/DEBUG] [net.minecraftforge.fml.loading.moddiscovery.ModFileParser/LOADING]: Found coremod add_bouncer_method with Javascript path coremods/add_bouncer_method.js
[11Apr2025 16:50:32.556] [main/DEBUG] [net.minecraftforge.fml.loading.moddiscovery.ModFile/LOADING]: Found coremod coremods/field_to_method.js
[11Apr2025 16:50:32.556] [main/DEBUG] [net.minecraftforge.fml.loading.moddiscovery.ModFile/LOADING]: Found coremod coremods/field_to_instanceof.js
[11Apr2025 16:50:32.556] [main/DEBUG] [net.minecraftforge.fml.loading.moddiscovery.ModFile/LOADING]: Found coremod coremods/add_bouncer_method.js
[11Apr2025 16:50:32.556] [main/DEBUG] [net.minecraftforge.fml.loading.moddiscovery.ModFileParser/LOADING]: Considering mod file candidate 
[11Apr2025 16:50:32.556] [main/DEBUG] [net.minecraftforge.fml.loading.moddiscovery.ModFileInfo/LOADING]: Found valid mod file expandability-forge-7.0.0.jar with {expandability} mods - versions {7.0.0}
[11Apr2025 16:50:32.557] [main/DEBUG] [net.minecraftforge.fml.loading.moddiscovery.ModFile/LOADING]: Loading mod file  with languages [LanguageSpec[languageName=javafml, acceptedVersions=[41,)]]
[11Apr2025 16:50:32.557] [main/DEBUG] [net.minecraftforge.fml.loading.moddiscovery.ModFileParser/LOADING]: Considering mod file candidate /workspaces/refactored-adventure/servidor_minecraft/mods/geckolib-forge-1.19-3.1.40.jar
[11Apr2025 16:50:32.557] [main/DEBUG] [net.minecraftforge.fml.loading.moddiscovery.ModFileInfo/LOADING]: Found valid mod file geckolib-forge-1.19-3.1.40.jar with {geckolib3} mods - versions {3.1.40}
[11Apr2025 16:50:32.557] [main/DEBUG] [net.minecraftforge.fml.loading.moddiscovery.ModFile/LOADING]: Loading mod file /workspaces/refactored-adventure/servidor_minecraft/mods/geckolib-forge-1.19-3.1.40.jar with languages [LanguageSpec[languageName=javafml, acceptedVersions=[41,)]]
[11Apr2025 16:50:32.557] [main/DEBUG] [net.minecraftforge.fml.loading.moddiscovery.ModFileParser/LOADING]: Considering mod file candidate /workspaces/refactored-adventure/servidor_minecraft/mods/PlayerRevive_FORGE_v2.0.14_mc1.19.2.jar
[11Apr2025 16:50:32.558] [main/DEBUG] [net.minecraftforge.fml.loading.moddiscovery.ModFileInfo/LOADING]: Found valid mod file PlayerRevive_FORGE_v2.0.14_mc1.19.2.jar with {playerrevive} mods - versions {2.0.14}
[11Apr2025 16:50:32.558] [main/DEBUG] [net.minecraftforge.fml.loading.moddiscovery.ModFile/LOADING]: Loading mod file /workspaces/refactored-adventure/servidor_minecraft/mods/PlayerRevive_FORGE_v2.0.14_mc1.19.2.jar with languages [LanguageSpec[languageName=javafml, acceptedVersions=[24,)]]
[11Apr2025 16:50:32.558] [main/DEBUG] [net.minecraftforge.fml.loading.moddiscovery.ModFile/LOADING]: Loading mod file  with languages []
[11Apr2025 16:50:32.558] [main/DEBUG] [net.minecraftforge.fml.loading.moddiscovery.ModFile/LOADING]: Loading mod file  with languages []
[11Apr2025 16:50:32.558] [main/DEBUG] [net.minecraftforge.fml.loading.moddiscovery.ModFile/LOADING]: Loading mod file  with languages []
[11Apr2025 16:50:32.559] [main/DEBUG] [net.minecraftforge.fml.loading.moddiscovery.ModFile/LOADING]: Loading mod file  with languages []
[11Apr2025 16:50:32.561] [main/DEBUG] [cpw.mods.modlauncher.TransformationServiceDecorator/MODLAUNCHER]: End scan trigger - transformation service fml
[11Apr2025 16:50:32.596] [main/DEBUG] [net.minecraftforge.fml.loading.LanguageLoadingProvider/CORE]: Found 3 language providers
[11Apr2025 16:50:32.597] [main/DEBUG] [net.minecraftforge.fml.loading.LanguageLoadingProvider/CORE]: Found language provider minecraft, version 1.0
[11Apr2025 16:50:32.599] [main/DEBUG] [net.minecraftforge.fml.loading.LanguageLoadingProvider/CORE]: Found language provider lowcodefml, version 43
[11Apr2025 16:50:32.599] [main/DEBUG] [net.minecraftforge.fml.loading.LanguageLoadingProvider/CORE]: Found language provider javafml, version 43
[11Apr2025 16:50:32.609] [main/DEBUG] [net.minecraftforge.fml.loading.ModSorter/]: Configured system mods: [minecraft, forge]
[11Apr2025 16:50:32.609] [main/DEBUG] [net.minecraftforge.fml.loading.ModSorter/]: Found system mod: minecraft
[11Apr2025 16:50:32.609] [main/DEBUG] [net.minecraftforge.fml.loading.ModSorter/]: Found system mod: forge
[11Apr2025 16:50:32.615] [main/DEBUG] [net.minecraftforge.fml.loading.ModSorter/LOADING]: Found 33 mod requirements (33 mandatory, 0 optional)
[11Apr2025 16:50:32.616] [main/DEBUG] [net.minecraftforge.fml.loading.ModSorter/LOADING]: Found 0 mod requirements missing (0 mandatory, 0 optional)
[11Apr2025 16:50:33.317] [main/DEBUG] [cpw.mods.modlauncher.TransformationServicesHandler/MODLAUNCHER]: Transformation services loading transformers
[11Apr2025 16:50:33.319] [main/DEBUG] [cpw.mods.modlauncher.TransformationServiceDecorator/MODLAUNCHER]: Initializing transformers for transformation service mixin
[11Apr2025 16:50:33.320] [main/DEBUG] [cpw.mods.modlauncher.TransformationServiceDecorator/MODLAUNCHER]: Initialized transformers for transformation service mixin
[11Apr2025 16:50:33.321] [main/DEBUG] [cpw.mods.modlauncher.TransformationServiceDecorator/MODLAUNCHER]: Initializing transformers for transformation service OptiFine
[11Apr2025 16:50:33.321] [main/INFO] [optifine.OptiFineTransformationService/]: OptiFineTransformationService.transformers
[11Apr2025 16:50:33.335] [main/INFO] [optifine.OptiFineTransformer/]: Targets: 384
[11Apr2025 16:50:33.339] [main/DEBUG] [cpw.mods.modlauncher.TransformStore/MODLAUNCHER]: Adding transformer optifine.OptiFineTransformer@36fc05ff to Target : PRE_CLASS {Lnet/minecraft/client/multiplayer/ClientChunkCache$Storage;} {} {V}
[11Apr2025 16:50:33.340] [main/DEBUG] [cpw.mods.modlauncher.TransformStore/MODLAUNCHER]: Adding transformer optifine.OptiFineTransformer@36fc05ff to Target : PRE_CLASS {Lnet/minecraft/client/renderer/LevelRenderer$RenderInfoMap;} {} {V}
[11Apr2025 16:50:33.340] [main/DEBUG] [cpw.mods.modlauncher.TransformStore/MODLAUNCHER]: Adding transformer optifine.OptiFineTransformer@36fc05ff to Target : PRE_CLASS {Lnet/minecraft/client/renderer/entity/layers/SlimeOuterLayer;} {} {V}
[11Apr2025 16:50:33.340] [main/DEBUG] [cpw.mods.modlauncher.TransformStore/MODLAUNCHER]: Adding transformer optifine.OptiFineTransformer@36fc05ff to Target : PRE_CLASS {Lcom/mojang/blaze3d/vertex/BufferBuilder;} {} {V}
[11Apr2025 16:50:33.340] [main/DEBUG] [cpw.mods.modlauncher.TransformStore/MODLAUNCHER]: Adding transformer optifine.OptiFineTransformer@36fc05ff to Target : PRE_CLASS {Lnet/minecraft/client/renderer/entity/layers/EyesLayer;} {} {V}
[11Apr2025 16:50:33.340] [main/DEBUG] [cpw.mods.modlauncher.TransformStore/MODLAUNCHER]: Adding transformer optifine.OptiFineTransformer@36fc05ff to Target : PRE_CLASS {Lcom/mojang/blaze3d/platform/PngInfo$StbReaderBufferedChannel;} {} {V}
[11Apr2025 16:50:33.341] [main/DEBUG] [cpw.mods.modlauncher.TransformStore/MODLAUNCHER]: Adding transformer optifine.OptiFineTransformer@36fc05ff to Target : PRE_CLASS {Lnet/minecraft/Util$1;} {} {V}
[11Apr2025 16:50:33.341] [main/DEBUG] [cpw.mods.modlauncher.TransformStore/MODLAUNCHER]: Adding transformer optifine.OptiFineTransformer@36fc05ff to Target : PRE_CLASS {Lnet/minecraft/client/gui/font/providers/BitmapProvider$Glyph;} {} {V}
[11Apr2025 16:50:33.341] [main/DEBUG] [cpw.mods.modlauncher.TransformStore/MODLAUNCHER]: Adding transformer optifine.OptiFineTransformer@36fc05ff to Target : PRE_CLASS {Lnet/minecraft/world/level/entity/EntitySectionStorage;} {} {V}
[11Apr2025 16:50:33.341] [main/DEBUG] [cpw.mods.modlauncher.TransformStore/MODLAUNCHER]: Adding transformer optifine.OptiFineTransformer@36fc05ff to Target : PRE_CLASS {Lcom/mojang/blaze3d/vertex/VertexConsumer;} {} {V}
[11Apr2025 16:50:33.341] [main/DEBUG] [cpw.mods.modlauncher.TransformStore/MODLAUNCHER]: Adding transformer optifine.OptiFineTransformer@36fc05ff to Target : PRE_CLASS {Lnet/minecraft/client/renderer/block/ModelBlockRenderer$Cache$1;} {} {V}
[11Apr2025 16:50:33.341] [main/DEBUG] [cpw.mods.modlauncher.TransformStore/MODLAUNCHER]: Adding transformer optifine.OptiFineTransformer@36fc05ff to Target : PRE_CLASS {Lnet/minecraft/Util$OS;} {} {V}
[11Apr2025 16:50:33.341] [main/DEBUG] [cpw.mods.modlauncher.TransformStore/MODLAUNCHER]: Adding transformer optifine.OptiFineTransformer@36fc05ff to Target : PRE_CLASS {Lcom/mojang/blaze3d/systems/RenderSystem$AutoStorageIndexBuffer;} {} {V}
[11Apr2025 16:50:33.342] [main/DEBUG] [cpw.mods.modlauncher.TransformStore/MODLAUNCHER]: Adding transformer optifine.OptiFineTransformer@36fc05ff to Target : PRE_CLASS {Lnet/minecraft/client/gui/font/glyphs/BakedGlyph$Effect;} {} {V}
[11Apr2025 16:50:33.342] [main/DEBUG] [cpw.mods.modlauncher.TransformStore/MODLAUNCHER]: Adding transformer optifine.OptiFineTransformer@36fc05ff to Target : PRE_CLASS {Lnet/minecraft/client/renderer/chunk/RenderRegionCache;} {} {V}
[11Apr2025 16:50:33.342] [main/DEBUG] [cpw.mods.modlauncher.TransformStore/MODLAUNCHER]: Adding transformer optifine.OptiFineTransformer@36fc05ff to Target : PRE_CLASS {Lnet/minecraft/client/resources/model/ModelBakery$ModelGroupKey;} {} {V}
[11Apr2025 16:50:33.342] [main/DEBUG] [cpw.mods.modlauncher.TransformStore/MODLAUNCHER]: Adding transformer optifine.OptiFineTransformer@36fc05ff to Target : PRE_CLASS {Lnet/minecraft/world/level/block/entity/BlockEntity;} {} {V}
[11Apr2025 16:50:33.342] [main/DEBUG] [cpw.mods.modlauncher.TransformStore/MODLAUNCHER]: Adding transformer optifine.OptiFineTransformer@36fc05ff to Target : PRE_CLASS {Lcom/mojang/blaze3d/vertex/BufferBuilder$1;} {} {V}
[11Apr2025 16:50:33.342] [main/DEBUG] [cpw.mods.modlauncher.TransformStore/MODLAUNCHER]: Adding transformer optifine.OptiFineTransformer@36fc05ff to Target : PRE_CLASS {Lcom/mojang/blaze3d/vertex/BufferBuilder$SortState;} {} {V}
[11Apr2025 16:50:33.342] [main/DEBUG] [cpw.mods.modlauncher.TransformStore/MODLAUNCHER]: Adding transformer optifine.OptiFineTransformer@36fc05ff to Target : PRE_CLASS {Lnet/minecraft/client/gui/MapRenderer;} {} {V}
[11Apr2025 16:50:33.343] [main/DEBUG] [cpw.mods.modlauncher.TransformStore/MODLAUNCHER]: Adding transformer optifine.OptiFineTransformer@36fc05ff to Target : PRE_CLASS {Lnet/minecraft/client/resources/model/ModelBakery;} {} {V}
[11Apr2025 16:50:33.343] [main/DEBUG] [cpw.mods.modlauncher.TransformStore/MODLAUNCHER]: Adding transformer optifine.OptiFineTransformer@36fc05ff to Target : PRE_CLASS {Lnet/minecraft/client/OptionInstance$CycleableValueSet;} {} {V}
[11Apr2025 16:50:33.343] [main/DEBUG] [cpw.mods.modlauncher.TransformStore/MODLAUNCHER]: Adding transformer optifine.OptiFineTransformer@36fc05ff to Target : PRE_CLASS {Lnet/minecraft/client/renderer/texture/TextureAtlas$Preparations;} {} {V}
[11Apr2025 16:50:33.343] [main/DEBUG] [cpw.mods.modlauncher.TransformStore/MODLAUNCHER]: Adding transformer optifine.OptiFineTransformer@36fc05ff to Target : PRE_CLASS {Lnet/minecraft/client/gui/screens/TitleScreen$WarningLabel;} {} {V}
[11Apr2025 16:50:33.345] [main/DEBUG] [cpw.mods.modlauncher.TransformStore/MODLAUNCHER]: Adding transformer optifine.OptiFineTransformer@36fc05ff to Target : PRE_CLASS {Lnet/minecraft/client/renderer/MultiBufferSource;} {} {V}
[11Apr2025 16:50:33.345] [main/DEBUG] [cpw.mods.modlauncher.TransformStore/MODLAUNCHER]: Adding transformer optifine.OptiFineTransformer@36fc05ff to Target : PRE_CLASS {Lnet/minecraft/client/Camera$NearPlane;} {} {V}
[11Apr2025 16:50:33.345] [main/DEBUG] [cpw.mods.modlauncher.TransformStore/MODLAUNCHER]: Adding transformer optifine.OptiFineTransformer@36fc05ff to Target : PRE_CLASS {Lnet/minecraft/client/Options$1;} {} {V}
[11Apr2025 16:50:33.345] [main/DEBUG] [cpw.mods.modlauncher.TransformStore/MODLAUNCHER]: Adding transformer optifine.OptiFineTransformer@36fc05ff to Target : PRE_CLASS {Lnet/minecraft/client/renderer/texture/TextureAtlasSprite$InterpolationData;} {} {V}
[11Apr2025 16:50:33.346] [main/DEBUG] [cpw.mods.modlauncher.TransformStore/MODLAUNCHER]: Adding transformer optifine.OptiFineTransformer@36fc05ff to Target : PRE_CLASS {Lnet/minecraft/client/renderer/RenderType;} {} {V}
[11Apr2025 16:50:33.346] [main/DEBUG] [cpw.mods.modlauncher.TransformStore/MODLAUNCHER]: Adding transformer optifine.OptiFineTransformer@36fc05ff to Target : PRE_CLASS {Lnet/minecraft/client/renderer/entity/ItemRenderer;} {} {V}
[11Apr2025 16:50:33.347] [main/DEBUG] [cpw.mods.modlauncher.TransformStore/MODLAUNCHER]: Adding transformer optifine.OptiFineTransformer@36fc05ff to Target : PRE_CLASS {Lcom/mojang/blaze3d/platform/GlDebug;} {} {V}
[11Apr2025 16:50:33.347] [main/DEBUG] [cpw.mods.modlauncher.TransformStore/MODLAUNCHER]: Adding transformer optifine.OptiFineTransformer@36fc05ff to Target : PRE_CLASS {Lnet/minecraft/client/renderer/entity/layers/MushroomCowMushroomLayer;} {} {V}
[11Apr2025 16:50:33.347] [main/DEBUG] [cpw.mods.modlauncher.TransformStore/MODLAUNCHER]: Adding transformer optifine.OptiFineTransformer@36fc05ff to Target : PRE_CLASS {Lnet/minecraft/world/entity/Mob;} {} {V}
[11Apr2025 16:50:33.348] [main/DEBUG] [cpw.mods.modlauncher.TransformStore/MODLAUNCHER]: Adding transformer optifine.OptiFineTransformer@36fc05ff to Target : PRE_CLASS {Lnet/minecraft/client/renderer/RenderStateShard$BooleanStateShard;} {} {V}
[11Apr2025 16:50:33.348] [main/DEBUG] [cpw.mods.modlauncher.TransformStore/MODLAUNCHER]: Adding transformer optifine.OptiFineTransformer@36fc05ff to Target : PRE_CLASS {Lcom/mojang/blaze3d/vertex/VertexBuffer;} {} {V}
[11Apr2025 16:50:33.349] [main/DEBUG] [cpw.mods.modlauncher.TransformStore/MODLAUNCHER]: Adding transformer optifine.OptiFineTransformer@36fc05ff to Target : PRE_CLASS {Lnet/minecraft/client/renderer/entity/layers/HorseArmorLayer;} {} {V}
[11Apr2025 16:50:33.350] [main/DEBUG] [cpw.mods.modlauncher.TransformStore/MODLAUNCHER]: Adding transformer optifine.OptiFineTransformer@36fc05ff to Target : PRE_CLASS {Lnet/minecraft/world/entity/EntityEvent;} {} {V}
[11Apr2025 16:50:33.350] [main/DEBUG] [cpw.mods.modlauncher.TransformStore/MODLAUNCHER]: Adding transformer optifine.OptiFineTransformer@36fc05ff to Target : PRE_CLASS {Lnet/minecraft/client/gui/screens/ReceivingLevelScreen;} {} {V}
[11Apr2025 16:50:33.350] [main/DEBUG] [cpw.mods.modlauncher.TransformStore/MODLAUNCHER]: Adding transformer optifine.OptiFineTransformer@36fc05ff to Target : PRE_CLASS {Lnet/minecraft/client/resources/model/BakedModel;} {} {V}
[11Apr2025 16:50:33.351] [main/DEBUG] [cpw.mods.modlauncher.TransformStore/MODLAUNCHER]: Adding transformer optifine.OptiFineTransformer@36fc05ff to Target : PRE_CLASS {Lnet/minecraft/client/renderer/FogRenderer$MobEffectFogFunction;} {} {V}
[11Apr2025 16:50:33.351] [main/DEBUG] [cpw.mods.modlauncher.TransformStore/MODLAUNCHER]: Adding transformer optifine.OptiFineTransformer@36fc05ff to Target : PRE_CLASS {Lnet/minecraft/world/level/block/state/properties/Property;} {} {V}
[11Apr2025 16:50:33.352] [main/DEBUG] [cpw.mods.modlauncher.TransformStore/MODLAUNCHER]: Adding transformer optifine.OptiFineTransformer@36fc05ff to Target : PRE_CLASS {Lnet/minecraft/client/Options$4;} {} {V}
[11Apr2025 16:50:33.352] [main/DEBUG] [cpw.mods.modlauncher.TransformStore/MODLAUNCHER]: Adding transformer optifine.OptiFineTransformer@36fc05ff to Target : PRE_CLASS {Lnet/minecraft/client/renderer/ScreenEffectRenderer;} {} {V}
[11Apr2025 16:50:33.352] [main/DEBUG] [cpw.mods.modlauncher.TransformStore/MODLAUNCHER]: Adding transformer optifine.OptiFineTransformer@36fc05ff to Target : PRE_CLASS {Lnet/minecraft/client/renderer/texture/TextureAtlasSprite$AnimatedTexture;} {} {V}
[11Apr2025 16:50:33.353] [main/DEBUG] [cpw.mods.modlauncher.TransformStore/MODLAUNCHER]: Adding transformer optifine.OptiFineTransformer@36fc05ff to Target : PRE_CLASS {Lnet/minecraft/world/item/DyeColor;} {} {V}
[11Apr2025 16:50:33.353] [main/DEBUG] [cpw.mods.modlauncher.TransformStore/MODLAUNCHER]: Adding transformer optifine.OptiFineTransformer@36fc05ff to Target : PRE_CLASS {Lnet/minecraft/client/resources/PaintingTextureManager;} {} {V}
[11Apr2025 16:50:33.353] [main/DEBUG] [cpw.mods.modlauncher.TransformStore/MODLAUNCHER]: Adding transformer optifine.OptiFineTransformer@36fc05ff to Target : PRE_CLASS {Lcom/mojang/blaze3d/platform/GlDebug$LogEntry;} {} {V}
[11Apr2025 16:50:33.354] [main/DEBUG] [cpw.mods.modlauncher.TransformStore/MODLAUNCHER]: Adding transformer optifine.OptiFineTransformer@36fc05ff to Target : PRE_CLASS {Lnet/minecraft/client/renderer/GameRenderer;} {} {V}
[11Apr2025 16:50:33.355] [main/DEBUG] [cpw.mods.modlauncher.TransformStore/MODLAUNCHER]: Adding transformer optifine.OptiFineTransformer@36fc05ff to Target : PRE_CLASS {Lcom/mojang/blaze3d/platform/GlStateManager$ColorMask;} {} {V}
[11Apr2025 16:50:33.356] [main/DEBUG] [cpw.mods.modlauncher.TransformStore/MODLAUNCHER]: Adding transformer optifine.OptiFineTransformer@36fc05ff to Target : PRE_CLASS {Lcom/mojang/blaze3d/shaders/Program$Type;} {} {V}
[11Apr2025 16:50:33.356] [main/DEBUG] [cpw.mods.modlauncher.TransformStore/MODLAUNCHER]: Adding transformer optifine.OptiFineTransformer@36fc05ff to Target : PRE_CLASS {Lcom/mojang/blaze3d/systems/RenderSystem;} {} {V}
[11Apr2025 16:50:33.357] [main/DEBUG] [cpw.mods.modlauncher.TransformStore/MODLAUNCHER]: Adding transformer optifine.OptiFineTransformer@36fc05ff to Target : PRE_CLASS {Lnet/minecraft/client/renderer/chunk/VisibilitySet;} {} {V}
[11Apr2025 16:50:33.357] [main/DEBUG] [cpw.mods.modlauncher.TransformStore/MODLAUNCHER]: Adding transformer optifine.OptiFineTransformer@36fc05ff to Target : PRE_CLASS {Lnet/minecraft/server/level/DistanceManager$FixedPlayerDistanceChunkTracker;} {} {V}
[11Apr2025 16:50:33.357] [main/DEBUG] [cpw.mods.modlauncher.TransformStore/MODLAUNCHER]: Adding transformer optifine.OptiFineTransformer@36fc05ff to Target : PRE_CLASS {Lnet/minecraft/client/particle/ParticleEngine;} {} {V}
[11Apr2025 16:50:33.357] [main/DEBUG] [cpw.mods.modlauncher.TransformStore/MODLAUNCHER]: Adding transformer optifine.OptiFineTransformer@36fc05ff to Target : PRE_CLASS {Lnet/minecraft/client/renderer/chunk/VisGraph$1;} {} {V}
[11Apr2025 16:50:33.358] [main/DEBUG] [cpw.mods.modlauncher.TransformStore/MODLAUNCHER]: Adding transformer optifine.OptiFineTransformer@36fc05ff to Target : PRE_CLASS {Lnet/minecraft/client/model/geom/ModelPart$Cube;} {} {V}
[11Apr2025 16:50:33.358] [main/DEBUG] [cpw.mods.modlauncher.TransformStore/MODLAUNCHER]: Adding transformer optifine.OptiFineTransformer@36fc05ff to Target : PRE_CLASS {Lnet/minecraft/Util$4;} {} {V}
[11Apr2025 16:50:33.358] [main/DEBUG] [cpw.mods.modlauncher.TransformStore/MODLAUNCHER]: Adding transformer optifine.OptiFineTransformer@36fc05ff to Target : PRE_CLASS {Lnet/minecraft/client/gui/font/glyphs/BakedGlyph;} {} {V}
[11Apr2025 16:50:33.358] [main/DEBUG] [cpw.mods.modlauncher.TransformStore/MODLAUNCHER]: Adding transformer optifine.OptiFineTransformer@36fc05ff to Target : PRE_CLASS {Lnet/minecraft/Util$8;} {} {V}
[11Apr2025 16:50:33.359] [main/DEBUG] [cpw.mods.modlauncher.TransformStore/MODLAUNCHER]: Adding transformer optifine.OptiFineTransformer@36fc05ff to Target : PRE_CLASS {Lnet/minecraft/client/multiplayer/ClientLevel$ClientLevelData;} {} {V}
[11Apr2025 16:50:33.359] [main/DEBUG] [cpw.mods.modlauncher.TransformStore/MODLAUNCHER]: Adding transformer optifine.OptiFineTransformer@36fc05ff to Target : PRE_CLASS {Lnet/minecraft/Util$3;} {} {V}
[11Apr2025 16:50:33.359] [main/DEBUG] [cpw.mods.modlauncher.TransformStore/MODLAUNCHER]: Adding transformer optifine.OptiFineTransformer@36fc05ff to Target : PRE_CLASS {Lnet/minecraft/client/renderer/texture/TextureAtlasSprite$Info;} {} {V}
[11Apr2025 16:50:33.360] [main/DEBUG] [cpw.mods.modlauncher.TransformStore/MODLAUNCHER]: Adding transformer optifine.OptiFineTransformer@36fc05ff to Target : PRE_CLASS {Lnet/minecraft/client/renderer/ViewArea;} {} {V}
[11Apr2025 16:50:33.360] [main/DEBUG] [cpw.mods.modlauncher.TransformStore/MODLAUNCHER]: Adding transformer optifine.OptiFineTransformer@36fc05ff to Target : PRE_CLASS {Lnet/minecraft/client/renderer/block/ModelBlockRenderer$AdjacencyInfo;} {} {V}
[11Apr2025 16:50:33.361] [main/DEBUG] [cpw.mods.modlauncher.TransformStore/MODLAUNCHER]: Adding transformer optifine.OptiFineTransformer@36fc05ff to Target : PRE_CLASS {Lnet/minecraft/client/gui/components/CycleButton$Builder;} {} {V}
[11Apr2025 16:50:33.361] [main/DEBUG] [cpw.mods.modlauncher.TransformStore/MODLAUNCHER]: Adding transformer optifine.OptiFineTransformer@36fc05ff to Target : PRE_CLASS {Lnet/minecraft/client/renderer/texture/AbstractTexture;} {} {V}
[11Apr2025 16:50:33.361] [main/DEBUG] [cpw.mods.modlauncher.TransformStore/MODLAUNCHER]: Adding transformer optifine.OptiFineTransformer@36fc05ff to Target : PRE_CLASS {Lnet/minecraft/client/renderer/MultiBufferSource$BufferSource;} {} {V}
[11Apr2025 16:50:33.361] [main/DEBUG] [cpw.mods.modlauncher.TransformStore/MODLAUNCHER]: Adding transformer optifine.OptiFineTransformer@36fc05ff to Target : PRE_CLASS {Lnet/minecraft/client/resources/model/Material;} {} {V}
[11Apr2025 16:50:33.361] [main/DEBUG] [cpw.mods.modlauncher.TransformStore/MODLAUNCHER]: Adding transformer optifine.OptiFineTransformer@36fc05ff to Target : PRE_CLASS {Lcom/mojang/blaze3d/platform/PngInfo;} {} {V}
[11Apr2025 16:50:33.362] [main/DEBUG] [cpw.mods.modlauncher.TransformStore/MODLAUNCHER]: Adding transformer optifine.OptiFineTransformer@36fc05ff to Target : PRE_CLASS {Lnet/minecraft/client/GuiMessage;} {} {V}
[11Apr2025 16:50:33.362] [main/DEBUG] [cpw.mods.modlauncher.TransformStore/MODLAUNCHER]: Adding transformer optifine.OptiFineTransformer@36fc05ff to Target : PRE_CLASS {Lnet/minecraft/client/renderer/entity/TntMinecartRenderer;} {} {V}
[11Apr2025 16:50:33.363] [main/DEBUG] [cpw.mods.modlauncher.TransformStore/MODLAUNCHER]: Adding transformer optifine.OptiFineTransformer@36fc05ff to Target : PRE_CLASS {Lnet/minecraft/client/renderer/texture/Stitcher$SpriteLoader;} {} {V}
[11Apr2025 16:50:33.363] [main/DEBUG] [cpw.mods.modlauncher.TransformStore/MODLAUNCHER]: Adding transformer optifine.OptiFineTransformer@36fc05ff to Target : PRE_CLASS {Lnet/minecraft/client/resources/language/ClientLanguage;} {} {V}
[11Apr2025 16:50:33.363] [main/DEBUG] [cpw.mods.modlauncher.TransformStore/MODLAUNCHER]: Adding transformer optifine.OptiFineTransformer@36fc05ff to Target : PRE_CLASS {Lnet/minecraft/client/model/ModelUtils;} {} {V}
[11Apr2025 16:50:33.363] [main/DEBUG] [cpw.mods.modlauncher.TransformStore/MODLAUNCHER]: Adding transformer optifine.OptiFineTransformer@36fc05ff to Target : PRE_CLASS {Lnet/minecraft/client/GuiMessage$Line;} {} {V}
[11Apr2025 16:50:33.363] [main/DEBUG] [cpw.mods.modlauncher.TransformStore/MODLAUNCHER]: Adding transformer optifine.OptiFineTransformer@36fc05ff to Target : PRE_CLASS {Lcom/mojang/blaze3d/vertex/VertexFormatElement$Type;} {} {V}
[11Apr2025 16:50:33.364] [main/DEBUG] [cpw.mods.modlauncher.TransformStore/MODLAUNCHER]: Adding transformer optifine.OptiFineTransformer@36fc05ff to Target : PRE_CLASS {Lnet/minecraft/resources/ResourceLocation$Serializer;} {} {V}
[11Apr2025 16:50:33.368] [main/DEBUG] [cpw.mods.modlauncher.TransformStore/MODLAUNCHER]: Adding transformer optifine.OptiFineTransformer@36fc05ff to Target : PRE_CLASS {Lnet/minecraft/client/particle/ParticleEngine$SpriteParticleRegistration;} {} {V}
[11Apr2025 16:50:33.368] [main/DEBUG] [cpw.mods.modlauncher.TransformStore/MODLAUNCHER]: Adding transformer optifine.OptiFineTransformer@36fc05ff to Target : PRE_CLASS {Lnet/minecraft/client/renderer/chunk/RenderChunk;} {} {V}
[11Apr2025 16:50:33.369] [main/DEBUG] [cpw.mods.modlauncher.TransformStore/MODLAUNCHER]: Adding transformer optifine.OptiFineTransformer@36fc05ff to Target : PRE_CLASS {Lnet/minecraft/client/gui/screens/LoadingOverlay$LogoTexture;} {} {V}
[11Apr2025 16:50:33.369] [main/DEBUG] [cpw.mods.modlauncher.TransformStore/MODLAUNCHER]: Adding transformer optifine.OptiFineTransformer@36fc05ff to Target : PRE_CLASS {Lnet/minecraft/client/renderer/texture/DynamicTexture;} {} {V}
[11Apr2025 16:50:33.369] [main/DEBUG] [cpw.mods.modlauncher.TransformStore/MODLAUNCHER]: Adding transformer optifine.OptiFineTransformer@36fc05ff to Target : PRE_CLASS {Lnet/minecraft/client/renderer/RenderStateShard$OverlayStateShard;} {} {V}
[11Apr2025 16:50:33.369] [main/DEBUG] [cpw.mods.modlauncher.TransformStore/MODLAUNCHER]: Adding transformer optifine.OptiFineTransformer@36fc05ff to Target : PRE_CLASS {Lnet/minecraft/server/level/ChunkMap$1;} {} {V}
[11Apr2025 16:50:33.369] [main/DEBUG] [cpw.mods.modlauncher.TransformStore/MODLAUNCHER]: Adding transformer optifine.OptiFineTransformer@36fc05ff to Target : PRE_CLASS {Lcom/mojang/blaze3d/platform/PngInfo$StbReader;} {} {V}
[11Apr2025 16:50:33.369] [main/DEBUG] [cpw.mods.modlauncher.TransformStore/MODLAUNCHER]: Adding transformer optifine.OptiFineTransformer@36fc05ff to Target : PRE_CLASS {Lcom/mojang/blaze3d/vertex/VertexFormatElement$Usage;} {} {V}
[11Apr2025 16:50:33.369] [main/DEBUG] [cpw.mods.modlauncher.TransformStore/MODLAUNCHER]: Adding transformer optifine.OptiFineTransformer@36fc05ff to Target : PRE_CLASS {Lnet/minecraft/client/resources/metadata/animation/AnimationMetadataSection$1;} {} {V}
[11Apr2025 16:50:33.369] [main/DEBUG] [cpw.mods.modlauncher.TransformStore/MODLAUNCHER]: Adding transformer optifine.OptiFineTransformer@36fc05ff to Target : PRE_CLASS {Lnet/minecraft/client/renderer/BlockEntityWithoutLevelRenderer;} {} {V}
[11Apr2025 16:50:33.369] [main/DEBUG] [cpw.mods.modlauncher.TransformStore/MODLAUNCHER]: Adding transformer optifine.OptiFineTransformer@36fc05ff to Target : PRE_CLASS {Lnet/minecraft/client/renderer/entity/MobRenderer;} {} {V}
[11Apr2025 16:50:33.370] [main/DEBUG] [cpw.mods.modlauncher.TransformStore/MODLAUNCHER]: Adding transformer optifine.OptiFineTransformer@36fc05ff to Target : PRE_CLASS {Lnet/minecraft/client/ClientTelemetryManager$PlayerInfo;} {} {V}
[11Apr2025 16:50:33.370] [main/DEBUG] [cpw.mods.modlauncher.TransformStore/MODLAUNCHER]: Adding transformer optifine.OptiFineTransformer@36fc05ff to Target : PRE_CLASS {Lnet/minecraft/client/renderer/texture/TextureAtlas;} {} {V}
[11Apr2025 16:50:33.370] [main/DEBUG] [cpw.mods.modlauncher.TransformStore/MODLAUNCHER]: Adding transformer optifine.OptiFineTransformer@36fc05ff to Target : PRE_CLASS {Lnet/minecraft/client/renderer/texture/TextureAtlasSprite$FrameInfo;} {} {V}
[11Apr2025 16:50:33.370] [main/DEBUG] [cpw.mods.modlauncher.TransformStore/MODLAUNCHER]: Adding transformer optifine.OptiFineTransformer@36fc05ff to Target : PRE_CLASS {Lnet/minecraft/client/renderer/RenderType$CompositeState$CompositeStateBuilder;} {} {V}
[11Apr2025 16:50:33.370] [main/DEBUG] [cpw.mods.modlauncher.TransformStore/MODLAUNCHER]: Adding transformer optifine.OptiFineTransformer@36fc05ff to Target : PRE_CLASS {Lnet/minecraft/client/Options$2;} {} {V}
[11Apr2025 16:50:33.370] [main/DEBUG] [cpw.mods.modlauncher.TransformStore/MODLAUNCHER]: Adding transformer optifine.OptiFineTransformer@36fc05ff to Target : PRE_CLASS {Lnet/minecraft/client/Screenshot;} {} {V}
[11Apr2025 16:50:33.371] [main/DEBUG] [cpw.mods.modlauncher.TransformStore/MODLAUNCHER]: Adding transformer optifine.OptiFineTransformer@36fc05ff to Target : PRE_CLASS {Lnet/minecraft/client/renderer/ShaderInstance;} {} {V}
[11Apr2025 16:50:33.371] [main/DEBUG] [cpw.mods.modlauncher.TransformStore/MODLAUNCHER]: Adding transformer optifine.OptiFineTransformer@36fc05ff to Target : PRE_CLASS {Lcom/mojang/blaze3d/platform/Window$WindowInitFailed;} {} {V}
[11Apr2025 16:50:33.371] [main/DEBUG] [cpw.mods.modlauncher.TransformStore/MODLAUNCHER]: Adding transformer optifine.OptiFineTransformer@36fc05ff to Target : PRE_CLASS {Lnet/minecraft/client/gui/font/providers/BitmapProvider$Builder;} {} {V}
[11Apr2025 16:50:33.372] [main/DEBUG] [cpw.mods.modlauncher.TransformStore/MODLAUNCHER]: Adding transformer optifine.OptiFineTransformer@36fc05ff to Target : PRE_CLASS {Lnet/minecraft/client/renderer/texture/HttpTexture;} {} {V}
[11Apr2025 16:50:33.372] [main/DEBUG] [cpw.mods.modlauncher.TransformStore/MODLAUNCHER]: Adding transformer optifine.OptiFineTransformer@36fc05ff to Target : PRE_CLASS {Lcom/mojang/blaze3d/platform/PngInfo$StbReaderSeekableByteChannel;} {} {V}
[11Apr2025 16:50:33.372] [main/DEBUG] [cpw.mods.modlauncher.TransformStore/MODLAUNCHER]: Adding transformer optifine.OptiFineTransformer@36fc05ff to Target : PRE_CLASS {Lnet/minecraft/client/renderer/ItemInHandRenderer$1;} {} {V}
[11Apr2025 16:50:33.372] [main/DEBUG] [cpw.mods.modlauncher.TransformStore/MODLAUNCHER]: Adding transformer optifine.OptiFineTransformer@36fc05ff to Target : PRE_CLASS {Lnet/minecraft/core/Direction$Axis$1;} {} {V}
[11Apr2025 16:50:33.372] [main/DEBUG] [cpw.mods.modlauncher.TransformStore/MODLAUNCHER]: Adding transformer optifine.OptiFineTransformer@36fc05ff to Target : PRE_CLASS {Lnet/minecraft/core/Direction;} {} {V}
[11Apr2025 16:50:33.372] [main/DEBUG] [cpw.mods.modlauncher.TransformStore/MODLAUNCHER]: Adding transformer optifine.OptiFineTransformer@36fc05ff to Target : PRE_CLASS {Lnet/minecraft/client/renderer/chunk/ChunkRenderDispatcher$RenderChunk$RebuildTask$CompileResults;} {} {V}
[11Apr2025 16:50:33.373] [main/DEBUG] [cpw.mods.modlauncher.TransformStore/MODLAUNCHER]: Adding transformer optifine.OptiFineTransformer@36fc05ff to Target : PRE_CLASS {Lnet/minecraft/network/protocol/PacketUtils;} {} {V}
[11Apr2025 16:50:33.373] [main/DEBUG] [cpw.mods.modlauncher.TransformStore/MODLAUNCHER]: Adding transformer optifine.OptiFineTransformer@36fc05ff to Target : PRE_CLASS {Lnet/minecraft/world/level/block/state/BlockState;} {} {V}
[11Apr2025 16:50:33.373] [main/DEBUG] [cpw.mods.modlauncher.TransformStore/MODLAUNCHER]: Adding transformer optifine.OptiFineTransformer@36fc05ff to Target : PRE_CLASS {Lnet/minecraft/client/KeyboardHandler$1;} {} {V}
[11Apr2025 16:50:33.373] [main/DEBUG] [cpw.mods.modlauncher.TransformStore/MODLAUNCHER]: Adding transformer optifine.OptiFineTransformer@36fc05ff to Target : PRE_CLASS {Lnet/minecraft/client/particle/Particle;} {} {V}
[11Apr2025 16:50:33.373] [main/DEBUG] [cpw.mods.modlauncher.TransformStore/MODLAUNCHER]: Adding transformer optifine.OptiFineTransformer@36fc05ff to Target : PRE_CLASS {Lnet/minecraft/client/OptionInstance$IntRangeBase$1;} {} {V}
[11Apr2025 16:50:33.373] [main/DEBUG] [cpw.mods.modlauncher.TransformStore/MODLAUNCHER]: Adding transformer optifine.OptiFineTransformer@36fc05ff to Target : PRE_CLASS {Lnet/minecraft/client/renderer/RenderStateShard$TextureStateShard;} {} {V}
[11Apr2025 16:50:33.374] [main/DEBUG] [cpw.mods.modlauncher.TransformStore/MODLAUNCHER]: Adding transformer optifine.OptiFineTransformer@36fc05ff to Target : PRE_CLASS {Lnet/minecraft/client/renderer/LightTexture;} {} {V}
[11Apr2025 16:50:33.374] [main/DEBUG] [cpw.mods.modlauncher.TransformStore/MODLAUNCHER]: Adding transformer optifine.OptiFineTransformer@36fc05ff to Target : PRE_CLASS {Lnet/minecraft/client/renderer/chunk/RenderChunkRegion;} {} {V}
[11Apr2025 16:50:33.374] [main/DEBUG] [cpw.mods.modlauncher.TransformStore/MODLAUNCHER]: Adding transformer optifine.OptiFineTransformer@36fc05ff to Target : PRE_CLASS {Lnet/minecraft/client/renderer/debug/ChunkBorderRenderer;} {} {V}
[11Apr2025 16:50:33.374] [main/DEBUG] [cpw.mods.modlauncher.TransformStore/MODLAUNCHER]: Adding transformer optifine.OptiFineTransformer@36fc05ff to Target : PRE_CLASS {Lnet/minecraft/client/renderer/entity/EntityRenderDispatcher;} {} {V}
[11Apr2025 16:50:33.374] [main/DEBUG] [cpw.mods.modlauncher.TransformStore/MODLAUNCHER]: Adding transformer optifine.OptiFineTransformer@36fc05ff to Target : PRE_CLASS {Lnet/minecraft/util/valueproviders/ConstantFloat;} {} {V}
[11Apr2025 16:50:33.374] [main/DEBUG] [cpw.mods.modlauncher.TransformStore/MODLAUNCHER]: Adding transformer optifine.OptiFineTransformer@36fc05ff to Target : PRE_CLASS {Lnet/minecraft/client/OptionInstance$CaptionBasedToString;} {} {V}
[11Apr2025 16:50:33.374] [main/DEBUG] [cpw.mods.modlauncher.TransformStore/MODLAUNCHER]: Adding transformer optifine.OptiFineTransformer@36fc05ff to Target : PRE_CLASS {Lnet/minecraft/client/renderer/RenderType$CompositeRenderType;} {} {V}
[11Apr2025 16:50:33.374] [main/DEBUG] [cpw.mods.modlauncher.TransformStore/MODLAUNCHER]: Adding transformer optifine.OptiFineTransformer@36fc05ff to Target : PRE_CLASS {Lnet/minecraft/client/renderer/chunk/ChunkRenderDispatcher$RenderChunk;} {} {V}
[11Apr2025 16:50:33.375] [main/DEBUG] [cpw.mods.modlauncher.TransformStore/MODLAUNCHER]: Adding transformer optifine.OptiFineTransformer@36fc05ff to Target : PRE_CLASS {Lnet/minecraft/core/Direction$1;} {} {V}
[11Apr2025 16:50:33.375] [main/DEBUG] [cpw.mods.modlauncher.TransformStore/MODLAUNCHER]: Adding transformer optifine.OptiFineTransformer@36fc05ff to Target : PRE_CLASS {Lnet/minecraft/client/renderer/RenderStateShard;} {} {V}
[11Apr2025 16:50:33.375] [main/DEBUG] [cpw.mods.modlauncher.TransformStore/MODLAUNCHER]: Adding transformer optifine.OptiFineTransformer@36fc05ff to Target : PRE_CLASS {Lnet/minecraft/client/renderer/block/model/ItemOverrides$BakedOverride;} {} {V}
[11Apr2025 16:50:33.375] [main/DEBUG] [cpw.mods.modlauncher.TransformStore/MODLAUNCHER]: Adding transformer optifine.OptiFineTransformer@36fc05ff to Target : PRE_CLASS {Lcom/mojang/blaze3d/platform/GlStateManager$Viewport;} {} {V}
[11Apr2025 16:50:33.375] [main/DEBUG] [cpw.mods.modlauncher.TransformStore/MODLAUNCHER]: Adding transformer optifine.OptiFineTransformer@36fc05ff to Target : PRE_CLASS {Lnet/minecraft/client/renderer/entity/layers/CatCollarLayer;} {} {V}
[11Apr2025 16:50:33.375] [main/DEBUG] [cpw.mods.modlauncher.TransformStore/MODLAUNCHER]: Adding transformer optifine.OptiFineTransformer@36fc05ff to Target : PRE_CLASS {Lnet/minecraft/CrashReport;} {} {V}
[11Apr2025 16:50:33.375] [main/DEBUG] [cpw.mods.modlauncher.TransformStore/MODLAUNCHER]: Adding transformer optifine.OptiFineTransformer@36fc05ff to Target : PRE_CLASS {Lnet/minecraft/Util$IdentityStrategy;} {} {V}
[11Apr2025 16:50:33.375] [main/DEBUG] [cpw.mods.modlauncher.TransformStore/MODLAUNCHER]: Adding transformer optifine.OptiFineTransformer@36fc05ff to Target : PRE_CLASS {Lnet/minecraft/client/gui/components/ChatComponent;} {} {V}
[11Apr2025 16:50:33.376] [main/DEBUG] [cpw.mods.modlauncher.TransformStore/MODLAUNCHER]: Adding transformer optifine.OptiFineTransformer@36fc05ff to Target : PRE_CLASS {Lcom/mojang/blaze3d/vertex/VertexMultiConsumer;} {} {V}
[11Apr2025 16:50:33.376] [main/DEBUG] [cpw.mods.modlauncher.TransformStore/MODLAUNCHER]: Adding transformer optifine.OptiFineTransformer@36fc05ff to Target : PRE_CLASS {Lnet/minecraft/client/renderer/RenderStateShard$OffsetTexturingStateShard;} {} {V}
[11Apr2025 16:50:33.376] [main/DEBUG] [cpw.mods.modlauncher.TransformStore/MODLAUNCHER]: Adding transformer optifine.OptiFineTransformer@36fc05ff to Target : PRE_CLASS {Lnet/minecraft/world/level/block/state/properties/Property$Value;} {} {V}
[11Apr2025 16:50:33.376] [main/DEBUG] [cpw.mods.modlauncher.TransformStore/MODLAUNCHER]: Adding transformer optifine.OptiFineTransformer@36fc05ff to Target : PRE_CLASS {Lnet/minecraft/client/gui/screens/LoadingOverlay;} {} {V}
[11Apr2025 16:50:33.376] [main/DEBUG] [cpw.mods.modlauncher.TransformStore/MODLAUNCHER]: Adding transformer optifine.OptiFineTransformer@36fc05ff to Target : PRE_CLASS {Lnet/minecraft/client/gui/Font$DisplayMode;} {} {V}
[11Apr2025 16:50:33.376] [main/DEBUG] [cpw.mods.modlauncher.TransformStore/MODLAUNCHER]: Adding transformer optifine.OptiFineTransformer@36fc05ff to Target : PRE_CLASS {Lnet/minecraft/client/gui/components/DebugScreenOverlay$1;} {} {V}
[11Apr2025 16:50:33.376] [main/DEBUG] [cpw.mods.modlauncher.TransformStore/MODLAUNCHER]: Adding transformer optifine.OptiFineTransformer@36fc05ff to Target : PRE_CLASS {Lnet/minecraft/client/gui/components/CycleButton$ValueListSupplier;} {} {V}
[11Apr2025 16:50:33.377] [main/DEBUG] [cpw.mods.modlauncher.TransformStore/MODLAUNCHER]: Adding transformer optifine.OptiFineTransformer@36fc05ff to Target : PRE_CLASS {Lnet/minecraft/client/renderer/entity/layers/RenderLayer;} {} {V}
[11Apr2025 16:50:33.377] [main/DEBUG] [cpw.mods.modlauncher.TransformStore/MODLAUNCHER]: Adding transformer optifine.OptiFineTransformer@36fc05ff to Target : PRE_CLASS {Lcom/mojang/blaze3d/vertex/VertexFormat;} {} {V}
[11Apr2025 16:50:33.377] [main/DEBUG] [cpw.mods.modlauncher.TransformStore/MODLAUNCHER]: Adding transformer optifine.OptiFineTransformer@36fc05ff to Target : PRE_CLASS {Lcom/mojang/blaze3d/vertex/VertexFormat$IndexType;} {} {V}
[11Apr2025 16:50:33.377] [main/DEBUG] [cpw.mods.modlauncher.TransformStore/MODLAUNCHER]: Adding transformer optifine.OptiFineTransformer@36fc05ff to Target : PRE_CLASS {Lnet/minecraft/client/renderer/block/BlockRenderDispatcher;} {} {V}
[11Apr2025 16:50:33.377] [main/DEBUG] [cpw.mods.modlauncher.TransformStore/MODLAUNCHER]: Adding transformer optifine.OptiFineTransformer@36fc05ff to Target : PRE_CLASS {Lnet/minecraft/client/model/geom/ModelPart$Visitor;} {} {V}
[11Apr2025 16:50:33.378] [main/DEBUG] [cpw.mods.modlauncher.TransformStore/MODLAUNCHER]: Adding transformer optifine.OptiFineTransformer@36fc05ff to Target : PRE_CLASS {Lnet/minecraft/client/renderer/FogRenderer;} {} {V}
[11Apr2025 16:50:33.378] [main/DEBUG] [cpw.mods.modlauncher.TransformStore/MODLAUNCHER]: Adding transformer optifine.OptiFineTransformer@36fc05ff to Target : PRE_CLASS {Lnet/minecraft/world/level/material/MaterialColor$Brightness;} {} {V}
[11Apr2025 16:50:33.378] [main/DEBUG] [cpw.mods.modlauncher.TransformStore/MODLAUNCHER]: Adding transformer optifine.OptiFineTransformer@36fc05ff to Target : PRE_CLASS {Lnet/minecraft/client/gui/components/CycleButton$ValueListSupplier$1;} {} {V}
[11Apr2025 16:50:33.378] [main/DEBUG] [cpw.mods.modlauncher.TransformStore/MODLAUNCHER]: Adding transformer optifine.OptiFineTransformer@36fc05ff to Target : PRE_CLASS {Lnet/minecraft/client/renderer/block/ModelBlockRenderer;} {} {V}
[11Apr2025 16:50:33.379] [main/DEBUG] [cpw.mods.modlauncher.TransformStore/MODLAUNCHER]: Adding transformer optifine.OptiFineTransformer@36fc05ff to Target : PRE_CLASS {Lnet/minecraft/client/renderer/entity/layers/CapeLayer;} {} {V}
[11Apr2025 16:50:33.379] [main/DEBUG] [cpw.mods.modlauncher.TransformStore/MODLAUNCHER]: Adding transformer optifine.OptiFineTransformer@36fc05ff to Target : PRE_CLASS {Lnet/minecraft/client/OptionInstance$UnitDouble$1;} {} {V}
[11Apr2025 16:50:33.379] [main/DEBUG] [cpw.mods.modlauncher.TransformStore/MODLAUNCHER]: Adding transformer optifine.OptiFineTransformer@36fc05ff to Target : PRE_CLASS {Lnet/minecraft/client/renderer/chunk/VisGraph;} {} {V}
[11Apr2025 16:50:33.381] [main/DEBUG] [cpw.mods.modlauncher.TransformStore/MODLAUNCHER]: Adding transformer optifine.OptiFineTransformer@36fc05ff to Target : PRE_CLASS {Lnet/minecraft/client/renderer/texture/TextureAtlasSprite;} {} {V}
[11Apr2025 16:50:33.381] [main/DEBUG] [cpw.mods.modlauncher.TransformStore/MODLAUNCHER]: Adding transformer optifine.OptiFineTransformer@36fc05ff to Target : PRE_CLASS {Lnet/minecraft/client/Camera;} {} {V}
[11Apr2025 16:50:33.382] [main/DEBUG] [cpw.mods.modlauncher.TransformStore/MODLAUNCHER]: Adding transformer optifine.OptiFineTransformer@36fc05ff to Target : PRE_CLASS {Lnet/minecraft/client/renderer/entity/EnderDragonRenderer$DragonModel;} {} {V}
[11Apr2025 16:50:33.382] [main/DEBUG] [cpw.mods.modlauncher.TransformStore/MODLAUNCHER]: Adding transformer optifine.OptiFineTransformer@36fc05ff to Target : PRE_CLASS {Lnet/minecraft/client/renderer/entity/layers/SheepFurLayer;} {} {V}
[11Apr2025 16:50:33.382] [main/DEBUG] [cpw.mods.modlauncher.TransformStore/MODLAUNCHER]: Adding transformer optifine.OptiFineTransformer@36fc05ff to Target : PRE_CLASS {Lcom/mojang/blaze3d/vertex/VertexMultiConsumer$Double;} {} {V}
[11Apr2025 16:50:33.382] [main/DEBUG] [cpw.mods.modlauncher.TransformStore/MODLAUNCHER]: Adding transformer optifine.OptiFineTransformer@36fc05ff to Target : PRE_CLASS {Lnet/minecraft/Util$OS$1;} {} {V}
[11Apr2025 16:50:33.383] [main/DEBUG] [cpw.mods.modlauncher.TransformStore/MODLAUNCHER]: Adding transformer optifine.OptiFineTransformer@36fc05ff to Target : PRE_CLASS {Lnet/minecraft/client/particle/ItemPickupParticle;} {} {V}
[11Apr2025 16:50:33.383] [main/DEBUG] [cpw.mods.modlauncher.TransformStore/MODLAUNCHER]: Adding transformer optifine.OptiFineTransformer@36fc05ff to Target : PRE_CLASS {Lnet/minecraft/client/renderer/RenderStateShard$CullStateShard;} {} {V}
[11Apr2025 16:50:33.384] [main/DEBUG] [cpw.mods.modlauncher.TransformStore/MODLAUNCHER]: Adding transformer optifine.OptiFineTransformer@36fc05ff to Target : PRE_CLASS {Lnet/minecraft/client/renderer/texture/MissingTextureAtlasSprite;} {} {V}
[11Apr2025 16:50:33.384] [main/DEBUG] [cpw.mods.modlauncher.TransformStore/MODLAUNCHER]: Adding transformer optifine.OptiFineTransformer@36fc05ff to Target : PRE_CLASS {Lnet/minecraft/client/gui/components/DebugScreenOverlay$AllocationRateCalculator;} {} {V}
[11Apr2025 16:50:33.384] [main/DEBUG] [cpw.mods.modlauncher.TransformStore/MODLAUNCHER]: Adding transformer optifine.OptiFineTransformer@36fc05ff to Target : PRE_CLASS {Lnet/minecraft/client/renderer/entity/ExperienceOrbRenderer;} {} {V}
[11Apr2025 16:50:33.384] [main/DEBUG] [cpw.mods.modlauncher.TransformStore/MODLAUNCHER]: Adding transformer optifine.OptiFineTransformer@36fc05ff to Target : PRE_CLASS {Lnet/minecraft/client/renderer/FogRenderer$FogMode;} {} {V}
[11Apr2025 16:50:33.385] [main/DEBUG] [cpw.mods.modlauncher.TransformStore/MODLAUNCHER]: Adding transformer optifine.OptiFineTransformer@36fc05ff to Target : PRE_CLASS {Lnet/minecraft/client/OptionInstance$Enum;} {} {V}
[11Apr2025 16:50:33.385] [main/DEBUG] [cpw.mods.modlauncher.TransformStore/MODLAUNCHER]: Adding transformer optifine.OptiFineTransformer@36fc05ff to Target : PRE_CLASS {Lnet/minecraft/client/renderer/entity/layers/StrayClothingLayer;} {} {V}
[11Apr2025 16:50:33.386] [main/DEBUG] [cpw.mods.modlauncher.TransformStore/MODLAUNCHER]: Adding transformer optifine.OptiFineTransformer@36fc05ff to Target : PRE_CLASS {Lnet/minecraft/client/renderer/RenderType$OutlineProperty;} {} {V}
[11Apr2025 16:50:33.386] [main/DEBUG] [cpw.mods.modlauncher.TransformStore/MODLAUNCHER]: Adding transformer optifine.OptiFineTransformer@36fc05ff to Target : PRE_CLASS {Lnet/minecraft/util/ClassInstanceMultiMap;} {} {V}
[11Apr2025 16:50:33.386] [main/DEBUG] [cpw.mods.modlauncher.TransformStore/MODLAUNCHER]: Adding transformer optifine.OptiFineTransformer@36fc05ff to Target : PRE_CLASS {Lnet/minecraft/client/renderer/block/ModelBlockRenderer$AmbientVertexRemap;} {} {V}
[11Apr2025 16:50:33.386] [main/DEBUG] [cpw.mods.modlauncher.TransformStore/MODLAUNCHER]: Adding transformer optifine.OptiFineTransformer@36fc05ff to Target : PRE_CLASS {Lcom/mojang/blaze3d/vertex/VertexFormatElement$Usage$ClearState;} {} {V}
[11Apr2025 16:50:33.386] [main/DEBUG] [cpw.mods.modlauncher.TransformStore/MODLAUNCHER]: Adding transformer optifine.OptiFineTransformer@36fc05ff to Target : PRE_CLASS {Lnet/minecraft/client/OptionInstance$ValueSet;} {} {V}
[11Apr2025 16:50:33.387] [main/DEBUG] [cpw.mods.modlauncher.TransformStore/MODLAUNCHER]: Adding transformer optifine.OptiFineTransformer@36fc05ff to Target : PRE_CLASS {Lnet/minecraft/client/renderer/entity/layers/ElytraLayer;} {} {V}
[11Apr2025 16:50:33.387] [main/DEBUG] [cpw.mods.modlauncher.TransformStore/MODLAUNCHER]: Adding transformer optifine.OptiFineTransformer@36fc05ff to Target : PRE_CLASS {Lnet/minecraft/client/ClientTelemetryManager;} {} {V}
[11Apr2025 16:50:33.387] [main/DEBUG] [cpw.mods.modlauncher.TransformStore/MODLAUNCHER]: Adding transformer optifine.OptiFineTransformer@36fc05ff to Target : PRE_CLASS {Lnet/minecraft/Util$6;} {} {V}
[11Apr2025 16:50:33.387] [main/DEBUG] [cpw.mods.modlauncher.TransformStore/MODLAUNCHER]: Adding transformer optifine.OptiFineTransformer@36fc05ff to Target : PRE_CLASS {Lnet/minecraft/world/level/levelgen/blending/Blender$1;} {} {V}
[11Apr2025 16:50:33.387] [main/DEBUG] [cpw.mods.modlauncher.TransformStore/MODLAUNCHER]: Adding transformer optifine.OptiFineTransformer@36fc05ff to Target : PRE_CLASS {Lcom/mojang/blaze3d/platform/NativeImage;} {} {V}
[11Apr2025 16:50:33.387] [main/DEBUG] [cpw.mods.modlauncher.TransformStore/MODLAUNCHER]: Adding transformer optifine.OptiFineTransformer@36fc05ff to Target : PRE_CLASS {Lcom/mojang/blaze3d/vertex/PoseStack;} {} {V}
[11Apr2025 16:50:33.388] [main/DEBUG] [cpw.mods.modlauncher.TransformStore/MODLAUNCHER]: Adding transformer optifine.OptiFineTransformer@36fc05ff to Target : PRE_CLASS {Lnet/minecraft/client/renderer/entity/LivingEntityRenderer$1;} {} {V}
[11Apr2025 16:50:33.388] [main/DEBUG] [cpw.mods.modlauncher.TransformStore/MODLAUNCHER]: Adding transformer optifine.OptiFineTransformer@36fc05ff to Target : PRE_CLASS {Lnet/minecraft/client/renderer/entity/layers/WolfCollarLayer;} {} {V}
[11Apr2025 16:50:33.388] [main/DEBUG] [cpw.mods.modlauncher.TransformStore/MODLAUNCHER]: Adding transformer optifine.OptiFineTransformer@36fc05ff to Target : PRE_CLASS {Lnet/minecraft/client/renderer/texture/TextureManager;} {} {V}
[11Apr2025 16:50:33.388] [main/DEBUG] [cpw.mods.modlauncher.TransformStore/MODLAUNCHER]: Adding transformer optifine.OptiFineTransformer@36fc05ff to Target : PRE_CLASS {Lnet/minecraft/client/gui/components/CycleButton$ValueListSupplier$2;} {} {V}
[11Apr2025 16:50:33.388] [main/DEBUG] [cpw.mods.modlauncher.TransformStore/MODLAUNCHER]: Adding transformer optifine.OptiFineTransformer@36fc05ff to Target : PRE_CLASS {Lnet/minecraft/client/gui/font/providers/BitmapProvider;} {} {V}
[11Apr2025 16:50:33.388] [main/DEBUG] [cpw.mods.modlauncher.TransformStore/MODLAUNCHER]: Adding transformer optifine.OptiFineTransformer@36fc05ff to Target : PRE_CLASS {Lnet/minecraft/client/resources/metadata/animation/AnimationMetadataSection;} {} {V}
[11Apr2025 16:50:33.389] [main/DEBUG] [cpw.mods.modlauncher.TransformStore/MODLAUNCHER]: Adding transformer optifine.OptiFineTransformer@36fc05ff to Target : PRE_CLASS {Lnet/minecraft/client/renderer/entity/LivingEntityRenderer;} {} {V}
[11Apr2025 16:50:33.389] [main/DEBUG] [cpw.mods.modlauncher.TransformStore/MODLAUNCHER]: Adding transformer optifine.OptiFineTransformer@36fc05ff to Target : PRE_CLASS {Lnet/minecraft/client/renderer/RenderStateShard$LineStateShard;} {} {V}
[11Apr2025 16:50:33.389] [main/DEBUG] [cpw.mods.modlauncher.TransformStore/MODLAUNCHER]: Adding transformer optifine.OptiFineTransformer@36fc05ff to Target : PRE_CLASS {Lcom/mojang/blaze3d/pipeline/RenderTarget;} {} {V}
[11Apr2025 16:50:33.389] [main/DEBUG] [cpw.mods.modlauncher.TransformStore/MODLAUNCHER]: Adding transformer optifine.OptiFineTransformer@36fc05ff to Target : PRE_CLASS {Lnet/minecraft/client/OptionInstance$AltEnum;} {} {V}
[11Apr2025 16:50:33.389] [main/DEBUG] [cpw.mods.modlauncher.TransformStore/MODLAUNCHER]: Adding transformer optifine.OptiFineTransformer@36fc05ff to Target : PRE_CLASS {Lnet/minecraft/client/model/geom/ModelPart$Polygon;} {} {V}
[11Apr2025 16:50:33.390] [main/DEBUG] [cpw.mods.modlauncher.TransformStore/MODLAUNCHER]: Adding transformer optifine.OptiFineTransformer@36fc05ff to Target : PRE_CLASS {Lnet/minecraft/world/level/ChunkPos$1;} {} {V}
[11Apr2025 16:50:33.390] [main/DEBUG] [cpw.mods.modlauncher.TransformStore/MODLAUNCHER]: Adding transformer optifine.OptiFineTransformer@36fc05ff to Target : PRE_CLASS {Lnet/minecraft/world/level/levelgen/blending/Blender;} {} {V}
[11Apr2025 16:50:33.390] [main/DEBUG] [cpw.mods.modlauncher.TransformStore/MODLAUNCHER]: Adding transformer optifine.OptiFineTransformer@36fc05ff to Target : PRE_CLASS {Lnet/minecraft/Util;} {} {V}
[11Apr2025 16:50:33.390] [main/DEBUG] [cpw.mods.modlauncher.TransformStore/MODLAUNCHER]: Adding transformer optifine.OptiFineTransformer@36fc05ff to Target : PRE_CLASS {Lnet/minecraft/client/gui/MapRenderer$MapInstance;} {} {V}
[11Apr2025 16:50:33.390] [main/DEBUG] [cpw.mods.modlauncher.TransformStore/MODLAUNCHER]: Adding transformer optifine.OptiFineTransformer@36fc05ff to Target : PRE_CLASS {Lcom/mojang/blaze3d/vertex/DefaultVertexFormat;} {} {V}
[11Apr2025 16:50:33.390] [main/DEBUG] [cpw.mods.modlauncher.TransformStore/MODLAUNCHER]: Adding transformer optifine.OptiFineTransformer@36fc05ff to Target : PRE_CLASS {Lcom/mojang/blaze3d/platform/GlStateManager$LogicOp;} {} {V}
[11Apr2025 16:50:33.391] [main/DEBUG] [cpw.mods.modlauncher.TransformStore/MODLAUNCHER]: Adding transformer optifine.OptiFineTransformer@36fc05ff to Target : PRE_CLASS {Lnet/minecraft/client/renderer/EffectInstance;} {} {V}
[11Apr2025 16:50:33.391] [main/DEBUG] [cpw.mods.modlauncher.TransformStore/MODLAUNCHER]: Adding transformer optifine.OptiFineTransformer@36fc05ff to Target : PRE_CLASS {Lnet/minecraft/client/renderer/entity/layers/ParrotOnShoulderLayer;} {} {V}
[11Apr2025 16:50:33.391] [main/DEBUG] [cpw.mods.modlauncher.TransformStore/MODLAUNCHER]: Adding transformer optifine.OptiFineTransformer@36fc05ff to Target : PRE_CLASS {Lnet/minecraft/client/renderer/block/LiquidBlockRenderer;} {} {V}
[11Apr2025 16:50:33.391] [main/DEBUG] [cpw.mods.modlauncher.TransformStore/MODLAUNCHER]: Adding transformer optifine.OptiFineTransformer@36fc05ff to Target : PRE_CLASS {Lnet/minecraft/client/renderer/block/ModelBlockRenderer$Cache;} {} {V}
[11Apr2025 16:50:33.391] [main/DEBUG] [cpw.mods.modlauncher.TransformStore/MODLAUNCHER]: Adding transformer optifine.OptiFineTransformer@36fc05ff to Target : PRE_CLASS {Lnet/minecraft/client/renderer/entity/EntityRenderer;} {} {V}
[11Apr2025 16:50:33.391] [main/DEBUG] [cpw.mods.modlauncher.TransformStore/MODLAUNCHER]: Adding transformer optifine.OptiFineTransformer@36fc05ff to Target : PRE_CLASS {Lnet/minecraft/client/renderer/chunk/RenderRegionCache$ChunkInfo;} {} {V}
[11Apr2025 16:50:33.391] [main/DEBUG] [cpw.mods.modlauncher.TransformStore/MODLAUNCHER]: Adding transformer optifine.OptiFineTransformer@36fc05ff to Target : PRE_CLASS {Lnet/minecraft/server/level/DistanceManager$ChunkTicketTracker;} {} {V}
[11Apr2025 16:50:33.392] [main/DEBUG] [cpw.mods.modlauncher.TransformStore/MODLAUNCHER]: Adding transformer optifine.OptiFineTransformer@36fc05ff to Target : PRE_CLASS {Lnet/minecraft/client/renderer/RenderStateShard$WriteMaskStateShard;} {} {V}
[11Apr2025 16:50:33.392] [main/DEBUG] [cpw.mods.modlauncher.TransformStore/MODLAUNCHER]: Adding transformer optifine.OptiFineTransformer@36fc05ff to Target : PRE_CLASS {Lcom/mojang/blaze3d/vertex/Tesselator;} {} {V}
[11Apr2025 16:50:33.392] [main/DEBUG] [cpw.mods.modlauncher.TransformStore/MODLAUNCHER]: Adding transformer optifine.OptiFineTransformer@36fc05ff to Target : PRE_CLASS {Lnet/minecraft/client/renderer/RenderStateShard$TexturingStateShard;} {} {V}
[11Apr2025 16:50:33.392] [main/DEBUG] [cpw.mods.modlauncher.TransformStore/MODLAUNCHER]: Adding transformer optifine.OptiFineTransformer@36fc05ff to Target : PRE_CLASS {Lnet/minecraft/client/renderer/FogRenderer$BlindnessFogFunction;} {} {V}
[11Apr2025 16:50:33.392] [main/DEBUG] [cpw.mods.modlauncher.TransformStore/MODLAUNCHER]: Adding transformer optifine.OptiFineTransformer@36fc05ff to Target : PRE_CLASS {Lnet/minecraft/client/Options$3;} {} {V}
[11Apr2025 16:50:33.392] [main/DEBUG] [cpw.mods.modlauncher.TransformStore/MODLAUNCHER]: Adding transformer optifine.OptiFineTransformer@36fc05ff to Target : PRE_CLASS {Lnet/minecraft/client/resources/metadata/animation/AnimationMetadataSection$FrameOutput;} {} {V}
[11Apr2025 16:50:33.393] [main/DEBUG] [cpw.mods.modlauncher.TransformStore/MODLAUNCHER]: Adding transformer optifine.OptiFineTransformer@36fc05ff to Target : PRE_CLASS {Lnet/minecraft/client/gui/components/BossHealthOverlay;} {} {V}
[11Apr2025 16:50:33.393] [main/DEBUG] [cpw.mods.modlauncher.TransformStore/MODLAUNCHER]: Adding transformer optifine.OptiFineTransformer@36fc05ff to Target : PRE_CLASS {Lnet/minecraft/client/renderer/texture/Stitcher$Region;} {} {V}
[11Apr2025 16:50:33.393] [main/DEBUG] [cpw.mods.modlauncher.TransformStore/MODLAUNCHER]: Adding transformer optifine.OptiFineTransformer@36fc05ff to Target : PRE_CLASS {Lcom/mojang/blaze3d/vertex/PoseStack$Pose;} {} {V}
[11Apr2025 16:50:33.393] [main/DEBUG] [cpw.mods.modlauncher.TransformStore/MODLAUNCHER]: Adding transformer optifine.OptiFineTransformer@36fc05ff to Target : PRE_CLASS {Lnet/minecraft/client/renderer/entity/layers/WardenEmissiveLayer;} {} {V}
[11Apr2025 16:50:33.393] [main/DEBUG] [cpw.mods.modlauncher.TransformStore/MODLAUNCHER]: Adding transformer optifine.OptiFineTransformer@36fc05ff to Target : PRE_CLASS {Lcom/mojang/blaze3d/platform/GlStateManager$CullState;} {} {V}
[11Apr2025 16:50:33.393] [main/DEBUG] [cpw.mods.modlauncher.TransformStore/MODLAUNCHER]: Adding transformer optifine.OptiFineTransformer@36fc05ff to Target : PRE_CLASS {Lnet/minecraft/world/level/levelgen/blending/Blender$CellValueGetter;} {} {V}
[11Apr2025 16:50:33.393] [main/DEBUG] [cpw.mods.modlauncher.TransformStore/MODLAUNCHER]: Adding transformer optifine.OptiFineTransformer@36fc05ff to Target : PRE_CLASS {Lnet/minecraft/client/OptionInstance$TooltipSupplier;} {} {V}
[11Apr2025 16:50:33.393] [main/DEBUG] [cpw.mods.modlauncher.TransformStore/MODLAUNCHER]: Adding transformer optifine.OptiFineTransformer@36fc05ff to Target : PRE_CLASS {Lnet/minecraft/client/renderer/RenderStateShard$LayeringStateShard;} {} {V}
[11Apr2025 16:50:33.394] [main/DEBUG] [cpw.mods.modlauncher.TransformStore/MODLAUNCHER]: Adding transformer optifine.OptiFineTransformer@36fc05ff to Target : PRE_CLASS {Lnet/minecraft/resources/ResourceLocation;} {} {V}
[11Apr2025 16:50:33.394] [main/DEBUG] [cpw.mods.modlauncher.TransformStore/MODLAUNCHER]: Adding transformer optifine.OptiFineTransformer@36fc05ff to Target : PRE_CLASS {Lnet/minecraft/server/level/DistanceManager$PlayerTicketTracker;} {} {V}
[11Apr2025 16:50:33.394] [main/DEBUG] [cpw.mods.modlauncher.TransformStore/MODLAUNCHER]: Adding transformer optifine.OptiFineTransformer@36fc05ff to Target : PRE_CLASS {Lcom/mojang/blaze3d/platform/GLX;} {} {V}
[11Apr2025 16:50:33.394] [main/DEBUG] [cpw.mods.modlauncher.TransformStore/MODLAUNCHER]: Adding transformer optifine.OptiFineTransformer@36fc05ff to Target : PRE_CLASS {Lnet/minecraft/client/renderer/chunk/ChunkRenderDispatcher$RenderChunk$ResortTransparencyTask;} {} {V}
[11Apr2025 16:50:33.394] [main/DEBUG] [cpw.mods.modlauncher.TransformStore/MODLAUNCHER]: Adding transformer optifine.OptiFineTransformer@36fc05ff to Target : PRE_CLASS {Lcom/mojang/blaze3d/platform/NativeImage$InternalGlFormat;} {} {V}
[11Apr2025 16:50:33.394] [main/DEBUG] [cpw.mods.modlauncher.TransformStore/MODLAUNCHER]: Adding transformer optifine.OptiFineTransformer@36fc05ff to Target : PRE_CLASS {Lcom/mojang/blaze3d/vertex/VertexMultiConsumer$Multiple;} {} {V}
[11Apr2025 16:50:33.394] [main/DEBUG] [cpw.mods.modlauncher.TransformStore/MODLAUNCHER]: Adding transformer optifine.OptiFineTransformer@36fc05ff to Target : PRE_CLASS {Lcom/mojang/math/Matrix3f;} {} {V}
[11Apr2025 16:50:33.394] [main/DEBUG] [cpw.mods.modlauncher.TransformStore/MODLAUNCHER]: Adding transformer optifine.OptiFineTransformer@36fc05ff to Target : PRE_CLASS {Lnet/minecraft/client/renderer/block/model/ItemOverrides;} {} {V}
[11Apr2025 16:50:33.395] [main/DEBUG] [cpw.mods.modlauncher.TransformStore/MODLAUNCHER]: Adding transformer optifine.OptiFineTransformer@36fc05ff to Target : PRE_CLASS {Lnet/minecraft/client/renderer/chunk/ChunkRenderDispatcher;} {} {V}
[11Apr2025 16:50:33.395] [main/DEBUG] [cpw.mods.modlauncher.TransformStore/MODLAUNCHER]: Adding transformer optifine.OptiFineTransformer@36fc05ff to Target : PRE_CLASS {Lnet/minecraft/client/renderer/entity/layers/WardenEmissiveLayer$DrawSelector;} {} {V}
[11Apr2025 16:50:33.395] [main/DEBUG] [cpw.mods.modlauncher.TransformStore/MODLAUNCHER]: Adding transformer optifine.OptiFineTransformer@36fc05ff to Target : PRE_CLASS {Lcom/mojang/blaze3d/vertex/BufferUploader;} {} {V}
[11Apr2025 16:50:33.395] [main/DEBUG] [cpw.mods.modlauncher.TransformStore/MODLAUNCHER]: Adding transformer optifine.OptiFineTransformer@36fc05ff to Target : PRE_CLASS {Lcom/mojang/blaze3d/vertex/VertexFormatElement$Usage$SetupState;} {} {V}
[11Apr2025 16:50:33.395] [main/DEBUG] [cpw.mods.modlauncher.TransformStore/MODLAUNCHER]: Adding transformer optifine.OptiFineTransformer@36fc05ff to Target : PRE_CLASS {Lnet/minecraft/world/level/material/Material$Builder;} {} {V}
[11Apr2025 16:50:33.395] [main/DEBUG] [cpw.mods.modlauncher.TransformStore/MODLAUNCHER]: Adding transformer optifine.OptiFineTransformer@36fc05ff to Target : PRE_CLASS {Lnet/minecraft/client/gui/Font;} {} {V}
[11Apr2025 16:50:33.395] [main/DEBUG] [cpw.mods.modlauncher.TransformStore/MODLAUNCHER]: Adding transformer optifine.OptiFineTransformer@36fc05ff to Target : PRE_CLASS {Lcom/mojang/blaze3d/platform/Window;} {} {V}
[11Apr2025 16:50:33.396] [main/DEBUG] [cpw.mods.modlauncher.TransformStore/MODLAUNCHER]: Adding transformer optifine.OptiFineTransformer@36fc05ff to Target : PRE_CLASS {Lnet/minecraft/server/level/DistanceManager;} {} {V}
[11Apr2025 16:50:33.396] [main/DEBUG] [cpw.mods.modlauncher.TransformStore/MODLAUNCHER]: Adding transformer optifine.OptiFineTransformer@36fc05ff to Target : PRE_CLASS {Lnet/minecraft/util/profiling/ActiveProfiler$PathEntry;} {} {V}
[11Apr2025 16:50:33.396] [main/DEBUG] [cpw.mods.modlauncher.TransformStore/MODLAUNCHER]: Adding transformer optifine.OptiFineTransformer@36fc05ff to Target : PRE_CLASS {Lnet/minecraft/client/server/IntegratedServer;} {} {V}
[11Apr2025 16:50:33.396] [main/DEBUG] [cpw.mods.modlauncher.TransformStore/MODLAUNCHER]: Adding transformer optifine.OptiFineTransformer@36fc05ff to Target : PRE_CLASS {Lnet/minecraft/client/renderer/ItemInHandRenderer;} {} {V}
[11Apr2025 16:50:33.396] [main/DEBUG] [cpw.mods.modlauncher.TransformStore/MODLAUNCHER]: Adding transformer optifine.OptiFineTransformer@36fc05ff to Target : PRE_CLASS {Lnet/minecraft/Util$9;} {} {V}
[11Apr2025 16:50:33.396] [main/DEBUG] [cpw.mods.modlauncher.TransformStore/MODLAUNCHER]: Adding transformer optifine.OptiFineTransformer@36fc05ff to Target : PRE_CLASS {Lnet/minecraft/client/renderer/culling/Frustum;} {} {V}
[11Apr2025 16:50:33.396] [main/DEBUG] [cpw.mods.modlauncher.TransformStore/MODLAUNCHER]: Adding transformer optifine.OptiFineTransformer@36fc05ff to Target : PRE_CLASS {Lnet/minecraft/client/renderer/blockentity/SignRenderer;} {} {V}
[11Apr2025 16:50:33.396] [main/DEBUG] [cpw.mods.modlauncher.TransformStore/MODLAUNCHER]: Adding transformer optifine.OptiFineTransformer@36fc05ff to Target : PRE_CLASS {Lnet/minecraft/client/renderer/blockentity/TheEndPortalRenderer;} {} {V}
[11Apr2025 16:50:33.397] [main/DEBUG] [cpw.mods.modlauncher.TransformStore/MODLAUNCHER]: Adding transformer optifine.OptiFineTransformer@36fc05ff to Target : PRE_CLASS {Lnet/minecraft/util/thread/BlockableEventLoop;} {} {V}
[11Apr2025 16:50:33.397] [main/DEBUG] [cpw.mods.modlauncher.TransformStore/MODLAUNCHER]: Adding transformer optifine.OptiFineTransformer@36fc05ff to Target : PRE_CLASS {Lnet/minecraft/world/level/material/Material;} {} {V}
[11Apr2025 16:50:33.397] [main/DEBUG] [cpw.mods.modlauncher.TransformStore/MODLAUNCHER]: Adding transformer optifine.OptiFineTransformer@36fc05ff to Target : PRE_CLASS {Lcom/mojang/blaze3d/platform/GlStateManager$SourceFactor;} {} {V}
[11Apr2025 16:50:33.397] [main/DEBUG] [cpw.mods.modlauncher.TransformStore/MODLAUNCHER]: Adding transformer optifine.OptiFineTransformer@36fc05ff to Target : PRE_CLASS {Lnet/minecraft/core/Direction$AxisDirection;} {} {V}
[11Apr2025 16:50:33.397] [main/DEBUG] [cpw.mods.modlauncher.TransformStore/MODLAUNCHER]: Adding transformer optifine.OptiFineTransformer@36fc05ff to Target : PRE_CLASS {Lnet/minecraft/world/level/levelgen/blending/Blender$DistanceGetter;} {} {V}
[11Apr2025 16:50:33.397] [main/DEBUG] [cpw.mods.modlauncher.TransformStore/MODLAUNCHER]: Adding transformer optifine.OptiFineTransformer@36fc05ff to Target : PRE_CLASS {Lnet/minecraft/client/renderer/entity/ItemEntityRenderer;} {} {V}
[11Apr2025 16:50:33.397] [main/DEBUG] [cpw.mods.modlauncher.TransformStore/MODLAUNCHER]: Adding transformer optifine.OptiFineTransformer@36fc05ff to Target : PRE_CLASS {Lcom/mojang/blaze3d/vertex/SheetedDecalTextureGenerator;} {} {V}
[11Apr2025 16:50:33.397] [main/DEBUG] [cpw.mods.modlauncher.TransformStore/MODLAUNCHER]: Adding transformer optifine.OptiFineTransformer@36fc05ff to Target : PRE_CLASS {Lnet/minecraft/client/renderer/RenderType$CompositeState;} {} {V}
[11Apr2025 16:50:33.397] [main/DEBUG] [cpw.mods.modlauncher.TransformStore/MODLAUNCHER]: Adding transformer optifine.OptiFineTransformer@36fc05ff to Target : PRE_CLASS {Lnet/minecraft/client/renderer/blockentity/BrightnessCombiner;} {} {V}
[11Apr2025 16:50:33.398] [main/DEBUG] [cpw.mods.modlauncher.TransformStore/MODLAUNCHER]: Adding transformer optifine.OptiFineTransformer@36fc05ff to Target : PRE_CLASS {Lnet/minecraft/client/renderer/RenderStateShard$EmptyTextureStateShard;} {} {V}
[11Apr2025 16:50:33.398] [main/DEBUG] [cpw.mods.modlauncher.TransformStore/MODLAUNCHER]: Adding transformer optifine.OptiFineTransformer@36fc05ff to Target : PRE_CLASS {Lnet/minecraft/world/level/chunk/LevelChunkSection$BlockCounter;} {} {V}
[11Apr2025 16:50:33.398] [main/DEBUG] [cpw.mods.modlauncher.TransformStore/MODLAUNCHER]: Adding transformer optifine.OptiFineTransformer@36fc05ff to Target : PRE_CLASS {Lcom/mojang/blaze3d/platform/GlStateManager$TextureState;} {} {V}
[11Apr2025 16:50:33.398] [main/DEBUG] [cpw.mods.modlauncher.TransformStore/MODLAUNCHER]: Adding transformer optifine.OptiFineTransformer@36fc05ff to Target : PRE_CLASS {Lnet/minecraft/Util$OS$2;} {} {V}
[11Apr2025 16:50:33.398] [main/DEBUG] [cpw.mods.modlauncher.TransformStore/MODLAUNCHER]: Adding transformer optifine.OptiFineTransformer@36fc05ff to Target : PRE_CLASS {Lnet/minecraft/client/multiplayer/ClientChunkCache;} {} {V}
[11Apr2025 16:50:33.398] [main/DEBUG] [cpw.mods.modlauncher.TransformStore/MODLAUNCHER]: Adding transformer optifine.OptiFineTransformer@36fc05ff to Target : PRE_CLASS {Lnet/minecraft/client/renderer/block/model/ItemOverrides$PropertyMatcher;} {} {V}
[11Apr2025 16:50:33.398] [main/DEBUG] [cpw.mods.modlauncher.TransformStore/MODLAUNCHER]: Adding transformer optifine.OptiFineTransformer@36fc05ff to Target : PRE_CLASS {Lnet/minecraft/client/renderer/entity/layers/CreeperPowerLayer;} {} {V}
[11Apr2025 16:50:33.398] [main/DEBUG] [cpw.mods.modlauncher.TransformStore/MODLAUNCHER]: Adding transformer optifine.OptiFineTransformer@36fc05ff to Target : PRE_CLASS {Lnet/minecraft/core/Direction$Axis$3;} {} {V}
[11Apr2025 16:50:33.398] [main/DEBUG] [cpw.mods.modlauncher.TransformStore/MODLAUNCHER]: Adding transformer optifine.OptiFineTransformer@36fc05ff to Target : PRE_CLASS {Lnet/minecraft/client/renderer/RenderStateShard$TransparencyStateShard;} {} {V}
[11Apr2025 16:50:33.398] [main/DEBUG] [cpw.mods.modlauncher.TransformStore/MODLAUNCHER]: Adding transformer optifine.OptiFineTransformer@36fc05ff to Target : PRE_CLASS {Lnet/minecraft/client/renderer/chunk/ChunkRenderDispatcher$ChunkTaskResult;} {} {V}
[11Apr2025 16:50:33.399] [main/DEBUG] [cpw.mods.modlauncher.TransformStore/MODLAUNCHER]: Adding transformer optifine.OptiFineTransformer@36fc05ff to Target : PRE_CLASS {Lnet/minecraft/world/level/lighting/DynamicGraphMinFixedPoint;} {} {V}
[11Apr2025 16:50:33.399] [main/DEBUG] [cpw.mods.modlauncher.TransformStore/MODLAUNCHER]: Adding transformer optifine.OptiFineTransformer@36fc05ff to Target : PRE_CLASS {Lnet/minecraft/client/gui/components/CycleButton$OnValueChange;} {} {V}
[11Apr2025 16:50:33.399] [main/DEBUG] [cpw.mods.modlauncher.TransformStore/MODLAUNCHER]: Adding transformer optifine.OptiFineTransformer@36fc05ff to Target : PRE_CLASS {Lcom/mojang/math/Matrix4f;} {} {V}
[11Apr2025 16:50:33.399] [main/DEBUG] [cpw.mods.modlauncher.TransformStore/MODLAUNCHER]: Adding transformer optifine.OptiFineTransformer@36fc05ff to Target : PRE_CLASS {Lnet/minecraft/client/renderer/entity/layers/HumanoidArmorLayer;} {} {V}
[11Apr2025 16:50:33.399] [main/DEBUG] [cpw.mods.modlauncher.TransformStore/MODLAUNCHER]: Adding transformer optifine.OptiFineTransformer@36fc05ff to Target : PRE_CLASS {Lcom/mojang/blaze3d/platform/GlStateManager$ScissorState;} {} {V}
[11Apr2025 16:50:33.399] [main/DEBUG] [cpw.mods.modlauncher.TransformStore/MODLAUNCHER]: Adding transformer optifine.OptiFineTransformer@36fc05ff to Target : PRE_CLASS {Lcom/mojang/blaze3d/platform/Monitor;} {} {V}
[11Apr2025 16:50:33.399] [main/DEBUG] [cpw.mods.modlauncher.TransformStore/MODLAUNCHER]: Adding transformer optifine.OptiFineTransformer@36fc05ff to Target : PRE_CLASS {Lnet/minecraft/client/multiplayer/ClientLevel$EntityCallbacks;} {} {V}
[11Apr2025 16:50:33.399] [main/DEBUG] [cpw.mods.modlauncher.TransformStore/MODLAUNCHER]: Adding transformer optifine.OptiFineTransformer@36fc05ff to Target : PRE_CLASS {Lnet/minecraft/client/renderer/FogRenderer$FogData;} {} {V}
[11Apr2025 16:50:33.400] [main/DEBUG] [cpw.mods.modlauncher.TransformStore/MODLAUNCHER]: Adding transformer optifine.OptiFineTransformer@36fc05ff to Target : PRE_CLASS {Lnet/minecraft/client/renderer/SpriteCoordinateExpander;} {} {V}
[11Apr2025 16:50:33.400] [main/DEBUG] [cpw.mods.modlauncher.TransformStore/MODLAUNCHER]: Adding transformer optifine.OptiFineTransformer@36fc05ff to Target : PRE_CLASS {Lnet/minecraft/client/OptionInstance$UnitDouble;} {} {V}
[11Apr2025 16:50:33.400] [main/DEBUG] [cpw.mods.modlauncher.TransformStore/MODLAUNCHER]: Adding transformer optifine.OptiFineTransformer@36fc05ff to Target : PRE_CLASS {Lnet/minecraft/client/renderer/block/ModelBlockRenderer$1;} {} {V}
[11Apr2025 16:50:33.400] [main/DEBUG] [cpw.mods.modlauncher.TransformStore/MODLAUNCHER]: Adding transformer optifine.OptiFineTransformer@36fc05ff to Target : PRE_CLASS {Lnet/minecraft/client/gui/screens/TitleScreen$1;} {} {V}
[11Apr2025 16:50:33.400] [main/DEBUG] [cpw.mods.modlauncher.TransformStore/MODLAUNCHER]: Adding transformer optifine.OptiFineTransformer@36fc05ff to Target : PRE_CLASS {Lnet/minecraft/client/gui/font/glyphs/BakedGlyph$1;} {} {V}
[11Apr2025 16:50:33.400] [main/DEBUG] [cpw.mods.modlauncher.TransformStore/MODLAUNCHER]: Adding transformer optifine.OptiFineTransformer@36fc05ff to Target : PRE_CLASS {Lnet/minecraft/client/renderer/RenderStateShard$ShaderStateShard;} {} {V}
[11Apr2025 16:50:33.400] [main/DEBUG] [cpw.mods.modlauncher.TransformStore/MODLAUNCHER]: Adding transformer optifine.OptiFineTransformer@36fc05ff to Target : PRE_CLASS {Lnet/minecraft/client/renderer/RenderStateShard$LightmapStateShard;} {} {V}
[11Apr2025 16:50:33.400] [main/DEBUG] [cpw.mods.modlauncher.TransformStore/MODLAUNCHER]: Adding transformer optifine.OptiFineTransformer@36fc05ff to Target : PRE_CLASS {Lnet/minecraft/server/level/ChunkMap$DistanceManager;} {} {V}
[11Apr2025 16:50:33.400] [main/DEBUG] [cpw.mods.modlauncher.TransformStore/MODLAUNCHER]: Adding transformer optifine.OptiFineTransformer@36fc05ff to Target : PRE_CLASS {Lnet/minecraft/client/model/geom/ModelPart;} {} {V}
[11Apr2025 16:50:33.401] [main/DEBUG] [cpw.mods.modlauncher.TransformStore/MODLAUNCHER]: Adding transformer optifine.OptiFineTransformer@36fc05ff to Target : PRE_CLASS {Lnet/minecraft/client/renderer/LevelRenderer$TransparencyShaderException;} {} {V}
[11Apr2025 16:50:33.401] [main/DEBUG] [cpw.mods.modlauncher.TransformStore/MODLAUNCHER]: Adding transformer optifine.OptiFineTransformer@36fc05ff to Target : PRE_CLASS {Lnet/minecraft/client/renderer/LevelRenderer$RenderChunkInfo;} {} {V}
[11Apr2025 16:50:33.401] [main/DEBUG] [cpw.mods.modlauncher.TransformStore/MODLAUNCHER]: Adding transformer optifine.OptiFineTransformer@36fc05ff to Target : PRE_CLASS {Lnet/minecraft/client/renderer/texture/SimpleTexture;} {} {V}
[11Apr2025 16:50:33.401] [main/DEBUG] [cpw.mods.modlauncher.TransformStore/MODLAUNCHER]: Adding transformer optifine.OptiFineTransformer@36fc05ff to Target : PRE_CLASS {Lnet/minecraft/server/packs/AbstractPackResources;} {} {V}
[11Apr2025 16:50:33.401] [main/DEBUG] [cpw.mods.modlauncher.TransformStore/MODLAUNCHER]: Adding transformer optifine.OptiFineTransformer@36fc05ff to Target : PRE_CLASS {Lcom/mojang/blaze3d/platform/GlStateManager$PolygonOffsetState;} {} {V}
[11Apr2025 16:50:33.401] [main/DEBUG] [cpw.mods.modlauncher.TransformStore/MODLAUNCHER]: Adding transformer optifine.OptiFineTransformer@36fc05ff to Target : PRE_CLASS {Lnet/minecraft/client/renderer/block/BlockRenderDispatcher$1;} {} {V}
[11Apr2025 16:50:33.401] [main/DEBUG] [cpw.mods.modlauncher.TransformStore/MODLAUNCHER]: Adding transformer optifine.OptiFineTransformer@36fc05ff to Target : PRE_CLASS {Lnet/minecraft/client/renderer/chunk/ChunkRenderDispatcher$RenderChunk$ChunkCompileTask;} {} {V}
[11Apr2025 16:50:33.401] [main/DEBUG] [cpw.mods.modlauncher.TransformStore/MODLAUNCHER]: Adding transformer optifine.OptiFineTransformer@36fc05ff to Target : PRE_CLASS {Lnet/minecraft/client/renderer/ItemInHandRenderer$HandRenderSelection;} {} {V}
[11Apr2025 16:50:33.402] [main/DEBUG] [cpw.mods.modlauncher.TransformStore/MODLAUNCHER]: Adding transformer optifine.OptiFineTransformer@36fc05ff to Target : PRE_CLASS {Lnet/minecraft/client/Options$FieldAccess;} {} {V}
[11Apr2025 16:50:33.402] [main/DEBUG] [cpw.mods.modlauncher.TransformStore/MODLAUNCHER]: Adding transformer optifine.OptiFineTransformer@36fc05ff to Target : PRE_CLASS {Lnet/minecraft/client/renderer/chunk/ChunkRenderDispatcher$CompiledChunk$1;} {} {V}
[11Apr2025 16:50:33.402] [main/DEBUG] [cpw.mods.modlauncher.TransformStore/MODLAUNCHER]: Adding transformer optifine.OptiFineTransformer@36fc05ff to Target : PRE_CLASS {Lnet/minecraft/client/renderer/texture/Stitcher;} {} {V}
[11Apr2025 16:50:33.402] [main/DEBUG] [cpw.mods.modlauncher.TransformStore/MODLAUNCHER]: Adding transformer optifine.OptiFineTransformer@36fc05ff to Target : PRE_CLASS {Lnet/minecraft/client/renderer/entity/EnderDragonRenderer;} {} {V}
[11Apr2025 16:50:33.402] [main/DEBUG] [cpw.mods.modlauncher.TransformStore/MODLAUNCHER]: Adding transformer optifine.OptiFineTransformer@36fc05ff to Target : PRE_CLASS {Lnet/minecraft/client/gui/components/DebugScreenOverlay;} {} {V}
[11Apr2025 16:50:33.402] [main/DEBUG] [cpw.mods.modlauncher.TransformStore/MODLAUNCHER]: Adding transformer optifine.OptiFineTransformer@36fc05ff to Target : PRE_CLASS {Lnet/minecraft/client/renderer/block/ModelBlockRenderer$AmbientOcclusionFace;} {} {V}
[11Apr2025 16:50:33.402] [main/DEBUG] [cpw.mods.modlauncher.TransformStore/MODLAUNCHER]: Adding transformer optifine.OptiFineTransformer@36fc05ff to Target : PRE_CLASS {Lnet/minecraft/client/renderer/texture/SimpleTexture$TextureImage;} {} {V}
[11Apr2025 16:50:33.402] [main/DEBUG] [cpw.mods.modlauncher.TransformStore/MODLAUNCHER]: Adding transformer optifine.OptiFineTransformer@36fc05ff to Target : PRE_CLASS {Lnet/minecraft/client/gui/components/CycleButton;} {} {V}
[11Apr2025 16:50:33.403] [main/DEBUG] [cpw.mods.modlauncher.TransformStore/MODLAUNCHER]: Adding transformer optifine.OptiFineTransformer@36fc05ff to Target : PRE_CLASS {Lnet/minecraft/client/renderer/FogRenderer$DarknessFogFunction;} {} {V}
[11Apr2025 16:50:33.403] [main/DEBUG] [cpw.mods.modlauncher.TransformStore/MODLAUNCHER]: Adding transformer optifine.OptiFineTransformer@36fc05ff to Target : PRE_CLASS {Lnet/minecraft/client/renderer/entity/layers/WardenEmissiveLayer$AlphaFunction;} {} {V}
[11Apr2025 16:50:33.403] [main/DEBUG] [cpw.mods.modlauncher.TransformStore/MODLAUNCHER]: Adding transformer optifine.OptiFineTransformer@36fc05ff to Target : PRE_CLASS {Lnet/minecraft/client/renderer/RenderStateShard$OutputStateShard;} {} {V}
[11Apr2025 16:50:33.403] [main/DEBUG] [cpw.mods.modlauncher.TransformStore/MODLAUNCHER]: Adding transformer optifine.OptiFineTransformer@36fc05ff to Target : PRE_CLASS {Lnet/minecraft/client/OptionInstance;} {} {V}
[11Apr2025 16:50:33.403] [main/DEBUG] [cpw.mods.modlauncher.TransformStore/MODLAUNCHER]: Adding transformer optifine.OptiFineTransformer@36fc05ff to Target : PRE_CLASS {Lnet/minecraft/client/gui/components/BossHealthOverlay$1;} {} {V}
[11Apr2025 16:50:33.403] [main/DEBUG] [cpw.mods.modlauncher.TransformStore/MODLAUNCHER]: Adding transformer optifine.OptiFineTransformer@36fc05ff to Target : PRE_CLASS {Lnet/minecraft/client/renderer/block/ModelBlockRenderer$Cache$2;} {} {V}
[11Apr2025 16:50:33.403] [main/DEBUG] [cpw.mods.modlauncher.TransformStore/MODLAUNCHER]: Adding transformer optifine.OptiFineTransformer@36fc05ff to Target : PRE_CLASS {Lnet/minecraft/client/model/Model;} {} {V}
[11Apr2025 16:50:33.403] [main/DEBUG] [cpw.mods.modlauncher.TransformStore/MODLAUNCHER]: Adding transformer optifine.OptiFineTransformer@36fc05ff to Target : PRE_CLASS {Lnet/minecraft/client/gui/screens/ProgressScreen;} {} {V}
[11Apr2025 16:50:33.404] [main/DEBUG] [cpw.mods.modlauncher.TransformStore/MODLAUNCHER]: Adding transformer optifine.OptiFineTransformer@36fc05ff to Target : PRE_CLASS {Lnet/minecraft/client/renderer/LevelRenderer$RenderChunkStorage;} {} {V}
[11Apr2025 16:50:33.404] [main/DEBUG] [cpw.mods.modlauncher.TransformStore/MODLAUNCHER]: Adding transformer optifine.OptiFineTransformer@36fc05ff to Target : PRE_CLASS {Lcom/mojang/blaze3d/platform/GlStateManager;} {} {V}
[11Apr2025 16:50:33.404] [main/DEBUG] [cpw.mods.modlauncher.TransformStore/MODLAUNCHER]: Adding transformer optifine.OptiFineTransformer@36fc05ff to Target : PRE_CLASS {Lnet/minecraft/world/entity/Mob$1;} {} {V}
[11Apr2025 16:50:33.404] [main/DEBUG] [cpw.mods.modlauncher.TransformStore/MODLAUNCHER]: Adding transformer optifine.OptiFineTransformer@36fc05ff to Target : PRE_CLASS {Lcom/mojang/blaze3d/platform/NativeImage$WriteCallback;} {} {V}
[11Apr2025 16:50:33.404] [main/DEBUG] [cpw.mods.modlauncher.TransformStore/MODLAUNCHER]: Adding transformer optifine.OptiFineTransformer@36fc05ff to Target : PRE_CLASS {Lnet/minecraft/client/renderer/entity/layers/WitherArmorLayer;} {} {V}
[11Apr2025 16:50:33.404] [main/DEBUG] [cpw.mods.modlauncher.TransformStore/MODLAUNCHER]: Adding transformer optifine.OptiFineTransformer@36fc05ff to Target : PRE_CLASS {Lnet/minecraft/client/multiplayer/ClientLevel$1;} {} {V}
[11Apr2025 16:50:33.404] [main/DEBUG] [cpw.mods.modlauncher.TransformStore/MODLAUNCHER]: Adding transformer optifine.OptiFineTransformer@36fc05ff to Target : PRE_CLASS {Lnet/minecraft/client/renderer/RenderStateShard$MultiTextureStateShard;} {} {V}
[11Apr2025 16:50:33.404] [main/DEBUG] [cpw.mods.modlauncher.TransformStore/MODLAUNCHER]: Adding transformer optifine.OptiFineTransformer@36fc05ff to Target : PRE_CLASS {Lnet/minecraft/client/OptionInstance$IntRangeBase;} {} {V}
[11Apr2025 16:50:33.404] [main/DEBUG] [cpw.mods.modlauncher.TransformStore/MODLAUNCHER]: Adding transformer optifine.OptiFineTransformer@36fc05ff to Target : PRE_CLASS {Lnet/minecraft/client/gui/Font$StringRenderOutput;} {} {V}
[11Apr2025 16:50:33.405] [main/DEBUG] [cpw.mods.modlauncher.TransformStore/MODLAUNCHER]: Adding transformer optifine.OptiFineTransformer@36fc05ff to Target : PRE_CLASS {Lnet/minecraft/core/Direction$Plane;} {} {V}
[11Apr2025 16:50:33.405] [main/DEBUG] [cpw.mods.modlauncher.TransformStore/MODLAUNCHER]: Adding transformer optifine.OptiFineTransformer@36fc05ff to Target : PRE_CLASS {Lnet/minecraft/client/gui/screens/VideoSettingsScreen;} {} {V}
[11Apr2025 16:50:33.405] [main/DEBUG] [cpw.mods.modlauncher.TransformStore/MODLAUNCHER]: Adding transformer optifine.OptiFineTransformer@36fc05ff to Target : PRE_CLASS {Lnet/minecraft/client/renderer/texture/MipmapGenerator;} {} {V}
[11Apr2025 16:50:33.405] [main/DEBUG] [cpw.mods.modlauncher.TransformStore/MODLAUNCHER]: Adding transformer optifine.OptiFineTransformer@36fc05ff to Target : PRE_CLASS {Lnet/minecraft/client/renderer/RenderStateShard$MultiTextureStateShard$Builder;} {} {V}
[11Apr2025 16:50:33.405] [main/DEBUG] [cpw.mods.modlauncher.TransformStore/MODLAUNCHER]: Adding transformer optifine.OptiFineTransformer@36fc05ff to Target : PRE_CLASS {Lcom/mojang/blaze3d/platform/NativeImage$Format;} {} {V}
[11Apr2025 16:50:33.405] [main/DEBUG] [cpw.mods.modlauncher.TransformStore/MODLAUNCHER]: Adding transformer optifine.OptiFineTransformer@36fc05ff to Target : PRE_CLASS {Lnet/minecraft/client/renderer/block/model/BakedQuad;} {} {V}
[11Apr2025 16:50:33.405] [main/DEBUG] [cpw.mods.modlauncher.TransformStore/MODLAUNCHER]: Adding transformer optifine.OptiFineTransformer@36fc05ff to Target : PRE_CLASS {Lnet/minecraft/client/renderer/entity/layers/SaddleLayer;} {} {V}
[11Apr2025 16:50:33.405] [main/DEBUG] [cpw.mods.modlauncher.TransformStore/MODLAUNCHER]: Adding transformer optifine.OptiFineTransformer@36fc05ff to Target : PRE_CLASS {Lnet/minecraft/Util$2;} {} {V}
[11Apr2025 16:50:33.405] [main/DEBUG] [cpw.mods.modlauncher.TransformStore/MODLAUNCHER]: Adding transformer optifine.OptiFineTransformer@36fc05ff to Target : PRE_CLASS {Lnet/minecraft/client/OptionInstance$IntRange;} {} {V}
[11Apr2025 16:50:33.406] [main/DEBUG] [cpw.mods.modlauncher.TransformStore/MODLAUNCHER]: Adding transformer optifine.OptiFineTransformer@36fc05ff to Target : PRE_CLASS {Lnet/minecraft/client/gui/Gui;} {} {V}
[11Apr2025 16:50:33.406] [main/DEBUG] [cpw.mods.modlauncher.TransformStore/MODLAUNCHER]: Adding transformer optifine.OptiFineTransformer@36fc05ff to Target : PRE_CLASS {Lnet/minecraft/client/renderer/entity/layers/HumanoidArmorLayer$1;} {} {V}
[11Apr2025 16:50:33.406] [main/DEBUG] [cpw.mods.modlauncher.TransformStore/MODLAUNCHER]: Adding transformer optifine.OptiFineTransformer@36fc05ff to Target : PRE_CLASS {Lcom/mojang/blaze3d/vertex/VertexFormatElement;} {} {V}
[11Apr2025 16:50:33.406] [main/DEBUG] [cpw.mods.modlauncher.TransformStore/MODLAUNCHER]: Adding transformer optifine.OptiFineTransformer@36fc05ff to Target : PRE_CLASS {Lnet/minecraft/client/renderer/ShaderInstance$1;} {} {V}
[11Apr2025 16:50:33.406] [main/DEBUG] [cpw.mods.modlauncher.TransformStore/MODLAUNCHER]: Adding transformer optifine.OptiFineTransformer@36fc05ff to Target : PRE_CLASS {Lnet/minecraft/client/player/AbstractClientPlayer;} {} {V}
[11Apr2025 16:50:33.406] [main/DEBUG] [cpw.mods.modlauncher.TransformStore/MODLAUNCHER]: Adding transformer optifine.OptiFineTransformer@36fc05ff to Target : PRE_CLASS {Lnet/minecraft/server/packs/VanillaPackResources;} {} {V}
[11Apr2025 16:50:33.406] [main/DEBUG] [cpw.mods.modlauncher.TransformStore/MODLAUNCHER]: Adding transformer optifine.OptiFineTransformer@36fc05ff to Target : PRE_CLASS {Lnet/minecraft/client/Options;} {} {V}
[11Apr2025 16:50:33.406] [main/DEBUG] [cpw.mods.modlauncher.TransformStore/MODLAUNCHER]: Adding transformer optifine.OptiFineTransformer@36fc05ff to Target : PRE_CLASS {Lnet/minecraft/client/OptionInstance$TooltipSupplierFactory;} {} {V}
[11Apr2025 16:50:33.406] [main/DEBUG] [cpw.mods.modlauncher.TransformStore/MODLAUNCHER]: Adding transformer optifine.OptiFineTransformer@36fc05ff to Target : PRE_CLASS {Lnet/minecraft/client/resources/model/ModelBakery$BlockStateDefinitionException;} {} {V}
[11Apr2025 16:50:33.407] [main/DEBUG] [cpw.mods.modlauncher.TransformStore/MODLAUNCHER]: Adding transformer optifine.OptiFineTransformer@36fc05ff to Target : PRE_CLASS {Lcom/mojang/blaze3d/systems/RenderSystem$AutoStorageIndexBuffer$IndexGenerator;} {} {V}
[11Apr2025 16:50:33.407] [main/DEBUG] [cpw.mods.modlauncher.TransformStore/MODLAUNCHER]: Adding transformer optifine.OptiFineTransformer@36fc05ff to Target : PRE_CLASS {Lnet/minecraft/client/gui/screens/TitleScreen;} {} {V}
[11Apr2025 16:50:33.407] [main/DEBUG] [cpw.mods.modlauncher.TransformStore/MODLAUNCHER]: Adding transformer optifine.OptiFineTransformer@36fc05ff to Target : PRE_CLASS {Lnet/minecraft/world/level/chunk/LevelChunkSection;} {} {V}
[11Apr2025 16:50:33.407] [main/DEBUG] [cpw.mods.modlauncher.TransformStore/MODLAUNCHER]: Adding transformer optifine.OptiFineTransformer@36fc05ff to Target : PRE_CLASS {Lnet/minecraft/Util$7;} {} {V}
[11Apr2025 16:50:33.407] [main/DEBUG] [cpw.mods.modlauncher.TransformStore/MODLAUNCHER]: Adding transformer optifine.OptiFineTransformer@36fc05ff to Target : PRE_CLASS {Lnet/minecraft/client/ClientTelemetryManager$1;} {} {V}
[11Apr2025 16:50:33.407] [main/DEBUG] [cpw.mods.modlauncher.TransformStore/MODLAUNCHER]: Adding transformer optifine.OptiFineTransformer@36fc05ff to Target : PRE_CLASS {Lnet/minecraft/client/gui/screens/ChatOptionsScreen;} {} {V}
[11Apr2025 16:50:33.407] [main/DEBUG] [cpw.mods.modlauncher.TransformStore/MODLAUNCHER]: Adding transformer optifine.OptiFineTransformer@36fc05ff to Target : PRE_CLASS {Lnet/minecraft/world/item/alchemy/PotionUtils;} {} {V}
[11Apr2025 16:50:33.407] [main/DEBUG] [cpw.mods.modlauncher.TransformStore/MODLAUNCHER]: Adding transformer optifine.OptiFineTransformer@36fc05ff to Target : PRE_CLASS {Lnet/minecraft/client/renderer/blockentity/BlockEntityRenderDispatcher;} {} {V}
[11Apr2025 16:50:33.408] [main/DEBUG] [cpw.mods.modlauncher.TransformStore/MODLAUNCHER]: Adding transformer optifine.OptiFineTransformer@36fc05ff to Target : PRE_CLASS {Lnet/minecraft/client/OptionInstance$ClampingLazyMaxIntRange;} {} {V}
[11Apr2025 16:50:33.408] [main/DEBUG] [cpw.mods.modlauncher.TransformStore/MODLAUNCHER]: Adding transformer optifine.OptiFineTransformer@36fc05ff to Target : PRE_CLASS {Lnet/minecraft/world/level/lighting/DynamicGraphMinFixedPoint$2;} {} {V}
[11Apr2025 16:50:33.408] [main/DEBUG] [cpw.mods.modlauncher.TransformStore/MODLAUNCHER]: Adding transformer optifine.OptiFineTransformer@36fc05ff to Target : PRE_CLASS {Lnet/minecraft/server/level/ChunkMap;} {} {V}
[11Apr2025 16:50:33.408] [main/DEBUG] [cpw.mods.modlauncher.TransformStore/MODLAUNCHER]: Adding transformer optifine.OptiFineTransformer@36fc05ff to Target : PRE_CLASS {Lnet/minecraft/client/renderer/blockentity/BlockEntityRenderer;} {} {V}
[11Apr2025 16:50:33.408] [main/DEBUG] [cpw.mods.modlauncher.TransformStore/MODLAUNCHER]: Adding transformer optifine.OptiFineTransformer@36fc05ff to Target : PRE_CLASS {Lnet/minecraft/client/particle/ParticleEngine$MutableSpriteSet;} {} {V}
[11Apr2025 16:50:33.408] [main/DEBUG] [cpw.mods.modlauncher.TransformStore/MODLAUNCHER]: Adding transformer optifine.OptiFineTransformer@36fc05ff to Target : PRE_CLASS {Lnet/minecraft/client/model/geom/ModelPart$Vertex;} {} {V}
[11Apr2025 16:50:33.408] [main/DEBUG] [cpw.mods.modlauncher.TransformStore/MODLAUNCHER]: Adding transformer optifine.OptiFineTransformer@36fc05ff to Target : PRE_CLASS {Lnet/minecraft/server/level/ChunkMap$2;} {} {V}
[11Apr2025 16:50:33.408] [main/DEBUG] [cpw.mods.modlauncher.TransformStore/MODLAUNCHER]: Adding transformer optifine.OptiFineTransformer@36fc05ff to Target : PRE_CLASS {Lcom/mojang/blaze3d/vertex/VertexFormat$Mode;} {} {V}
[11Apr2025 16:50:33.408] [main/DEBUG] [cpw.mods.modlauncher.TransformStore/MODLAUNCHER]: Adding transformer optifine.OptiFineTransformer@36fc05ff to Target : PRE_CLASS {Lnet/minecraft/client/OptionInstance$SliderableOrCyclableValueSet;} {} {V}
[11Apr2025 16:50:33.409] [main/DEBUG] [cpw.mods.modlauncher.TransformStore/MODLAUNCHER]: Adding transformer optifine.OptiFineTransformer@36fc05ff to Target : PRE_CLASS {Lnet/minecraft/client/renderer/chunk/ChunkRenderDispatcher$CompiledChunk;} {} {V}
[11Apr2025 16:50:33.409] [main/DEBUG] [cpw.mods.modlauncher.TransformStore/MODLAUNCHER]: Adding transformer optifine.OptiFineTransformer@36fc05ff to Target : PRE_CLASS {Lcom/mojang/blaze3d/platform/GlStateManager$DestFactor;} {} {V}
[11Apr2025 16:50:33.409] [main/DEBUG] [cpw.mods.modlauncher.TransformStore/MODLAUNCHER]: Adding transformer optifine.OptiFineTransformer@36fc05ff to Target : PRE_CLASS {Lnet/minecraft/client/gui/font/providers/BitmapProvider$Glyph$1;} {} {V}
[11Apr2025 16:50:33.409] [main/DEBUG] [cpw.mods.modlauncher.TransformStore/MODLAUNCHER]: Adding transformer optifine.OptiFineTransformer@36fc05ff to Target : PRE_CLASS {Lnet/minecraft/client/renderer/block/model/FaceBakery;} {} {V}
[11Apr2025 16:50:33.409] [main/DEBUG] [cpw.mods.modlauncher.TransformStore/MODLAUNCHER]: Adding transformer optifine.OptiFineTransformer@36fc05ff to Target : PRE_CLASS {Lcom/mojang/blaze3d/vertex/VertexFormat$1;} {} {V}
[11Apr2025 16:50:33.409] [main/DEBUG] [cpw.mods.modlauncher.TransformStore/MODLAUNCHER]: Adding transformer optifine.OptiFineTransformer@36fc05ff to Target : PRE_CLASS {Lnet/minecraft/network/syncher/SynchedEntityData$DataItem;} {} {V}
[11Apr2025 16:50:33.409] [main/DEBUG] [cpw.mods.modlauncher.TransformStore/MODLAUNCHER]: Adding transformer optifine.OptiFineTransformer@36fc05ff to Target : PRE_CLASS {Lnet/minecraft/util/profiling/ActiveProfiler;} {} {V}
[11Apr2025 16:50:33.409] [main/DEBUG] [cpw.mods.modlauncher.TransformStore/MODLAUNCHER]: Adding transformer optifine.OptiFineTransformer@36fc05ff to Target : PRE_CLASS {Lnet/minecraft/client/renderer/RenderStateShard$DepthTestStateShard;} {} {V}
[11Apr2025 16:50:33.410] [main/DEBUG] [cpw.mods.modlauncher.TransformStore/MODLAUNCHER]: Adding transformer optifine.OptiFineTransformer@36fc05ff to Target : PRE_CLASS {Lnet/minecraft/client/OptionInstance$LazyEnum;} {} {V}
[11Apr2025 16:50:33.410] [main/DEBUG] [cpw.mods.modlauncher.TransformStore/MODLAUNCHER]: Adding transformer optifine.OptiFineTransformer@36fc05ff to Target : PRE_CLASS {Lnet/minecraft/client/renderer/chunk/ChunkRenderDispatcher$RenderChunk$RebuildTask;} {} {V}
[11Apr2025 16:50:33.410] [main/DEBUG] [cpw.mods.modlauncher.TransformStore/MODLAUNCHER]: Adding transformer optifine.OptiFineTransformer@36fc05ff to Target : PRE_CLASS {Lnet/minecraft/client/KeyboardHandler;} {} {V}
[11Apr2025 16:50:33.410] [main/DEBUG] [cpw.mods.modlauncher.TransformStore/MODLAUNCHER]: Adding transformer optifine.OptiFineTransformer@36fc05ff to Target : PRE_CLASS {Lnet/minecraft/world/item/ItemUtils;} {} {V}
[11Apr2025 16:50:33.410] [main/DEBUG] [cpw.mods.modlauncher.TransformStore/MODLAUNCHER]: Adding transformer optifine.OptiFineTransformer@36fc05ff to Target : PRE_CLASS {Lnet/minecraft/client/renderer/block/model/FaceBakery$1;} {} {V}
[11Apr2025 16:50:33.410] [main/DEBUG] [cpw.mods.modlauncher.TransformStore/MODLAUNCHER]: Adding transformer optifine.OptiFineTransformer@36fc05ff to Target : PRE_CLASS {Lnet/minecraft/client/renderer/texture/StitcherException;} {} {V}
[11Apr2025 16:50:33.410] [main/DEBUG] [cpw.mods.modlauncher.TransformStore/MODLAUNCHER]: Adding transformer optifine.OptiFineTransformer@36fc05ff to Target : PRE_CLASS {Lnet/minecraft/world/level/levelgen/blending/Blender$BlendingOutput;} {} {V}
[11Apr2025 16:50:33.411] [main/DEBUG] [cpw.mods.modlauncher.TransformStore/MODLAUNCHER]: Adding transformer optifine.OptiFineTransformer@36fc05ff to Target : PRE_CLASS {Lcom/mojang/blaze3d/platform/GlStateManager$ColorLogicState;} {} {V}
[11Apr2025 16:50:33.411] [main/DEBUG] [cpw.mods.modlauncher.TransformStore/MODLAUNCHER]: Adding transformer optifine.OptiFineTransformer@36fc05ff to Target : PRE_CLASS {Lnet/minecraft/client/renderer/texture/Stitcher$Holder;} {} {V}
[11Apr2025 16:50:33.411] [main/DEBUG] [cpw.mods.modlauncher.TransformStore/MODLAUNCHER]: Adding transformer optifine.OptiFineTransformer@36fc05ff to Target : PRE_CLASS {Lcom/mojang/blaze3d/shaders/Program;} {} {V}
[11Apr2025 16:50:33.411] [main/DEBUG] [cpw.mods.modlauncher.TransformStore/MODLAUNCHER]: Adding transformer optifine.OptiFineTransformer@36fc05ff to Target : PRE_CLASS {Lnet/minecraft/server/level/ChunkMap$TrackedEntity;} {} {V}
[11Apr2025 16:50:33.411] [main/DEBUG] [cpw.mods.modlauncher.TransformStore/MODLAUNCHER]: Adding transformer optifine.OptiFineTransformer@36fc05ff to Target : PRE_CLASS {Lcom/mojang/blaze3d/platform/GlStateManager$BlendState;} {} {V}
[11Apr2025 16:50:33.411] [main/DEBUG] [cpw.mods.modlauncher.TransformStore/MODLAUNCHER]: Adding transformer optifine.OptiFineTransformer@36fc05ff to Target : PRE_CLASS {Lcom/mojang/blaze3d/platform/GlStateManager$StencilFunc;} {} {V}
[11Apr2025 16:50:33.411] [main/DEBUG] [cpw.mods.modlauncher.TransformStore/MODLAUNCHER]: Adding transformer optifine.OptiFineTransformer@36fc05ff to Target : PRE_CLASS {Lcom/mojang/blaze3d/platform/GlStateManager$BooleanState;} {} {V}
[11Apr2025 16:50:33.411] [main/DEBUG] [cpw.mods.modlauncher.TransformStore/MODLAUNCHER]: Adding transformer optifine.OptiFineTransformer@36fc05ff to Target : PRE_CLASS {Lnet/minecraft/client/gui/Gui$HeartType;} {} {V}
[11Apr2025 16:50:33.412] [main/DEBUG] [cpw.mods.modlauncher.TransformStore/MODLAUNCHER]: Adding transformer optifine.OptiFineTransformer@36fc05ff to Target : PRE_CLASS {Lnet/minecraft/client/renderer/entity/EntityRenderers;} {} {V}
[11Apr2025 16:50:33.412] [main/DEBUG] [cpw.mods.modlauncher.TransformStore/MODLAUNCHER]: Adding transformer optifine.OptiFineTransformer@36fc05ff to Target : PRE_CLASS {Lnet/minecraft/client/OptionInstance$OptionInstanceSliderButton;} {} {V}
[11Apr2025 16:50:33.412] [main/DEBUG] [cpw.mods.modlauncher.TransformStore/MODLAUNCHER]: Adding transformer optifine.OptiFineTransformer@36fc05ff to Target : PRE_CLASS {Lnet/minecraft/client/multiplayer/ClientLevel;} {} {V}
[11Apr2025 16:50:33.412] [main/DEBUG] [cpw.mods.modlauncher.TransformStore/MODLAUNCHER]: Adding transformer optifine.OptiFineTransformer@36fc05ff to Target : PRE_CLASS {Lnet/minecraft/world/level/ChunkPos;} {} {V}
[11Apr2025 16:50:33.412] [main/DEBUG] [cpw.mods.modlauncher.TransformStore/MODLAUNCHER]: Adding transformer optifine.OptiFineTransformer@36fc05ff to Target : PRE_CLASS {Lcom/mojang/blaze3d/platform/GlStateManager$DepthState;} {} {V}
[11Apr2025 16:50:33.413] [main/DEBUG] [cpw.mods.modlauncher.TransformStore/MODLAUNCHER]: Adding transformer optifine.OptiFineTransformer@36fc05ff to Target : PRE_CLASS {Lnet/minecraft/network/syncher/SynchedEntityData;} {} {V}
[11Apr2025 16:50:33.413] [main/DEBUG] [cpw.mods.modlauncher.TransformStore/MODLAUNCHER]: Adding transformer optifine.OptiFineTransformer@36fc05ff to Target : PRE_CLASS {Lnet/minecraft/client/gui/screens/SkinCustomizationScreen;} {} {V}
[11Apr2025 16:50:33.413] [main/DEBUG] [cpw.mods.modlauncher.TransformStore/MODLAUNCHER]: Adding transformer optifine.OptiFineTransformer@36fc05ff to Target : PRE_CLASS {Lnet/minecraft/client/renderer/entity/ItemFrameRenderer;} {} {V}
[11Apr2025 16:50:33.413] [main/DEBUG] [cpw.mods.modlauncher.TransformStore/MODLAUNCHER]: Adding transformer optifine.OptiFineTransformer@36fc05ff to Target : PRE_CLASS {Lnet/minecraft/core/Direction$Axis;} {} {V}
[11Apr2025 16:50:33.413] [main/DEBUG] [cpw.mods.modlauncher.TransformStore/MODLAUNCHER]: Adding transformer optifine.OptiFineTransformer@36fc05ff to Target : PRE_CLASS {Lnet/minecraft/world/level/material/MaterialColor;} {} {V}
[11Apr2025 16:50:33.413] [main/DEBUG] [cpw.mods.modlauncher.TransformStore/MODLAUNCHER]: Adding transformer optifine.OptiFineTransformer@36fc05ff to Target : PRE_CLASS {Lnet/minecraft/client/OptionInstance$SliderableValueSet;} {} {V}
[11Apr2025 16:50:33.414] [main/DEBUG] [cpw.mods.modlauncher.TransformStore/MODLAUNCHER]: Adding transformer optifine.OptiFineTransformer@36fc05ff to Target : PRE_CLASS {Lnet/minecraft/client/renderer/blockentity/SkullBlockRenderer;} {} {V}
[11Apr2025 16:50:33.414] [main/DEBUG] [cpw.mods.modlauncher.TransformStore/MODLAUNCHER]: Adding transformer optifine.OptiFineTransformer@36fc05ff to Target : PRE_CLASS {Lcom/mojang/blaze3d/systems/RenderSystem$1;} {} {V}
[11Apr2025 16:50:33.414] [main/DEBUG] [cpw.mods.modlauncher.TransformStore/MODLAUNCHER]: Adding transformer optifine.OptiFineTransformer@36fc05ff to Target : PRE_CLASS {Lcom/mojang/blaze3d/vertex/BufferBuilder$RenderedBuffer;} {} {V}
[11Apr2025 16:50:33.414] [main/DEBUG] [cpw.mods.modlauncher.TransformStore/MODLAUNCHER]: Adding transformer optifine.OptiFineTransformer@36fc05ff to Target : PRE_CLASS {Lnet/minecraft/Util$5;} {} {V}
[11Apr2025 16:50:33.415] [main/DEBUG] [cpw.mods.modlauncher.TransformStore/MODLAUNCHER]: Adding transformer optifine.OptiFineTransformer@36fc05ff to Target : PRE_CLASS {Lcom/mojang/blaze3d/platform/GlStateManager$StencilState;} {} {V}
[11Apr2025 16:50:33.415] [main/DEBUG] [cpw.mods.modlauncher.TransformStore/MODLAUNCHER]: Adding transformer optifine.OptiFineTransformer@36fc05ff to Target : PRE_CLASS {Lnet/minecraft/util/Mth;} {} {V}
[11Apr2025 16:50:33.415] [main/DEBUG] [cpw.mods.modlauncher.TransformStore/MODLAUNCHER]: Adding transformer optifine.OptiFineTransformer@36fc05ff to Target : PRE_CLASS {Lnet/minecraft/client/OptionInstance$CycleableValueSet$ValueSetter;} {} {V}
[11Apr2025 16:50:33.415] [main/DEBUG] [cpw.mods.modlauncher.TransformStore/MODLAUNCHER]: Adding transformer optifine.OptiFineTransformer@36fc05ff to Target : PRE_CLASS {Lnet/minecraft/client/renderer/blockentity/SignRenderer$SignModel;} {} {V}
[11Apr2025 16:50:33.415] [main/DEBUG] [cpw.mods.modlauncher.TransformStore/MODLAUNCHER]: Adding transformer optifine.OptiFineTransformer@36fc05ff to Target : PRE_CLASS {Lnet/minecraft/client/renderer/LevelRenderer;} {} {V}
[11Apr2025 16:50:33.416] [main/DEBUG] [cpw.mods.modlauncher.TransformStore/MODLAUNCHER]: Adding transformer optifine.OptiFineTransformer@36fc05ff to Target : PRE_CLASS {Lnet/minecraft/client/renderer/block/LiquidBlockRenderer$1;} {} {V}
[11Apr2025 16:50:33.416] [main/DEBUG] [cpw.mods.modlauncher.TransformStore/MODLAUNCHER]: Adding transformer optifine.OptiFineTransformer@36fc05ff to Target : PRE_CLASS {Lnet/minecraft/core/Direction$Axis$2;} {} {V}
[11Apr2025 16:50:33.416] [main/DEBUG] [cpw.mods.modlauncher.TransformStore/MODLAUNCHER]: Adding transformer optifine.OptiFineTransformer@36fc05ff to Target : PRE_CLASS {Lcom/mojang/blaze3d/vertex/BufferBuilder$DrawState;} {} {V}
[11Apr2025 16:50:33.416] [main/DEBUG] [cpw.mods.modlauncher.TransformStore/MODLAUNCHER]: Adding transformer optifine.OptiFineTransformer@36fc05ff to Target : PRE_CLASS {Lnet/minecraft/world/level/lighting/DynamicGraphMinFixedPoint$1;} {} {V}
[11Apr2025 16:50:33.416] [main/DEBUG] [cpw.mods.modlauncher.TransformStore/MODLAUNCHER]: Adding transformer optifine.OptiFineTransformer@36fc05ff to Target : PRE_CLASS {Lnet/minecraft/world/level/entity/EntitySection;} {} {V}
[11Apr2025 16:50:33.416] [main/DEBUG] [cpw.mods.modlauncher.TransformStore/MODLAUNCHER]: Adding transformer optifine.OptiFineTransformer@36fc05ff to Target : PRE_CLASS {Lnet/minecraft/client/renderer/entity/layers/DrownedOuterLayer;} {} {V}
[11Apr2025 16:50:33.417] [main/DEBUG] [cpw.mods.modlauncher.TransformStore/MODLAUNCHER]: Adding transformer optifine.OptiFineTransformer@36fc05ff to Target : PRE_CLASS {Lnet/minecraft/client/renderer/block/ModelBlockRenderer$SizeInfo;} {} {V}
[11Apr2025 16:50:33.417] [main/DEBUG] [cpw.mods.modlauncher.TransformationServiceDecorator/MODLAUNCHER]: Initialized transformers for transformation service OptiFine
[11Apr2025 16:50:33.417] [main/DEBUG] [cpw.mods.modlauncher.TransformationServiceDecorator/MODLAUNCHER]: Initializing transformers for transformation service fml
[11Apr2025 16:50:33.417] [main/DEBUG] [net.minecraftforge.fml.loading.FMLServiceProvider/CORE]: Loading coremod transformers
[11Apr2025 16:50:33.417] [main/DEBUG] [net.minecraftforge.coremod.CoreModEngine/COREMOD]: Loading CoreMod from potion-effects-shift.js
[11Apr2025 16:50:33.812] [main/DEBUG] [net.minecraftforge.coremod.CoreModEngine/COREMOD]: CoreMod loaded successfully
[11Apr2025 16:50:33.813] [main/DEBUG] [net.minecraftforge.coremod.CoreModEngine/COREMOD]: Loading CoreMod from coremods/field_to_method.js
[11Apr2025 16:50:33.878] [main/DEBUG] [net.minecraftforge.coremod.CoreModEngine/COREMOD]: CoreMod loaded successfully
[11Apr2025 16:50:33.878] [main/DEBUG] [net.minecraftforge.coremod.CoreModEngine/COREMOD]: Loading CoreMod from coremods/field_to_instanceof.js
[11Apr2025 16:50:33.948] [main/DEBUG] [net.minecraftforge.coremod.CoreModEngine/COREMOD]: CoreMod loaded successfully
[11Apr2025 16:50:33.948] [main/DEBUG] [net.minecraftforge.coremod.CoreModEngine/COREMOD]: Loading CoreMod from coremods/add_bouncer_method.js
[11Apr2025 16:50:34.003] [main/DEBUG] [net.minecraftforge.coremod.CoreModEngine/COREMOD]: CoreMod loaded successfully
[11Apr2025 16:50:34.008] [main/DEBUG] [cpw.mods.modlauncher.TransformStore/MODLAUNCHER]: Adding transformer net.minecraftforge.coremod.transformer.CoreModClassTransformer@1bb740f2 to Target : CLASS {Lnet/minecraft/world/level/biome/Biome;} {} {V}
[11Apr2025 16:50:34.009] [main/DEBUG] [cpw.mods.modlauncher.TransformStore/MODLAUNCHER]: Adding transformer net.minecraftforge.coremod.transformer.CoreModClassTransformer@2538bc06 to Target : CLASS {Lnet/minecraft/world/level/levelgen/structure/Structure;} {} {V}
[11Apr2025 16:50:34.009] [main/DEBUG] [cpw.mods.modlauncher.TransformStore/MODLAUNCHER]: Adding transformer net.minecraftforge.coremod.transformer.CoreModClassTransformer@61f6d381 to Target : CLASS {Lnet/minecraft/world/effect/MobEffectInstance;} {} {V}
[11Apr2025 16:50:34.009] [main/DEBUG] [cpw.mods.modlauncher.TransformStore/MODLAUNCHER]: Adding transformer net.minecraftforge.coremod.transformer.CoreModClassTransformer@656922a0 to Target : CLASS {Lnet/minecraft/world/level/block/LiquidBlock;} {} {V}
[11Apr2025 16:50:34.009] [main/DEBUG] [cpw.mods.modlauncher.TransformStore/MODLAUNCHER]: Adding transformer net.minecraftforge.coremod.transformer.CoreModClassTransformer@44784e2f to Target : CLASS {Lnet/minecraft/world/item/BucketItem;} {} {V}
[11Apr2025 16:50:34.009] [main/DEBUG] [cpw.mods.modlauncher.TransformStore/MODLAUNCHER]: Adding transformer net.minecraftforge.coremod.transformer.CoreModClassTransformer@2440022a to Target : CLASS {Lnet/minecraft/world/level/block/StairBlock;} {} {V}
[11Apr2025 16:50:34.009] [main/DEBUG] [cpw.mods.modlauncher.TransformStore/MODLAUNCHER]: Adding transformer net.minecraftforge.coremod.transformer.CoreModClassTransformer@737db7f8 to Target : CLASS {Lnet/minecraft/world/level/block/FlowerPotBlock;} {} {V}
[11Apr2025 16:50:34.010] [main/DEBUG] [cpw.mods.modlauncher.TransformStore/MODLAUNCHER]: Adding transformer net.minecraftforge.coremod.transformer.CoreModClassTransformer@5f2de715 to Target : CLASS {Lnet/minecraft/world/item/ItemStack;} {} {V}
[11Apr2025 16:50:34.010] [main/DEBUG] [cpw.mods.modlauncher.TransformStore/MODLAUNCHER]: Adding transformer net.minecraftforge.coremod.transformer.CoreModClassTransformer@5922d3e9 to Target : CLASS {Lnet/minecraft/network/play/client/CClientSettingsPacket;} {} {V}
[11Apr2025 16:50:34.010] [main/DEBUG] [cpw.mods.modlauncher.TransformStore/MODLAUNCHER]: Adding transformer net.minecraftforge.coremod.transformer.CoreModMethodTransformer@630b6190 to Target : METHOD {Lnet/minecraft/client/gui/Gui;} {m_93028_} {(Lcom/mojang/blaze3d/vertex/PoseStack;)V}
[11Apr2025 16:50:34.010] [main/DEBUG] [cpw.mods.modlauncher.TransformationServiceDecorator/MODLAUNCHER]: Initialized transformers for transformation service fml
[11Apr2025 16:50:34.053] [main/INFO] [optifine.OptiFineTransformationService/]: additionalClassesLocator: [optifine., net.optifine.]
[11Apr2025 16:50:34.768] [main/DEBUG] [mixin/]: Processing prepare() for PlatformAgent[MixinPlatformAgentDefault:ModLauncher Root Container(ModLauncher:4f56a0a2)]
[11Apr2025 16:50:34.768] [main/DEBUG] [mixin/]: Processing launch tasks for PlatformAgent[MixinPlatformAgentDefault:ModLauncher Root Container(ModLauncher:4f56a0a2)]
[11Apr2025 16:50:34.769] [main/DEBUG] [mixin/]: Adding mixin platform agents for container SecureJarResource(net.optifine)
[11Apr2025 16:50:34.769] [main/DEBUG] [mixin/]: Instancing new MixinPlatformAgentMinecraftForge for SecureJarResource(net.optifine)
[11Apr2025 16:50:34.769] [main/DEBUG] [mixin/]: MixinPlatformAgentMinecraftForge rejected container SecureJarResource(net.optifine)
[11Apr2025 16:50:34.769] [main/DEBUG] [mixin/]: Instancing new MixinPlatformAgentDefault for SecureJarResource(net.optifine)
[11Apr2025 16:50:34.769] [main/DEBUG] [mixin/]: MixinPlatformAgentDefault accepted container SecureJarResource(net.optifine)
[11Apr2025 16:50:34.769] [main/DEBUG] [mixin/]: Processing prepare() for PlatformAgent[MixinPlatformAgentDefault:SecureJarResource(net.optifine)]
[11Apr2025 16:50:34.769] [main/DEBUG] [mixin/]: Adding mixin platform agents for container SecureJarResource(minecraft)
[11Apr2025 16:50:34.769] [main/DEBUG] [mixin/]: Instancing new MixinPlatformAgentMinecraftForge for SecureJarResource(minecraft)
[11Apr2025 16:50:34.769] [main/DEBUG] [mixin/]: MixinPlatformAgentMinecraftForge rejected container SecureJarResource(minecraft)
[11Apr2025 16:50:34.769] [main/DEBUG] [mixin/]: Instancing new MixinPlatformAgentDefault for SecureJarResource(minecraft)
[11Apr2025 16:50:34.769] [main/DEBUG] [mixin/]: MixinPlatformAgentDefault accepted container SecureJarResource(minecraft)
[11Apr2025 16:50:34.769] [main/DEBUG] [mixin/]: Processing prepare() for PlatformAgent[MixinPlatformAgentDefault:SecureJarResource(minecraft)]
[11Apr2025 16:50:34.770] [main/DEBUG] [mixin/]: Adding mixin platform agents for container SecureJarResource(creativecore)
[11Apr2025 16:50:34.770] [main/DEBUG] [mixin/]: Instancing new MixinPlatformAgentMinecraftForge for SecureJarResource(creativecore)
[11Apr2025 16:50:34.770] [main/DEBUG] [mixin/]: MixinPlatformAgentMinecraftForge rejected container SecureJarResource(creativecore)
[11Apr2025 16:50:34.770] [main/DEBUG] [mixin/]: Instancing new MixinPlatformAgentDefault for SecureJarResource(creativecore)
[11Apr2025 16:50:34.770] [main/DEBUG] [mixin/]: MixinPlatformAgentDefault accepted container SecureJarResource(creativecore)
[11Apr2025 16:50:34.770] [main/DEBUG] [mixin/]: Processing prepare() for PlatformAgent[MixinPlatformAgentDefault:SecureJarResource(creativecore)]
[11Apr2025 16:50:34.771] [main/DEBUG] [mixin/]: Registering mixin config: creativecore.mixins.json
[11Apr2025 16:50:34.797] [main/DEBUG] [mixin/]: Compatibility level JAVA_17 specified by creativecore.mixins.json is higher than the maximum level supported by this version of mixin (JAVA_13).
[11Apr2025 16:50:34.801] [main/INFO] [mixin/]: Compatibility level set to JAVA_17
[11Apr2025 16:50:34.802] [main/DEBUG] [mixin/]: Registering mixin config: creativecore.forge.mixins.json
[11Apr2025 16:50:34.804] [main/DEBUG] [mixin/]: Adding mixin platform agents for container SecureJarResource(jei)
[11Apr2025 16:50:34.804] [main/DEBUG] [mixin/]: Instancing new MixinPlatformAgentMinecraftForge for SecureJarResource(jei)
[11Apr2025 16:50:34.804] [main/DEBUG] [mixin/]: MixinPlatformAgentMinecraftForge rejected container SecureJarResource(jei)
[11Apr2025 16:50:34.804] [main/DEBUG] [mixin/]: Instancing new MixinPlatformAgentDefault for SecureJarResource(jei)
[11Apr2025 16:50:34.805] [main/DEBUG] [mixin/]: MixinPlatformAgentDefault accepted container SecureJarResource(jei)
[11Apr2025 16:50:34.805] [main/DEBUG] [mixin/]: Processing prepare() for PlatformAgent[MixinPlatformAgentDefault:SecureJarResource(jei)]
[11Apr2025 16:50:34.805] [main/DEBUG] [mixin/]: Adding mixin platform agents for container SecureJarResource(paragon)
[11Apr2025 16:50:34.805] [main/DEBUG] [mixin/]: Instancing new MixinPlatformAgentMinecraftForge for SecureJarResource(paragon)
[11Apr2025 16:50:34.805] [main/DEBUG] [mixin/]: MixinPlatformAgentMinecraftForge rejected container SecureJarResource(paragon)
[11Apr2025 16:50:34.805] [main/DEBUG] [mixin/]: Instancing new MixinPlatformAgentDefault for SecureJarResource(paragon)
[11Apr2025 16:50:34.805] [main/DEBUG] [mixin/]: MixinPlatformAgentDefault accepted container SecureJarResource(paragon)
[11Apr2025 16:50:34.805] [main/DEBUG] [mixin/]: Processing prepare() for PlatformAgent[MixinPlatformAgentDefault:SecureJarResource(paragon)]
[11Apr2025 16:50:34.805] [main/DEBUG] [mixin/]: Adding mixin platform agents for container SecureJarResource(lionfishapi)
[11Apr2025 16:50:34.805] [main/DEBUG] [mixin/]: Instancing new MixinPlatformAgentMinecraftForge for SecureJarResource(lionfishapi)
[11Apr2025 16:50:34.805] [main/DEBUG] [mixin/]: MixinPlatformAgentMinecraftForge rejected container SecureJarResource(lionfishapi)
[11Apr2025 16:50:34.806] [main/DEBUG] [mixin/]: Instancing new MixinPlatformAgentDefault for SecureJarResource(lionfishapi)
[11Apr2025 16:50:34.806] [main/DEBUG] [mixin/]: MixinPlatformAgentDefault accepted container SecureJarResource(lionfishapi)
[11Apr2025 16:50:34.806] [main/DEBUG] [mixin/]: Processing prepare() for PlatformAgent[MixinPlatformAgentDefault:SecureJarResource(lionfishapi)]
[11Apr2025 16:50:34.806] [main/DEBUG] [mixin/]: Registering mixin config: lionfishapi.mixins.json
[11Apr2025 16:50:34.807] [main/DEBUG] [mixin/]: Adding mixin platform agents for container SecureJarResource(goblintraders)
[11Apr2025 16:50:34.807] [main/DEBUG] [mixin/]: Instancing new MixinPlatformAgentMinecraftForge for SecureJarResource(goblintraders)
[11Apr2025 16:50:34.808] [main/DEBUG] [mixin/]: MixinPlatformAgentMinecraftForge rejected container SecureJarResource(goblintraders)
[11Apr2025 16:50:34.808] [main/DEBUG] [mixin/]: Instancing new MixinPlatformAgentDefault for SecureJarResource(goblintraders)
[11Apr2025 16:50:34.808] [main/DEBUG] [mixin/]: MixinPlatformAgentDefault accepted container SecureJarResource(goblintraders)
[11Apr2025 16:50:34.808] [main/DEBUG] [mixin/]: Processing prepare() for PlatformAgent[MixinPlatformAgentDefault:SecureJarResource(goblintraders)]
[11Apr2025 16:50:34.808] [main/DEBUG] [mixin/]: Registering mixin config: goblintraders.mixins.json
[11Apr2025 16:50:34.810] [main/DEBUG] [mixin/]: Compatibility level JAVA_8 specified by goblintraders.mixins.json is lower than the default level supported by the current mixin service (JAVA_16).
[11Apr2025 16:50:34.811] [main/DEBUG] [mixin/]: Adding mixin platform agents for container SecureJarResource(archaeology)
[11Apr2025 16:50:34.811] [main/DEBUG] [mixin/]: Instancing new MixinPlatformAgentMinecraftForge for SecureJarResource(archaeology)
[11Apr2025 16:50:34.811] [main/DEBUG] [mixin/]: MixinPlatformAgentMinecraftForge rejected container SecureJarResource(archaeology)
[11Apr2025 16:50:34.811] [main/DEBUG] [mixin/]: Instancing new MixinPlatformAgentDefault for SecureJarResource(archaeology)
[11Apr2025 16:50:34.811] [main/DEBUG] [mixin/]: MixinPlatformAgentDefault accepted container SecureJarResource(archaeology)
[11Apr2025 16:50:34.811] [main/DEBUG] [mixin/]: Processing prepare() for PlatformAgent[MixinPlatformAgentDefault:SecureJarResource(archaeology)]
[11Apr2025 16:50:34.811] [main/DEBUG] [mixin/]: Registering mixin config: archaeology.mixins.json
[11Apr2025 16:50:34.813] [main/DEBUG] [mixin/]: Adding mixin platform agents for container SecureJarResource(curios)
[11Apr2025 16:50:34.813] [main/DEBUG] [mixin/]: Instancing new MixinPlatformAgentMinecraftForge for SecureJarResource(curios)
[11Apr2025 16:50:34.813] [main/DEBUG] [mixin/]: MixinPlatformAgentMinecraftForge rejected container SecureJarResource(curios)
[11Apr2025 16:50:34.813] [main/DEBUG] [mixin/]: Instancing new MixinPlatformAgentDefault for SecureJarResource(curios)
[11Apr2025 16:50:34.813] [main/DEBUG] [mixin/]: MixinPlatformAgentDefault accepted container SecureJarResource(curios)
[11Apr2025 16:50:34.813] [main/DEBUG] [mixin/]: Processing prepare() for PlatformAgent[MixinPlatformAgentDefault:SecureJarResource(curios)]
[11Apr2025 16:50:34.814] [main/DEBUG] [mixin/]: Registering mixin config: curios.mixins.json
[11Apr2025 16:50:34.816] [main/DEBUG] [mixin/]: Adding mixin platform agents for container SecureJarResource(cataclysm)
[11Apr2025 16:50:34.816] [main/DEBUG] [mixin/]: Instancing new MixinPlatformAgentMinecraftForge for SecureJarResource(cataclysm)
[11Apr2025 16:50:34.816] [main/DEBUG] [mixin/]: MixinPlatformAgentMinecraftForge rejected container SecureJarResource(cataclysm)
[11Apr2025 16:50:34.816] [main/DEBUG] [mixin/]: Instancing new MixinPlatformAgentDefault for SecureJarResource(cataclysm)
[11Apr2025 16:50:34.816] [main/DEBUG] [mixin/]: MixinPlatformAgentDefault accepted container SecureJarResource(cataclysm)
[11Apr2025 16:50:34.816] [main/DEBUG] [mixin/]: Processing prepare() for PlatformAgent[MixinPlatformAgentDefault:SecureJarResource(cataclysm)]
[11Apr2025 16:50:34.816] [main/DEBUG] [mixin/]: Registering mixin config: cataclysm.mixins.json
[11Apr2025 16:50:34.820] [main/DEBUG] [mixin/]: Adding mixin platform agents for container SecureJarResource(ringsofascension)
[11Apr2025 16:50:34.820] [main/DEBUG] [mixin/]: Instancing new MixinPlatformAgentMinecraftForge for SecureJarResource(ringsofascension)
[11Apr2025 16:50:34.820] [main/DEBUG] [mixin/]: MixinPlatformAgentMinecraftForge rejected container SecureJarResource(ringsofascension)
[11Apr2025 16:50:34.820] [main/DEBUG] [mixin/]: Instancing new MixinPlatformAgentDefault for SecureJarResource(ringsofascension)
[11Apr2025 16:50:34.820] [main/DEBUG] [mixin/]: MixinPlatformAgentDefault accepted container SecureJarResource(ringsofascension)
[11Apr2025 16:50:34.821] [main/DEBUG] [mixin/]: Processing prepare() for PlatformAgent[MixinPlatformAgentDefault:SecureJarResource(ringsofascension)]
[11Apr2025 16:50:34.821] [main/DEBUG] [mixin/]: Adding mixin platform agents for container SecureJarResource(journeymap)
[11Apr2025 16:50:34.821] [main/DEBUG] [mixin/]: Instancing new MixinPlatformAgentMinecraftForge for SecureJarResource(journeymap)
[11Apr2025 16:50:34.821] [main/DEBUG] [mixin/]: MixinPlatformAgentMinecraftForge rejected container SecureJarResource(journeymap)
[11Apr2025 16:50:34.821] [main/DEBUG] [mixin/]: Instancing new MixinPlatformAgentDefault for SecureJarResource(journeymap)
[11Apr2025 16:50:34.821] [main/DEBUG] [mixin/]: MixinPlatformAgentDefault accepted container SecureJarResource(journeymap)
[11Apr2025 16:50:34.821] [main/DEBUG] [mixin/]: Processing prepare() for PlatformAgent[MixinPlatformAgentDefault:SecureJarResource(journeymap)]
[11Apr2025 16:50:34.821] [main/DEBUG] [mixin/]: Registering mixin config: journeymap.mixins.json
[11Apr2025 16:50:34.822] [main/DEBUG] [mixin/]: Adding mixin platform agents for container SecureJarResource(citadel)
[11Apr2025 16:50:34.822] [main/DEBUG] [mixin/]: Instancing new MixinPlatformAgentMinecraftForge for SecureJarResource(citadel)
[11Apr2025 16:50:34.823] [main/DEBUG] [mixin/]: MixinPlatformAgentMinecraftForge rejected container SecureJarResource(citadel)
[11Apr2025 16:50:34.823] [main/DEBUG] [mixin/]: Instancing new MixinPlatformAgentDefault for SecureJarResource(citadel)
[11Apr2025 16:50:34.824] [main/DEBUG] [mixin/]: MixinPlatformAgentDefault accepted container SecureJarResource(citadel)
[11Apr2025 16:50:34.825] [main/DEBUG] [mixin/]: Processing prepare() for PlatformAgent[MixinPlatformAgentDefault:SecureJarResource(citadel)]
[11Apr2025 16:50:34.825] [main/DEBUG] [mixin/]: Registering mixin config: citadel.mixins.json
[11Apr2025 16:50:34.830] [main/DEBUG] [mixin/]: Adding mixin platform agents for container SecureJarResource(artifacts)
[11Apr2025 16:50:34.830] [main/DEBUG] [mixin/]: Instancing new MixinPlatformAgentMinecraftForge for SecureJarResource(artifacts)
[11Apr2025 16:50:34.831] [main/DEBUG] [mixin/]: MixinPlatformAgentMinecraftForge rejected container SecureJarResource(artifacts)
[11Apr2025 16:50:34.831] [main/DEBUG] [mixin/]: Instancing new MixinPlatformAgentDefault for SecureJarResource(artifacts)
[11Apr2025 16:50:34.831] [main/DEBUG] [mixin/]: MixinPlatformAgentDefault accepted container SecureJarResource(artifacts)
[11Apr2025 16:50:34.831] [main/DEBUG] [mixin/]: Processing prepare() for PlatformAgent[MixinPlatformAgentDefault:SecureJarResource(artifacts)]
[11Apr2025 16:50:34.831] [main/DEBUG] [mixin/]: Registering mixin config: mixins.artifacts.json
[11Apr2025 16:50:34.835] [main/DEBUG] [mixin/]: Compatibility level JAVA_8 specified by mixins.artifacts.json is lower than the default level supported by the current mixin service (JAVA_16).
[11Apr2025 16:50:34.835] [main/DEBUG] [mixin/]: Adding mixin platform agents for container SecureJarResource(travelersbackpack)
[11Apr2025 16:50:34.835] [main/DEBUG] [mixin/]: Instancing new MixinPlatformAgentMinecraftForge for SecureJarResource(travelersbackpack)
[11Apr2025 16:50:34.835] [main/DEBUG] [mixin/]: MixinPlatformAgentMinecraftForge rejected container SecureJarResource(travelersbackpack)
[11Apr2025 16:50:34.835] [main/DEBUG] [mixin/]: Instancing new MixinPlatformAgentDefault for SecureJarResource(travelersbackpack)
[11Apr2025 16:50:34.836] [main/DEBUG] [mixin/]: MixinPlatformAgentDefault accepted container SecureJarResource(travelersbackpack)
[11Apr2025 16:50:34.836] [main/DEBUG] [mixin/]: Processing prepare() for PlatformAgent[MixinPlatformAgentDefault:SecureJarResource(travelersbackpack)]
[11Apr2025 16:50:34.836] [main/DEBUG] [mixin/]: Adding mixin platform agents for container SecureJarResource(tombstone)
[11Apr2025 16:50:34.836] [main/DEBUG] [mixin/]: Instancing new MixinPlatformAgentMinecraftForge for SecureJarResource(tombstone)
[11Apr2025 16:50:34.836] [main/DEBUG] [mixin/]: MixinPlatformAgentMinecraftForge rejected container SecureJarResource(tombstone)
[11Apr2025 16:50:34.836] [main/DEBUG] [mixin/]: Instancing new MixinPlatformAgentDefault for SecureJarResource(tombstone)
[11Apr2025 16:50:34.836] [main/DEBUG] [mixin/]: MixinPlatformAgentDefault accepted container SecureJarResource(tombstone)
[11Apr2025 16:50:34.836] [main/DEBUG] [mixin/]: Processing prepare() for PlatformAgent[MixinPlatformAgentDefault:SecureJarResource(tombstone)]
[11Apr2025 16:50:34.837] [main/DEBUG] [mixin/]: Registering mixin config: tombstone.mixins.json
[11Apr2025 16:50:34.838] [main/DEBUG] [mixin/]: Adding mixin platform agents for container SecureJarResource(appleskin)
[11Apr2025 16:50:34.838] [main/DEBUG] [mixin/]: Instancing new MixinPlatformAgentMinecraftForge for SecureJarResource(appleskin)
[11Apr2025 16:50:34.838] [main/DEBUG] [mixin/]: MixinPlatformAgentMinecraftForge rejected container SecureJarResource(appleskin)
[11Apr2025 16:50:34.838] [main/DEBUG] [mixin/]: Instancing new MixinPlatformAgentDefault for SecureJarResource(appleskin)
[11Apr2025 16:50:34.839] [main/DEBUG] [mixin/]: MixinPlatformAgentDefault accepted container SecureJarResource(appleskin)
[11Apr2025 16:50:34.839] [main/DEBUG] [mixin/]: Processing prepare() for PlatformAgent[MixinPlatformAgentDefault:SecureJarResource(appleskin)]
[11Apr2025 16:50:34.839] [main/DEBUG] [mixin/]: Adding mixin platform agents for container SecureJarResource(deeperdarker)
[11Apr2025 16:50:34.839] [main/DEBUG] [mixin/]: Instancing new MixinPlatformAgentMinecraftForge for SecureJarResource(deeperdarker)
[11Apr2025 16:50:34.839] [main/DEBUG] [mixin/]: MixinPlatformAgentMinecraftForge rejected container SecureJarResource(deeperdarker)
[11Apr2025 16:50:34.839] [main/DEBUG] [mixin/]: Instancing new MixinPlatformAgentDefault for SecureJarResource(deeperdarker)
[11Apr2025 16:50:34.839] [main/DEBUG] [mixin/]: MixinPlatformAgentDefault accepted container SecureJarResource(deeperdarker)
[11Apr2025 16:50:34.839] [main/DEBUG] [mixin/]: Processing prepare() for PlatformAgent[MixinPlatformAgentDefault:SecureJarResource(deeperdarker)]
[11Apr2025 16:50:34.839] [main/DEBUG] [mixin/]: Adding mixin platform agents for container SecureJarResource(mutantmore)
[11Apr2025 16:50:34.839] [main/DEBUG] [mixin/]: Instancing new MixinPlatformAgentMinecraftForge for SecureJarResource(mutantmore)
[11Apr2025 16:50:34.839] [main/DEBUG] [mixin/]: MixinPlatformAgentMinecraftForge rejected container SecureJarResource(mutantmore)
[11Apr2025 16:50:34.840] [main/DEBUG] [mixin/]: Instancing new MixinPlatformAgentDefault for SecureJarResource(mutantmore)
[11Apr2025 16:50:34.840] [main/DEBUG] [mixin/]: MixinPlatformAgentDefault accepted container SecureJarResource(mutantmore)
[11Apr2025 16:50:34.840] [main/DEBUG] [mixin/]: Processing prepare() for PlatformAgent[MixinPlatformAgentDefault:SecureJarResource(mutantmore)]
[11Apr2025 16:50:34.840] [main/DEBUG] [mixin/]: Registering mixin config: mutantmore.mixins.json
[11Apr2025 16:50:34.841] [main/DEBUG] [mixin/]: Adding mixin platform agents for container SecureJarResource(forge)
[11Apr2025 16:50:34.841] [main/DEBUG] [mixin/]: Instancing new MixinPlatformAgentMinecraftForge for SecureJarResource(forge)
[11Apr2025 16:50:34.841] [main/DEBUG] [mixin/]: MixinPlatformAgentMinecraftForge rejected container SecureJarResource(forge)
[11Apr2025 16:50:34.841] [main/DEBUG] [mixin/]: Instancing new MixinPlatformAgentDefault for SecureJarResource(forge)
[11Apr2025 16:50:34.842] [main/DEBUG] [mixin/]: MixinPlatformAgentDefault accepted container SecureJarResource(forge)
[11Apr2025 16:50:34.842] [main/DEBUG] [mixin/]: Processing prepare() for PlatformAgent[MixinPlatformAgentDefault:SecureJarResource(forge)]
[11Apr2025 16:50:34.842] [main/DEBUG] [mixin/]: Adding mixin platform agents for container SecureJarResource(expandability)
[11Apr2025 16:50:34.842] [main/DEBUG] [mixin/]: Instancing new MixinPlatformAgentMinecraftForge for SecureJarResource(expandability)
[11Apr2025 16:50:34.842] [main/DEBUG] [mixin/]: MixinPlatformAgentMinecraftForge rejected container SecureJarResource(expandability)
[11Apr2025 16:50:34.842] [main/DEBUG] [mixin/]: Instancing new MixinPlatformAgentDefault for SecureJarResource(expandability)
[11Apr2025 16:50:34.842] [main/DEBUG] [mixin/]: MixinPlatformAgentDefault accepted container SecureJarResource(expandability)
[11Apr2025 16:50:34.843] [main/DEBUG] [mixin/]: Processing prepare() for PlatformAgent[MixinPlatformAgentDefault:SecureJarResource(expandability)]
[11Apr2025 16:50:34.843] [main/DEBUG] [mixin/]: Registering mixin config: expandability.mixins.json
[11Apr2025 16:50:34.845] [main/DEBUG] [mixin/]: Registering mixin config: expandability-common.mixins.json
[11Apr2025 16:50:34.847] [main/DEBUG] [mixin/]: Adding mixin platform agents for container SecureJarResource(geckolib3)
[11Apr2025 16:50:34.847] [main/DEBUG] [mixin/]: Instancing new MixinPlatformAgentMinecraftForge for SecureJarResource(geckolib3)
[11Apr2025 16:50:34.848] [main/DEBUG] [mixin/]: MixinPlatformAgentMinecraftForge rejected container SecureJarResource(geckolib3)
[11Apr2025 16:50:34.848] [main/DEBUG] [mixin/]: Instancing new MixinPlatformAgentDefault for SecureJarResource(geckolib3)
[11Apr2025 16:50:34.848] [main/DEBUG] [mixin/]: MixinPlatformAgentDefault accepted container SecureJarResource(geckolib3)
[11Apr2025 16:50:34.848] [main/DEBUG] [mixin/]: Processing prepare() for PlatformAgent[MixinPlatformAgentDefault:SecureJarResource(geckolib3)]
[11Apr2025 16:50:34.848] [main/DEBUG] [mixin/]: Adding mixin platform agents for container SecureJarResource(playerrevive)
[11Apr2025 16:50:34.848] [main/DEBUG] [mixin/]: Instancing new MixinPlatformAgentMinecraftForge for SecureJarResource(playerrevive)
[11Apr2025 16:50:34.849] [main/DEBUG] [mixin/]: MixinPlatformAgentMinecraftForge rejected container SecureJarResource(playerrevive)
[11Apr2025 16:50:34.849] [main/DEBUG] [mixin/]: Instancing new MixinPlatformAgentDefault for SecureJarResource(playerrevive)
[11Apr2025 16:50:34.849] [main/DEBUG] [mixin/]: MixinPlatformAgentDefault accepted container SecureJarResource(playerrevive)
[11Apr2025 16:50:34.850] [main/DEBUG] [mixin/]: Processing prepare() for PlatformAgent[MixinPlatformAgentDefault:SecureJarResource(playerrevive)]
[11Apr2025 16:50:34.850] [main/DEBUG] [mixin/]: Registering mixin config: playerrevive.mixins.json
[11Apr2025 16:50:34.852] [main/DEBUG] [mixin/]: Adding mixin platform agents for container SecureJarResource(org.yaml.snakeyaml)
[11Apr2025 16:50:34.853] [main/DEBUG] [mixin/]: Instancing new MixinPlatformAgentMinecraftForge for SecureJarResource(org.yaml.snakeyaml)
[11Apr2025 16:50:34.853] [main/DEBUG] [mixin/]: MixinPlatformAgentMinecraftForge rejected container SecureJarResource(org.yaml.snakeyaml)
[11Apr2025 16:50:34.853] [main/DEBUG] [mixin/]: Instancing new MixinPlatformAgentDefault for SecureJarResource(org.yaml.snakeyaml)
[11Apr2025 16:50:34.853] [main/DEBUG] [mixin/]: MixinPlatformAgentDefault accepted container SecureJarResource(org.yaml.snakeyaml)
[11Apr2025 16:50:34.853] [main/DEBUG] [mixin/]: Processing prepare() for PlatformAgent[MixinPlatformAgentDefault:SecureJarResource(org.yaml.snakeyaml)]
[11Apr2025 16:50:34.854] [main/DEBUG] [mixin/]: Adding mixin platform agents for container SecureJarResource(jankson)
[11Apr2025 16:50:34.854] [main/DEBUG] [mixin/]: Instancing new MixinPlatformAgentMinecraftForge for SecureJarResource(jankson)
[11Apr2025 16:50:34.854] [main/DEBUG] [mixin/]: MixinPlatformAgentMinecraftForge rejected container SecureJarResource(jankson)
[11Apr2025 16:50:34.854] [main/DEBUG] [mixin/]: Instancing new MixinPlatformAgentDefault for SecureJarResource(jankson)
[11Apr2025 16:50:34.854] [main/DEBUG] [mixin/]: MixinPlatformAgentDefault accepted container SecureJarResource(jankson)
[11Apr2025 16:50:34.855] [main/DEBUG] [mixin/]: Processing prepare() for PlatformAgent[MixinPlatformAgentDefault:SecureJarResource(jankson)]
[11Apr2025 16:50:34.855] [main/DEBUG] [mixin/]: Adding mixin platform agents for container SecureJarResource(toml4j)
[11Apr2025 16:50:34.855] [main/DEBUG] [mixin/]: Instancing new MixinPlatformAgentMinecraftForge for SecureJarResource(toml4j)
[11Apr2025 16:50:34.855] [main/DEBUG] [mixin/]: MixinPlatformAgentMinecraftForge rejected container SecureJarResource(toml4j)
[11Apr2025 16:50:34.855] [main/DEBUG] [mixin/]: Instancing new MixinPlatformAgentDefault for SecureJarResource(toml4j)
[11Apr2025 16:50:34.855] [main/DEBUG] [mixin/]: MixinPlatformAgentDefault accepted container SecureJarResource(toml4j)
[11Apr2025 16:50:34.855] [main/DEBUG] [mixin/]: Processing prepare() for PlatformAgent[MixinPlatformAgentDefault:SecureJarResource(toml4j)]
[11Apr2025 16:50:34.856] [main/DEBUG] [mixin/]: Adding mixin platform agents for container SecureJarResource(MixinExtras.rc5)
[11Apr2025 16:50:34.856] [main/DEBUG] [mixin/]: Instancing new MixinPlatformAgentMinecraftForge for SecureJarResource(MixinExtras.rc5)
[11Apr2025 16:50:34.856] [main/DEBUG] [mixin/]: MixinPlatformAgentMinecraftForge rejected container SecureJarResource(MixinExtras.rc5)
[11Apr2025 16:50:34.856] [main/DEBUG] [mixin/]: Instancing new MixinPlatformAgentDefault for SecureJarResource(MixinExtras.rc5)
[11Apr2025 16:50:34.856] [main/DEBUG] [mixin/]: MixinPlatformAgentDefault accepted container SecureJarResource(MixinExtras.rc5)
[11Apr2025 16:50:34.856] [main/DEBUG] [mixin/]: Processing prepare() for PlatformAgent[MixinPlatformAgentDefault:SecureJarResource(MixinExtras.rc5)]
[11Apr2025 16:50:34.856] [main/DEBUG] [mixin/]: inject() running with 28 agents
[11Apr2025 16:50:34.857] [main/DEBUG] [mixin/]: Processing inject() for PlatformAgent[MixinPlatformAgentDefault:ModLauncher Root Container(ModLauncher:4f56a0a2)]
[11Apr2025 16:50:34.857] [main/DEBUG] [mixin/]: Processing inject() for PlatformAgent[MixinPlatformAgentDefault:SecureJarResource(net.optifine)]
[11Apr2025 16:50:34.857] [main/DEBUG] [mixin/]: Processing inject() for PlatformAgent[MixinPlatformAgentDefault:SecureJarResource(minecraft)]
[11Apr2025 16:50:34.857] [main/DEBUG] [mixin/]: Processing inject() for PlatformAgent[MixinPlatformAgentDefault:SecureJarResource(creativecore)]
[11Apr2025 16:50:34.857] [main/DEBUG] [mixin/]: Processing inject() for PlatformAgent[MixinPlatformAgentDefault:SecureJarResource(jei)]
[11Apr2025 16:50:34.857] [main/DEBUG] [mixin/]: Processing inject() for PlatformAgent[MixinPlatformAgentDefault:SecureJarResource(paragon)]
[11Apr2025 16:50:34.857] [main/DEBUG] [mixin/]: Processing inject() for PlatformAgent[MixinPlatformAgentDefault:SecureJarResource(lionfishapi)]
[11Apr2025 16:50:34.857] [main/DEBUG] [mixin/]: Processing inject() for PlatformAgent[MixinPlatformAgentDefault:SecureJarResource(goblintraders)]
[11Apr2025 16:50:34.858] [main/DEBUG] [mixin/]: Processing inject() for PlatformAgent[MixinPlatformAgentDefault:SecureJarResource(archaeology)]
[11Apr2025 16:50:34.859] [main/DEBUG] [mixin/]: Processing inject() for PlatformAgent[MixinPlatformAgentDefault:SecureJarResource(curios)]
[11Apr2025 16:50:34.859] [main/DEBUG] [mixin/]: Processing inject() for PlatformAgent[MixinPlatformAgentDefault:SecureJarResource(cataclysm)]
[11Apr2025 16:50:34.859] [main/DEBUG] [mixin/]: Processing inject() for PlatformAgent[MixinPlatformAgentDefault:SecureJarResource(ringsofascension)]
[11Apr2025 16:50:34.859] [main/DEBUG] [mixin/]: Processing inject() for PlatformAgent[MixinPlatformAgentDefault:SecureJarResource(journeymap)]
[11Apr2025 16:50:34.860] [main/DEBUG] [mixin/]: Processing inject() for PlatformAgent[MixinPlatformAgentDefault:SecureJarResource(citadel)]
[11Apr2025 16:50:34.860] [main/DEBUG] [mixin/]: Processing inject() for PlatformAgent[MixinPlatformAgentDefault:SecureJarResource(artifacts)]
[11Apr2025 16:50:34.860] [main/DEBUG] [mixin/]: Processing inject() for PlatformAgent[MixinPlatformAgentDefault:SecureJarResource(travelersbackpack)]
[11Apr2025 16:50:34.860] [main/DEBUG] [mixin/]: Processing inject() for PlatformAgent[MixinPlatformAgentDefault:SecureJarResource(tombstone)]
[11Apr2025 16:50:34.861] [main/DEBUG] [mixin/]: Processing inject() for PlatformAgent[MixinPlatformAgentDefault:SecureJarResource(appleskin)]
[11Apr2025 16:50:34.861] [main/DEBUG] [mixin/]: Processing inject() for PlatformAgent[MixinPlatformAgentDefault:SecureJarResource(deeperdarker)]
[11Apr2025 16:50:34.861] [main/DEBUG] [mixin/]: Processing inject() for PlatformAgent[MixinPlatformAgentDefault:SecureJarResource(mutantmore)]
[11Apr2025 16:50:34.861] [main/DEBUG] [mixin/]: Processing inject() for PlatformAgent[MixinPlatformAgentDefault:SecureJarResource(forge)]
[11Apr2025 16:50:34.861] [main/DEBUG] [mixin/]: Processing inject() for PlatformAgent[MixinPlatformAgentDefault:SecureJarResource(expandability)]
[11Apr2025 16:50:34.861] [main/DEBUG] [mixin/]: Processing inject() for PlatformAgent[MixinPlatformAgentDefault:SecureJarResource(geckolib3)]
[11Apr2025 16:50:34.862] [main/DEBUG] [mixin/]: Processing inject() for PlatformAgent[MixinPlatformAgentDefault:SecureJarResource(playerrevive)]
[11Apr2025 16:50:34.862] [main/DEBUG] [mixin/]: Processing inject() for PlatformAgent[MixinPlatformAgentDefault:SecureJarResource(org.yaml.snakeyaml)]
[11Apr2025 16:50:34.862] [main/DEBUG] [mixin/]: Processing inject() for PlatformAgent[MixinPlatformAgentDefault:SecureJarResource(jankson)]
[11Apr2025 16:50:34.863] [main/DEBUG] [mixin/]: Processing inject() for PlatformAgent[MixinPlatformAgentDefault:SecureJarResource(toml4j)]
[11Apr2025 16:50:34.863] [main/DEBUG] [mixin/]: Processing inject() for PlatformAgent[MixinPlatformAgentDefault:SecureJarResource(MixinExtras.rc5)]
[11Apr2025 16:50:34.864] [main/INFO] [cpw.mods.modlauncher.LaunchServiceHandler/MODLAUNCHER]: Launching target 'forgeserver' with arguments [nogui]
[11Apr2025 16:50:34.908] [main/DEBUG] [mixin/]: Error cleaning class output directory: .mixin.out
[11Apr2025 16:50:34.909] [main/DEBUG] [mixin/]: Preparing mixins for MixinEnvironment[DEFAULT]
[11Apr2025 16:50:34.909] [main/DEBUG] [mixin/]: Selecting config creativecore.mixins.json
[11Apr2025 16:50:34.914] [main/DEBUG] [mixin/]: Selecting config creativecore.forge.mixins.json
[11Apr2025 16:50:34.915] [main/DEBUG] [mixin/]: Selecting config lionfishapi.mixins.json
[11Apr2025 16:50:34.916] [main/DEBUG] [mixin/]: Selecting config goblintraders.mixins.json
[11Apr2025 16:50:34.917] [main/DEBUG] [mixin/]: Selecting config archaeology.mixins.json
[11Apr2025 16:50:34.920] [main/DEBUG] [mixin/]: Selecting config curios.mixins.json
[11Apr2025 16:50:34.921] [main/DEBUG] [mixin/]: Selecting config cataclysm.mixins.json
[11Apr2025 16:50:34.922] [main/DEBUG] [mixin/]: Selecting config journeymap.mixins.json
[11Apr2025 16:50:34.924] [main/DEBUG] [mixin/]: Selecting config citadel.mixins.json
[11Apr2025 16:50:34.926] [main/DEBUG] [mixin/]: Selecting config mixins.artifacts.json
[11Apr2025 16:50:34.927] [main/DEBUG] [mixin/]: Selecting config tombstone.mixins.json
[11Apr2025 16:50:34.929] [main/DEBUG] [mixin/]: Selecting config mutantmore.mixins.json
[11Apr2025 16:50:34.930] [main/DEBUG] [mixin/]: Selecting config expandability.mixins.json
[11Apr2025 16:50:34.932] [main/DEBUG] [mixin/]: Selecting config expandability-common.mixins.json
[11Apr2025 16:50:34.968] [main/DEBUG] [mixin/]: Registering new injector for @Inject with org.spongepowered.asm.mixin.injection.struct.CallbackInjectionInfo
[11Apr2025 16:50:34.970] [main/DEBUG] [mixin/]: Registering new injector for @ModifyArg with org.spongepowered.asm.mixin.injection.struct.ModifyArgInjectionInfo
[11Apr2025 16:50:34.971] [main/DEBUG] [mixin/]: Registering new injector for @ModifyArgs with org.spongepowered.asm.mixin.injection.struct.ModifyArgsInjectionInfo
[11Apr2025 16:50:34.973] [main/DEBUG] [mixin/]: Registering new injector for @Redirect with org.spongepowered.asm.mixin.injection.struct.RedirectInjectionInfo
[11Apr2025 16:50:34.974] [main/DEBUG] [mixin/]: Registering new injector for @ModifyVariable with org.spongepowered.asm.mixin.injection.struct.ModifyVariableInjectionInfo
[11Apr2025 16:50:34.975] [main/DEBUG] [mixin/]: Registering new injector for @ModifyConstant with org.spongepowered.asm.mixin.injection.struct.ModifyConstantInjectionInfo
[11Apr2025 16:50:34.979] [main/DEBUG] [mixin/]: Registering new injector for @ModifyExpressionValue with com.llamalad7.mixinextras.injector.ModifyExpressionValueInjectionInfo
[11Apr2025 16:50:34.982] [main/DEBUG] [mixin/]: Registering new injector for @ModifyReceiver with com.llamalad7.mixinextras.injector.ModifyReceiverInjectionInfo
[11Apr2025 16:50:34.983] [main/DEBUG] [mixin/]: Registering new injector for @ModifyReturnValue with com.llamalad7.mixinextras.injector.ModifyReturnValueInjectionInfo
[11Apr2025 16:50:34.990] [main/DEBUG] [mixin/]: Registering new injector for @WrapOperation with com.llamalad7.mixinextras.injector.wrapoperation.WrapOperationInjectionInfo
[11Apr2025 16:50:34.995] [main/DEBUG] [mixin/]: Registering new injector for @WrapWithCondition with com.llamalad7.mixinextras.injector.WrapWithConditionInjectionInfo
[11Apr2025 16:50:34.997] [main/DEBUG] [mixin/]: Selecting config playerrevive.mixins.json
[11Apr2025 16:50:34.999] [main/DEBUG] [mixin/]: Preparing creativecore.mixins.json (3)
[11Apr2025 16:50:35.000] [main/DEBUG] [mixin/]: Preparing creativecore.forge.mixins.json (2)
[11Apr2025 16:50:35.000] [main/DEBUG] [mixin/]: Preparing lionfishapi.mixins.json (2)
[11Apr2025 16:50:35.119] [main/DEBUG] [mixin/]: Preparing goblintraders.mixins.json (5)
[11Apr2025 16:50:35.134] [main/DEBUG] [mixin/]: Preparing archaeology.mixins.json (6)
[11Apr2025 16:50:35.148] [main/DEBUG] [net.minecraftforge.coremod.transformer.CoreModBaseTransformer/COREMOD]: Transforming net/minecraft/world/level/levelgen/structure/Structure
[11Apr2025 16:50:35.167] [main/DEBUG] [mixin/]: Preparing curios.mixins.json (8)
[11Apr2025 16:50:35.203] [main/DEBUG] [mixin/]: Preparing cataclysm.mixins.json (14)
[11Apr2025 16:50:35.240] [main/DEBUG] [mixin/]: Preparing journeymap.mixins.json (2)
[11Apr2025 16:50:35.241] [main/DEBUG] [mixin/]: Preparing citadel.mixins.json (17)
[11Apr2025 16:50:35.324] [main/DEBUG] [mixin/]: Preparing mixins.artifacts.json (8)
[11Apr2025 16:50:35.362] [main/DEBUG] [mixin/]: Preparing tombstone.mixins.json (27)
[11Apr2025 16:50:35.429] [main/DEBUG] [net.minecraftforge.coremod.transformer.CoreModBaseTransformer/COREMOD]: Transforming net/minecraft/world/item/ItemStack
[11Apr2025 16:50:35.619] [main/DEBUG] [mixin/]: Preparing mutantmore.mixins.json (5)
[11Apr2025 16:50:35.623] [main/DEBUG] [mixin/]: Preparing expandability.mixins.json (4)
[11Apr2025 16:50:35.624] [main/DEBUG] [mixin/]: Preparing expandability-common.mixins.json (9)
[11Apr2025 16:50:35.632] [main/DEBUG] [mixin/]: Preparing playerrevive.mixins.json (3)
[11Apr2025 16:50:35.707] [main/DEBUG] [mixin/]: Prepared 81 mixins in 0.797 sec (9.8ms avg) (0ms load, 0ms transform, 0ms plugin)
[11Apr2025 16:50:35.735] [main/DEBUG] [mixin/]: Mixing MinecraftServerMixin from citadel.mixins.json into net.minecraft.server.MinecraftServer
[11Apr2025 16:50:35.892] [main/DEBUG] [mixin/]: Mixing DedicatedServerMixin from tombstone.mixins.json into net.minecraft.server.dedicated.DedicatedServer
[11Apr2025 16:50:35.971] [main/DEBUG] [io.netty.util.internal.logging.InternalLoggerFactory/]: Using SLF4J as the default logging framework
[11Apr2025 16:50:35.975] [main/DEBUG] [io.netty.util.ResourceLeakDetector/]: -Dio.netty.leakDetection.level: simple
[11Apr2025 16:50:35.976] [main/DEBUG] [io.netty.util.ResourceLeakDetector/]: -Dio.netty.leakDetection.targetRecords: 4
[11Apr2025 16:50:36.212] [main/DEBUG] [oshi.util.FileUtil/]: No oshi.properties file found from ClassLoader cpw.mods.modlauncher.TransformingClassLoader@4832f03b
[11Apr2025 16:50:36.212] [main/DEBUG] [oshi.util.FileUtil/]: No oshi.properties file found from ClassLoader jdk.internal.loader.ClassLoaders$AppClassLoader@76ed5528
[11Apr2025 16:50:36.234] [main/DEBUG] [oshi.util.FileUtil/]: Reading file /proc/cpuinfo
[11Apr2025 16:50:36.236] [main/DEBUG] [oshi.util.FileUtil/]: Reading file /proc/cpuinfo
[11Apr2025 16:50:36.248] [main/DEBUG] [oshi.util.FileUtil/]: No oshi.architecture.properties file found from ClassLoader cpw.mods.modlauncher.TransformingClassLoader@4832f03b
[11Apr2025 16:50:36.249] [main/DEBUG] [oshi.util.FileUtil/]: No oshi.architecture.properties file found from ClassLoader jdk.internal.loader.ClassLoaders$AppClassLoader@76ed5528
[11Apr2025 16:50:36.280] [main/DEBUG] [oshi.util.FileUtil/]: Reading file /proc/meminfo
[11Apr2025 16:50:36.281] [main/DEBUG] [oshi.util.FileUtil/]: Reading file /proc/meminfo
[11Apr2025 16:50:36.606] [main/DEBUG] [mixin/]: Mixing EntityMixin from lionfishapi.mixins.json into net.minecraft.world.entity.Entity
[11Apr2025 16:50:36.670] [main/DEBUG] [mixin/]: Mixing AccessorEntity from curios.mixins.json into net.minecraft.world.entity.Entity
[11Apr2025 16:50:36.680] [main/DEBUG] [mixin/]: Mixing item.aquadashers.EntityMixin from mixins.artifacts.json into net.minecraft.world.entity.Entity
[11Apr2025 16:50:36.681] [main/DEBUG] [mixin/]: mixins.artifacts.json:item.aquadashers.EntityMixin: Class version 61 required is higher than the class version supported by the current version of Mixin (JAVA_8 supports class version 52)
[11Apr2025 16:50:36.733] [main/DEBUG] [mixin/]: Mixing item.umbrella.EntityMixin from mixins.artifacts.json into net.minecraft.world.entity.Entity
[11Apr2025 16:50:36.734] [main/DEBUG] [mixin/]: mixins.artifacts.json:item.umbrella.EntityMixin: Class version 61 required is higher than the class version supported by the current version of Mixin (JAVA_8 supports class version 52)
[11Apr2025 16:50:36.740] [main/DEBUG] [mixin/]: Mixing EntityMixin from tombstone.mixins.json into net.minecraft.world.entity.Entity
[11Apr2025 16:50:36.749] [main/DEBUG] [mixin/]: Mixing swimming.EntityMixin from expandability.mixins.json into net.minecraft.world.entity.Entity
[11Apr2025 16:50:36.754] [main/DEBUG] [mixin/]: Mixing fluidcollision.EntityMixin from expandability-common.mixins.json into net.minecraft.world.entity.Entity
[11Apr2025 16:50:36.808] [main/DEBUG] [mixin/]: Mixing swimming.EntityMixin from expandability-common.mixins.json into net.minecraft.world.entity.Entity
[11Apr2025 16:50:37.010] [main/DEBUG] [mixin/]: Mixing MixinLivingEntity from curios.mixins.json into net.minecraft.world.entity.LivingEntity
[11Apr2025 16:50:37.013] [main/DEBUG] [mixin/]: Mixing LivingEntityMixin from cataclysm.mixins.json into net.minecraft.world.entity.LivingEntity
[11Apr2025 16:50:37.016] [main/DEBUG] [mixin/]: Mixing LivingEntityMixin from citadel.mixins.json into net.minecraft.world.entity.LivingEntity
[11Apr2025 16:50:37.040] [main/DEBUG] [mixin/]: Mixing LivingEntityMixin from tombstone.mixins.json into net.minecraft.world.entity.LivingEntity
[11Apr2025 16:50:37.043] [main/DEBUG] [mixin/]: Mixing swimming.LivingEntityMixin from expandability.mixins.json into net.minecraft.world.entity.LivingEntity
[11Apr2025 16:50:37.049] [main/DEBUG] [mixin/]: Mixing swimming.LivingEntityMixin from expandability-common.mixins.json into net.minecraft.world.entity.LivingEntity
[11Apr2025 16:50:37.174] [main/DEBUG] [mixin/]: Mixing LevelMixin from citadel.mixins.json into net.minecraft.world.level.Level
[11Apr2025 16:50:37.264] [main/DEBUG] [mixin/]: Mixing ServerLevelMixin from citadel.mixins.json into net.minecraft.server.level.ServerLevel
[11Apr2025 16:50:37.299] [main/DEBUG] [mixin/]: Mixing ItemMixin from cataclysm.mixins.json into net.minecraft.world.entity.item.ItemEntity
[11Apr2025 16:50:37.321] [main/DEBUG] [mixin/]: Mixing PlayerMixin from tombstone.mixins.json into net.minecraft.world.entity.player.Player
[11Apr2025 16:50:37.323] [main/DEBUG] [mixin/]: Mixing swimming.PlayerMixin from expandability-common.mixins.json into net.minecraft.world.entity.player.Player
[11Apr2025 16:50:37.325] [main/DEBUG] [mixin/]: Mixing PlayerMixin from playerrevive.mixins.json into net.minecraft.world.entity.player.Player
[11Apr2025 16:50:37.447] [main/DEBUG] [mixin/]: Mixing ItemMixin from tombstone.mixins.json into net.minecraft.world.item.Item
[11Apr2025 16:50:37.448] [main/DEBUG] [mixin/]: Renaming synthetic method lambda$methodIsFoil$1(Lnet/minecraft/world/item/ItemStack;Lovh/corail/tombstone/api/capability/ISoulConsumer;)Ljava/lang/Boolean; to mda9915c$lambda$methodIsFoil$1$0 in tombstone.mixins.json:ItemMixin
[11Apr2025 16:50:37.448] [main/DEBUG] [mixin/]: Renaming synthetic method lambda$methodGetName$0(Lnet/minecraft/world/item/ItemStack;Lovh/corail/tombstone/api/capability/ISoulConsumer;)Ljava/lang/Boolean; to mda9915c$lambda$methodGetName$0$1 in tombstone.mixins.json:ItemMixin
[11Apr2025 16:50:37.460] [main/DEBUG] [net.minecraftforge.coremod.transformer.CoreModBaseTransformer/COREMOD]: Transforming net/minecraft/world/effect/MobEffectInstance
[11Apr2025 16:50:37.518] [main/DEBUG] [mixin/]: Mixing EnchantmentMixin from goblintraders.mixins.json into net.minecraft.world.item.enchantment.Enchantment
[11Apr2025 16:50:37.519] [main/DEBUG] [mixin/]: goblintraders.mixins.json:EnchantmentMixin: Class version 61 required is higher than the class version supported by the current version of Mixin (JAVA_8 supports class version 52)
[11Apr2025 16:50:37.614] [main/DEBUG] [net.minecraftforge.coremod.transformer.CoreModBaseTransformer/COREMOD]: Transforming net/minecraft/world/level/levelgen/structure/Structure
[11Apr2025 16:50:37.615] [main/DEBUG] [mixin/]: Mixing MixinStructure from archaeology.mixins.json into net.minecraft.world.level.levelgen.structure.Structure
[11Apr2025 16:50:37.616] [main/DEBUG] [mixin/]: Renaming synthetic method lambda$archaeology$setSuspiciousSand$0(Lnet/minecraft/core/BlockPos;Lcom/min01/archaeology/blockentity/BrushableBlockEntity;)V to mda9915c$lambda$archaeology$setSuspiciousSand$0$0 in archaeology.mixins.json:MixinStructure
[11Apr2025 16:50:37.882] [main/DEBUG] [net.minecraftforge.coremod.transformer.CoreModBaseTransformer/COREMOD]: Transforming net/minecraft/world/level/block/LiquidBlock
[11Apr2025 16:50:37.927] [main/DEBUG] [net.minecraftforge.coremod.transformer.CoreModBaseTransformer/COREMOD]: Transforming net/minecraft/world/level/block/StairBlock
[11Apr2025 16:50:37.938] [main/DEBUG] [mixin/]: Mixing ChestBlockMixin from tombstone.mixins.json into net.minecraft.world.level.block.ChestBlock
[11Apr2025 16:50:38.025] [main/DEBUG] [net.minecraftforge.coremod.transformer.CoreModBaseTransformer/COREMOD]: Transforming net/minecraft/world/level/block/FlowerPotBlock
[11Apr2025 16:50:38.085] [main/DEBUG] [mixin/]: Mixing swimming.BubbleColumnBlockMixin from expandability-common.mixins.json into net.minecraft.world.level.block.BubbleColumnBlock
[11Apr2025 16:50:38.131] [main/DEBUG] [mixin/]: Mixing MixinPowderSnowBlock from curios.mixins.json into net.minecraft.world.level.block.PowderSnowBlock
[11Apr2025 16:50:39.408] [main/DEBUG] [mixin/]: Mixing MobMixin from tombstone.mixins.json into net.minecraft.world.entity.Mob
[11Apr2025 16:50:39.414] [main/DEBUG] [mixin/]: Renaming synthetic method lambda$methodSetTarget$2(Lnet/minecraft/world/entity/LivingEntity;Ljava/util/UUID;)Ljava/lang/Boolean; to mda9915c$lambda$methodSetTarget$2$0 in tombstone.mixins.json:MobMixin
[11Apr2025 16:50:39.414] [main/DEBUG] [mixin/]: Renaming synthetic method lambda$methodCanBeLeashed$1(Lnet/minecraft/world/entity/player/Player;Ljava/util/UUID;)Ljava/lang/Boolean; to mda9915c$lambda$methodCanBeLeashed$1$1 in tombstone.mixins.json:MobMixin
[11Apr2025 16:50:39.414] [main/DEBUG] [mixin/]: Renaming synthetic method lambda$methodTick$0(Lnet/minecraft/world/entity/Mob;Lovh/corail/tombstone/api/capability/ISpellCaster;)V to mda9915c$lambda$methodTick$0$2 in tombstone.mixins.json:MobMixin
[11Apr2025 16:50:39.469] [main/DEBUG] [mixin/]: Mixing MonsterMixin from tombstone.mixins.json into net.minecraft.world.entity.monster.Monster
[11Apr2025 16:50:39.598] [main/DEBUG] [net.minecraftforge.coremod.transformer.CoreModBaseTransformer/COREMOD]: Transforming net/minecraft/world/item/ItemStack
[11Apr2025 16:50:39.600] [main/DEBUG] [mixin/]: Mixing ItemStackMixin from tombstone.mixins.json into net.minecraft.world.item.ItemStack
[11Apr2025 16:50:39.755] [main/DEBUG] [mixin/]: Mixing RepairContainerMixin from goblintraders.mixins.json into net.minecraft.world.inventory.AnvilMenu
[11Apr2025 16:50:39.761] [main/DEBUG] [mixin/]: goblintraders.mixins.json:RepairContainerMixin: Class version 61 required is higher than the class version supported by the current version of Mixin (JAVA_8 supports class version 52)
[11Apr2025 16:50:39.934] [main/DEBUG] [mixin/]: Mixing ProjectileMixin from mutantmore.mixins.json into net.minecraft.world.entity.projectile.Projectile
[11Apr2025 16:50:40.472] [main/DEBUG] [mixin/]: Mixing SmithingMenuMixin from citadel.mixins.json into net.minecraft.world.inventory.SmithingMenu
[11Apr2025 16:50:41.032] [main/DEBUG] [mixin/]: Mixing MixinDesertWellFeature from archaeology.mixins.json into net.minecraft.world.level.levelgen.feature.DesertWellFeature
[11Apr2025 16:50:41.035] [main/DEBUG] [mixin/]: Renaming synthetic method lambda$archaeology$placeSuspiciousSand$0(Lnet/minecraft/core/BlockPos;Lcom/min01/archaeology/blockentity/BrushableBlockEntity;)V to mda9915c$lambda$archaeology$placeSuspiciousSand$0$0 in archaeology.mixins.json:MixinDesertWellFeature
[11Apr2025 16:50:41.052] [main/DEBUG] [mixin/]: Mixing NoMultifaceGrowthFeatureInStructuresMixin from cataclysm.mixins.json into net.minecraft.world.level.levelgen.feature.MultifaceGrowthFeature
[11Apr2025 16:50:41.080] [main/DEBUG] [mixin/]: Mixing NoMagmaBlockInStructuresMixin from cataclysm.mixins.json into net.minecraft.world.level.levelgen.feature.UnderwaterMagmaFeature
[11Apr2025 16:50:41.093] [main/DEBUG] [mixin/]: Mixing NoLakesInStructuresMixin from cataclysm.mixins.json into net.minecraft.world.level.levelgen.feature.LakeFeature
[11Apr2025 16:50:41.098] [main/DEBUG] [mixin/]: Mixing NoOreInStructuresMixin from cataclysm.mixins.json into net.minecraft.world.level.levelgen.feature.OreFeature
[11Apr2025 16:50:41.127] [main/DEBUG] [mixin/]: Mixing NoBasaltColumnsInStructuresMixin from cataclysm.mixins.json into net.minecraft.world.level.levelgen.feature.BasaltColumnsFeature
[11Apr2025 16:50:41.134] [main/DEBUG] [mixin/]: Mixing NoDeltasInStructuresMixin from cataclysm.mixins.json into net.minecraft.world.level.levelgen.feature.DeltaFeature
[11Apr2025 16:50:41.144] [main/DEBUG] [mixin/]: Mixing NoGeodeInStructuresMixin from cataclysm.mixins.json into net.minecraft.world.level.levelgen.feature.GeodeFeature
[11Apr2025 16:50:41.221] [main/DEBUG] [mixin/]: Mixing StructureProcessorAccessor from cataclysm.mixins.json into net.minecraft.world.level.levelgen.structure.templatesystem.StructureProcessor
[11Apr2025 16:50:42.193] [main/INFO] [net.minecraft.util.datafix.DataFixers/]: Building unoptimized datafixer
[11Apr2025 16:50:42.276] [main/DEBUG] [mixin/]: Mixing HurtByTargetGoalMixin from tombstone.mixins.json into net.minecraft.world.entity.ai.goal.target.HurtByTargetGoal
[11Apr2025 16:50:42.279] [main/DEBUG] [mixin/]: Mixing accessor.TargetGoalAccessor from tombstone.mixins.json into net.minecraft.world.entity.ai.goal.target.TargetGoal
[11Apr2025 16:50:42.348] [main/DEBUG] [mixin/]: Mixing ZombieMixin from tombstone.mixins.json into net.minecraft.world.entity.monster.Zombie
[11Apr2025 16:50:42.646] [main/DEBUG] [mixin/]: Mixing ServerPlayerMixin from tombstone.mixins.json into net.minecraft.server.level.ServerPlayer
[11Apr2025 16:50:42.706] [main/DEBUG] [mixin/]: Mixing item.villagerhat.VillagerMixin from mixins.artifacts.json into net.minecraft.world.entity.npc.Villager
[11Apr2025 16:50:42.706] [main/DEBUG] [mixin/]: mixins.artifacts.json:item.villagerhat.VillagerMixin: Class version 61 required is higher than the class version supported by the current version of Mixin (JAVA_8 supports class version 52)
[11Apr2025 16:50:42.708] [main/DEBUG] [mixin/]: Mixing accessor.VillagerAccessor from tombstone.mixins.json into net.minecraft.world.entity.npc.Villager
[11Apr2025 16:50:42.720] [main/DEBUG] [mixin/]: Mixing item.villagerhat.AbstractVillagerMixin from mixins.artifacts.json into net.minecraft.world.entity.npc.AbstractVillager
[11Apr2025 16:50:42.720] [main/DEBUG] [mixin/]: mixins.artifacts.json:item.villagerhat.AbstractVillagerMixin: Class version 61 required is higher than the class version supported by the current version of Mixin (JAVA_8 supports class version 52)
[11Apr2025 16:50:42.725] [main/DEBUG] [mixin/]: Mixing MerchantMenuMixin from goblintraders.mixins.json into net.minecraft.world.inventory.MerchantMenu
[11Apr2025 16:50:42.725] [main/DEBUG] [mixin/]: goblintraders.mixins.json:MerchantMenuMixin: Class version 61 required is higher than the class version supported by the current version of Mixin (JAVA_8 supports class version 52)
[11Apr2025 16:50:42.725] [main/DEBUG] [mixin/]: Renaming synthetic method lambda$isMatching$0(Ljava/util/Map;Ljava/util/Map$Entry;)Z to mda9915c$lambda$isMatching$0$0 in goblintraders.mixins.json:MerchantMenuMixin
[11Apr2025 16:50:42.991] [main/DEBUG] [mixin/]: Mixing MixinDesertPyramidPiece from archaeology.mixins.json into net.minecraft.world.level.levelgen.structure.structures.DesertPyramidPiece
[11Apr2025 16:50:43.080] [main/DEBUG] [net.minecraftforge.coremod.transformer.CoreModBaseTransformer/COREMOD]: Transforming net/minecraft/world/level/biome/Biome
[11Apr2025 16:50:43.247] [main/DEBUG] [mixin/]: Mixing BiomeSourceMixin from citadel.mixins.json into net.minecraft.world.level.biome.BiomeSource
[11Apr2025 16:50:43.253] [main/DEBUG] [mixin/]: Mixing MultiNoiseBiomeSourceMixin from citadel.mixins.json into net.minecraft.world.level.biome.MultiNoiseBiomeSource
[11Apr2025 16:50:43.261] [main/DEBUG] [mixin/]: Mixing ChunkGeneratorMixin from citadel.mixins.json into net.minecraft.world.level.chunk.ChunkGenerator
[11Apr2025 16:50:43.262] [main/DEBUG] [net.minecraftforge.coremod.transformer.CoreModBaseTransformer/COREMOD]: Transforming net/minecraft/world/level/biome/Biome
[11Apr2025 16:50:43.273] [main/DEBUG] [mixin/]: Mixing NoiseBasedChunkGeneratorMixin from citadel.mixins.json into net.minecraft.world.level.levelgen.NoiseBasedChunkGenerator
[11Apr2025 16:50:43.583] [main/DEBUG] [mixin/]: Mixing ItemsMixin from tombstone.mixins.json into net.minecraft.world.item.Items
[11Apr2025 16:50:43.638] [main/DEBUG] [net.minecraftforge.coremod.transformer.CoreModBaseTransformer/COREMOD]: Transforming net/minecraft/world/item/BucketItem
[11Apr2025 16:50:43.648] [main/DEBUG] [mixin/]: Mixing BundleItemMixin from tombstone.mixins.json into net.minecraft.world.item.BundleItem
[11Apr2025 16:50:43.649] [main/DEBUG] [mixin/]: Renaming synthetic method lambda$getEnchantmentLevel$0(Lnet/minecraft/world/item/ItemStack;Lovh/corail/tombstone/api/capability/ISoulConsumer;)Ljava/lang/Boolean; to mda9915c$lambda$getEnchantmentLevel$0$0 in tombstone.mixins.json:BundleItemMixin
[11Apr2025 16:50:43.658] [main/DEBUG] [mixin/]: Mixing MixinShearsItem from curios.mixins.json into net.minecraft.world.item.ShearsItem
[11Apr2025 16:50:43.664] [main/DEBUG] [mixin/]: Mixing PotionItemMixin from tombstone.mixins.json into net.minecraft.world.item.PotionItem
[11Apr2025 16:50:43.665] [main/DEBUG] [mixin/]: Renaming synthetic method lambda$effectList$0(Lnet/minecraft/world/effect/MobEffectInstance;)Ljava/lang/Integer; to mda9915c$lambda$effectList$0$0 in tombstone.mixins.json:PotionItemMixin
[11Apr2025 16:50:43.678] [main/DEBUG] [mixin/]: Mixing SpawnEggItemMixin from goblintraders.mixins.json into net.minecraft.world.item.SpawnEggItem
[11Apr2025 16:50:43.678] [main/DEBUG] [mixin/]: goblintraders.mixins.json:SpawnEggItemMixin: Class version 61 required is higher than the class version supported by the current version of Mixin (JAVA_8 supports class version 52)
[11Apr2025 16:50:43.679] [main/DEBUG] [mixin/]: Renaming @Accessor method getEggMap()Ljava/util/Map; to getEggMap_$md$a9915c$0 in goblintraders.mixins.json:SpawnEggItemMixin
[11Apr2025 16:50:43.777] [main/DEBUG] [net.minecraftforge.coremod.transformer.CoreModBaseTransformer/COREMOD]: Transforming net/minecraft/world/effect/MobEffectInstance
[11Apr2025 16:50:43.825] [main/DEBUG] [mixin/]: Mixing DigDurabilityEnchantmentMixin from mixins.artifacts.json into net.minecraft.world.item.enchantment.DigDurabilityEnchantment
[11Apr2025 16:50:43.826] [main/DEBUG] [mixin/]: mixins.artifacts.json:DigDurabilityEnchantmentMixin: Class version 61 required is higher than the class version supported by the current version of Mixin (JAVA_8 supports class version 52)
[11Apr2025 16:50:43.917] [main/DEBUG] [mixin/]: Mixing MerchantResultSlotMixin from goblintraders.mixins.json into net.minecraft.world.inventory.MerchantResultSlot
[11Apr2025 16:50:43.918] [main/DEBUG] [mixin/]: goblintraders.mixins.json:MerchantResultSlotMixin: Class version 61 required is higher than the class version supported by the current version of Mixin (JAVA_8 supports class version 52)
[11Apr2025 16:50:44.038] [main/DEBUG] [mixin/]: Mixing MixinApplyBonusCount from curios.mixins.json into net.minecraft.world.level.storage.loot.functions.ApplyBonusCount
[11Apr2025 16:50:44.092] [main/DEBUG] [mixin/]: Mixing MixinOceanRuinPiece from archaeology.mixins.json into net.minecraft.world.level.levelgen.structure.structures.OceanRuinPieces$OceanRuinPiece
[11Apr2025 16:50:44.119] [main/DEBUG] [mixin/]: Mixing EndCityPieceMixin from mutantmore.mixins.json into net.minecraft.world.level.levelgen.structure.structures.EndCityPieces$EndCityPiece
[11Apr2025 16:50:44.326] [main/DEBUG] [net.minecraftforge.common.ForgeI18n/CORE]: Loading I18N data entries: 5642
[11Apr2025 16:50:44.346] [main/DEBUG] [net.minecraftforge.fml.ModWorkManager/LOADING]: Using 4 threads for parallel mod-loading
[11Apr2025 16:50:44.360] [main/DEBUG] [net.minecraftforge.fml.javafmlmod.FMLJavaModLanguageProvider/LOADING]: Loading FMLModContainer from classloader cpw.mods.modlauncher.TransformingClassLoader@4832f03b - got cpw.mods.cl.ModuleClassLoader@6622a690
[11Apr2025 16:50:44.360] [main/DEBUG] [net.minecraftforge.fml.javafmlmod.FMLModContainer/LOADING]: Creating FMLModContainer instance for team.creative.creativecore.CreativeCore
[11Apr2025 16:50:44.369] [main/DEBUG] [net.minecraftforge.fml.javafmlmod.FMLJavaModLanguageProvider/LOADING]: Loading FMLModContainer from classloader cpw.mods.modlauncher.TransformingClassLoader@4832f03b - got cpw.mods.cl.ModuleClassLoader@6622a690
[11Apr2025 16:50:44.369] [main/DEBUG] [net.minecraftforge.fml.javafmlmod.FMLModContainer/LOADING]: Creating FMLModContainer instance for mezz.jei.forge.JustEnoughItems
[11Apr2025 16:50:44.370] [main/DEBUG] [net.minecraftforge.fml.javafmlmod.FMLJavaModLanguageProvider/LOADING]: Loading FMLModContainer from classloader cpw.mods.modlauncher.TransformingClassLoader@4832f03b - got cpw.mods.cl.ModuleClassLoader@6622a690
[11Apr2025 16:50:44.370] [main/DEBUG] [net.minecraftforge.fml.javafmlmod.FMLModContainer/LOADING]: Creating FMLModContainer instance for com.kyanite.paragon.forge.ParagonForge
[11Apr2025 16:50:44.370] [main/DEBUG] [net.minecraftforge.fml.javafmlmod.FMLJavaModLanguageProvider/LOADING]: Loading FMLModContainer from classloader cpw.mods.modlauncher.TransformingClassLoader@4832f03b - got cpw.mods.cl.ModuleClassLoader@6622a690
[11Apr2025 16:50:44.370] [main/DEBUG] [net.minecraftforge.fml.javafmlmod.FMLModContainer/LOADING]: Creating FMLModContainer instance for com.github.L_Ender.lionfishapi.LionfishAPI
[11Apr2025 16:50:44.371] [main/DEBUG] [net.minecraftforge.fml.javafmlmod.FMLJavaModLanguageProvider/LOADING]: Loading FMLModContainer from classloader cpw.mods.modlauncher.TransformingClassLoader@4832f03b - got cpw.mods.cl.ModuleClassLoader@6622a690
[11Apr2025 16:50:44.371] [main/DEBUG] [net.minecraftforge.fml.javafmlmod.FMLModContainer/LOADING]: Creating FMLModContainer instance for com.mrcrayfish.goblintraders.GoblinTraders
[11Apr2025 16:50:44.372] [main/DEBUG] [net.minecraftforge.fml.javafmlmod.FMLJavaModLanguageProvider/LOADING]: Loading FMLModContainer from classloader cpw.mods.modlauncher.TransformingClassLoader@4832f03b - got cpw.mods.cl.ModuleClassLoader@6622a690
[11Apr2025 16:50:44.372] [main/DEBUG] [net.minecraftforge.fml.javafmlmod.FMLModContainer/LOADING]: Creating FMLModContainer instance for com.focamacho.ringsofascension.RingsOfAscension
[11Apr2025 16:50:44.372] [main/DEBUG] [net.minecraftforge.fml.javafmlmod.FMLJavaModLanguageProvider/LOADING]: Loading FMLModContainer from classloader cpw.mods.modlauncher.TransformingClassLoader@4832f03b - got cpw.mods.cl.ModuleClassLoader@6622a690
[11Apr2025 16:50:44.372] [main/DEBUG] [net.minecraftforge.fml.javafmlmod.FMLModContainer/LOADING]: Creating FMLModContainer instance for com.github.L_Ender.cataclysm.Cataclysm
[11Apr2025 16:50:44.373] [main/DEBUG] [net.minecraftforge.fml.javafmlmod.FMLJavaModLanguageProvider/LOADING]: Loading FMLModContainer from classloader cpw.mods.modlauncher.TransformingClassLoader@4832f03b - got cpw.mods.cl.ModuleClassLoader@6622a690
[11Apr2025 16:50:44.373] [main/DEBUG] [net.minecraftforge.fml.javafmlmod.FMLModContainer/LOADING]: Creating FMLModContainer instance for top.theillusivec4.curios.Curios
[11Apr2025 16:50:44.374] [main/DEBUG] [net.minecraftforge.fml.javafmlmod.FMLJavaModLanguageProvider/LOADING]: Loading FMLModContainer from classloader cpw.mods.modlauncher.TransformingClassLoader@4832f03b - got cpw.mods.cl.ModuleClassLoader@6622a690
[11Apr2025 16:50:44.375] [main/DEBUG] [net.minecraftforge.fml.javafmlmod.FMLModContainer/LOADING]: Creating FMLModContainer instance for com.min01.archaeology.Archaeology
[11Apr2025 16:50:44.375] [main/DEBUG] [net.minecraftforge.fml.javafmlmod.FMLJavaModLanguageProvider/LOADING]: Loading FMLModContainer from classloader cpw.mods.modlauncher.TransformingClassLoader@4832f03b - got cpw.mods.cl.ModuleClassLoader@6622a690
[11Apr2025 16:50:44.375] [main/DEBUG] [net.minecraftforge.fml.javafmlmod.FMLModContainer/LOADING]: Creating FMLModContainer instance for journeymap.common.Journeymap
[11Apr2025 16:50:44.376] [main/DEBUG] [net.minecraftforge.fml.javafmlmod.FMLJavaModLanguageProvider/LOADING]: Loading FMLModContainer from classloader cpw.mods.modlauncher.TransformingClassLoader@4832f03b - got cpw.mods.cl.ModuleClassLoader@6622a690
[11Apr2025 16:50:44.376] [main/DEBUG] [net.minecraftforge.fml.javafmlmod.FMLModContainer/LOADING]: Creating FMLModContainer instance for com.github.alexthe666.citadel.Citadel
[11Apr2025 16:50:44.377] [main/DEBUG] [net.minecraftforge.fml.javafmlmod.FMLJavaModLanguageProvider/LOADING]: Loading FMLModContainer from classloader cpw.mods.modlauncher.TransformingClassLoader@4832f03b - got cpw.mods.cl.ModuleClassLoader@6622a690
[11Apr2025 16:50:44.377] [main/DEBUG] [net.minecraftforge.fml.javafmlmod.FMLModContainer/LOADING]: Creating FMLModContainer instance for com.tiviacz.travelersbackpack.TravelersBackpack
[11Apr2025 16:50:44.379] [main/DEBUG] [net.minecraftforge.fml.javafmlmod.FMLJavaModLanguageProvider/LOADING]: Loading FMLModContainer from classloader cpw.mods.modlauncher.TransformingClassLoader@4832f03b - got cpw.mods.cl.ModuleClassLoader@6622a690
[11Apr2025 16:50:44.379] [main/DEBUG] [net.minecraftforge.fml.javafmlmod.FMLModContainer/LOADING]: Creating FMLModContainer instance for artifacts.Artifacts
[11Apr2025 16:50:44.380] [main/DEBUG] [net.minecraftforge.fml.javafmlmod.FMLJavaModLanguageProvider/LOADING]: Loading FMLModContainer from classloader cpw.mods.modlauncher.TransformingClassLoader@4832f03b - got cpw.mods.cl.ModuleClassLoader@6622a690
[11Apr2025 16:50:44.380] [main/DEBUG] [net.minecraftforge.fml.javafmlmod.FMLModContainer/LOADING]: Creating FMLModContainer instance for ovh.corail.tombstone.ModTombstone
[11Apr2025 16:50:44.383] [main/DEBUG] [net.minecraftforge.fml.javafmlmod.FMLJavaModLanguageProvider/LOADING]: Loading FMLModContainer from classloader cpw.mods.modlauncher.TransformingClassLoader@4832f03b - got cpw.mods.cl.ModuleClassLoader@6622a690
[11Apr2025 16:50:44.383] [main/DEBUG] [net.minecraftforge.fml.javafmlmod.FMLModContainer/LOADING]: Creating FMLModContainer instance for com.alexander.mutantmore.MutantMore
[11Apr2025 16:50:44.384] [main/DEBUG] [net.minecraftforge.fml.javafmlmod.FMLJavaModLanguageProvider/LOADING]: Loading FMLModContainer from classloader cpw.mods.modlauncher.TransformingClassLoader@4832f03b - got cpw.mods.cl.ModuleClassLoader@6622a690
[11Apr2025 16:50:44.384] [main/DEBUG] [net.minecraftforge.fml.javafmlmod.FMLModContainer/LOADING]: Creating FMLModContainer instance for com.kyanite.deeperdarker.forge.DeeperAndDarkerForge
[11Apr2025 16:50:44.386] [main/DEBUG] [net.minecraftforge.fml.javafmlmod.FMLJavaModLanguageProvider/LOADING]: Loading FMLModContainer from classloader cpw.mods.modlauncher.TransformingClassLoader@4832f03b - got cpw.mods.cl.ModuleClassLoader@6622a690
[11Apr2025 16:50:44.386] [main/DEBUG] [net.minecraftforge.fml.javafmlmod.FMLModContainer/LOADING]: Creating FMLModContainer instance for net.minecraftforge.common.ForgeMod
[11Apr2025 16:50:44.389] [main/DEBUG] [net.minecraftforge.fml.javafmlmod.FMLJavaModLanguageProvider/LOADING]: Loading FMLModContainer from classloader cpw.mods.modlauncher.TransformingClassLoader@4832f03b - got cpw.mods.cl.ModuleClassLoader@6622a690
[11Apr2025 16:50:44.390] [main/DEBUG] [net.minecraftforge.fml.javafmlmod.FMLModContainer/LOADING]: Creating FMLModContainer instance for squeek.appleskin.AppleSkin
[11Apr2025 16:50:44.390] [main/DEBUG] [net.minecraftforge.fml.javafmlmod.FMLJavaModLanguageProvider/LOADING]: Loading FMLModContainer from classloader cpw.mods.modlauncher.TransformingClassLoader@4832f03b - got cpw.mods.cl.ModuleClassLoader@6622a690
[11Apr2025 16:50:44.390] [main/DEBUG] [net.minecraftforge.fml.javafmlmod.FMLModContainer/LOADING]: Creating FMLModContainer instance for be.florens.expandability.forge.ExpandAbilityForge
[11Apr2025 16:50:44.391] [main/DEBUG] [net.minecraftforge.fml.javafmlmod.FMLJavaModLanguageProvider/LOADING]: Loading FMLModContainer from classloader cpw.mods.modlauncher.TransformingClassLoader@4832f03b - got cpw.mods.cl.ModuleClassLoader@6622a690
[11Apr2025 16:50:44.391] [main/DEBUG] [net.minecraftforge.fml.javafmlmod.FMLModContainer/LOADING]: Creating FMLModContainer instance for team.creative.playerrevive.PlayerRevive
[11Apr2025 16:50:44.392] [main/DEBUG] [net.minecraftforge.fml.javafmlmod.FMLJavaModLanguageProvider/LOADING]: Loading FMLModContainer from classloader cpw.mods.modlauncher.TransformingClassLoader@4832f03b - got cpw.mods.cl.ModuleClassLoader@6622a690
[11Apr2025 16:50:44.392] [main/DEBUG] [net.minecraftforge.fml.javafmlmod.FMLModContainer/LOADING]: Creating FMLModContainer instance for software.bernie.example.GeckoLibMod
[11Apr2025 16:50:44.436] [modloading-worker-0/INFO] [com.kyanite.paragon.Paragon/]: Registered paragon
[11Apr2025 16:50:44.488] [modloading-worker-0/DEBUG] [net.minecraftforge.fml.config.ConfigTracker/CONFIG]: Config file jei-server.toml for jei tracking
[11Apr2025 16:50:44.519] [modloading-worker-0/DEBUG] [net.minecraftforge.fml.javafmlmod.AutomaticEventSubscriber/LOADING]: Attempting to inject @EventBusSubscriber classes into the eventbus for jei
[11Apr2025 16:50:44.531] [modloading-worker-0/DEBUG] [net.minecraftforge.fml.javafmlmod.AutomaticEventSubscriber/LOADING]: Attempting to inject @EventBusSubscriber classes into the eventbus for lionfishapi
[11Apr2025 16:50:44.541] [modloading-worker-0/DEBUG] [net.minecraftforge.fml.javafmlmod.AutomaticEventSubscriber/LOADING]: Auto-subscribing com.github.L_Ender.lionfishapi.server.entity.ModEntities to MOD
[11Apr2025 16:50:44.552] [modloading-worker-0/DEBUG] [net.minecraftforge.fml.javafmlmod.AutomaticEventSubscriber/LOADING]: Auto-subscribing com.github.L_Ender.lionfishapi.LionfishAPI to FORGE
[11Apr2025 16:50:44.552] [modloading-worker-0/DEBUG] [net.minecraftforge.fml.config.ConfigTracker/CONFIG]: Config file goblintraders-common.toml for goblintraders tracking
[11Apr2025 16:50:44.554] [modloading-worker-0/DEBUG] [net.minecraftforge.fml.javafmlmod.AutomaticEventSubscriber/LOADING]: Auto-subscribing com.github.L_Ender.lionfishapi.CommonProxy to MOD
[11Apr2025 16:50:44.573] [modloading-worker-0/DEBUG] [net.minecraftforge.fml.config.ConfigTracker/CONFIG]: Config file ringsofascension-common.toml for ringsofascension tracking
[11Apr2025 16:50:44.576] [modloading-worker-0/INFO] [com.kyanite.paragon.Paragon/]: acee#1220
[11Apr2025 16:50:44.577] [modloading-worker-0/INFO] [com.kyanite.paragon.Paragon/]: Paragon has been initialized
[11Apr2025 16:50:44.605] [modloading-worker-0/DEBUG] [creativecore/]: Created network creativecore:main
[11Apr2025 16:50:44.631] [modloading-worker-0/DEBUG] [net.minecraftforge.fml.javafmlmod.AutomaticEventSubscriber/LOADING]: Attempting to inject @EventBusSubscriber classes into the eventbus for creativecore
[11Apr2025 16:50:44.644] [modloading-worker-0/DEBUG] [net.minecraftforge.fml.javafmlmod.AutomaticEventSubscriber/LOADING]: Attempting to inject @EventBusSubscriber classes into the eventbus for goblintraders
[11Apr2025 16:50:44.644] [modloading-worker-0/DEBUG] [net.minecraftforge.fml.javafmlmod.AutomaticEventSubscriber/LOADING]: Auto-subscribing com.mrcrayfish.goblintraders.world.spawner.SpawnHandler to FORGE
[11Apr2025 16:50:44.655] [modloading-worker-0/DEBUG] [net.minecraftforge.fml.javafmlmod.AutomaticEventSubscriber/LOADING]: Auto-subscribing com.mrcrayfish.goblintraders.trades.TradeManager to FORGE
[11Apr2025 16:50:44.656] [modloading-worker-0/DEBUG] [net.minecraftforge.fml.javafmlmod.AutomaticEventSubscriber/LOADING]: Attempting to inject @EventBusSubscriber classes into the eventbus for paragon
[11Apr2025 16:50:44.656] [modloading-worker-0/DEBUG] [net.minecraftforge.fml.javafmlmod.AutomaticEventSubscriber/LOADING]: Auto-subscribing com.kyanite.paragon.forge.ParagonForge$ParagonServer to FORGE
[11Apr2025 16:50:44.669] [modloading-worker-0/DEBUG] [net.minecraftforge.fml.javafmlmod.AutomaticEventSubscriber/LOADING]: Auto-subscribing com.mrcrayfish.goblintraders.init.ModEntities to MOD
[11Apr2025 16:50:44.669] [modloading-worker-0/DEBUG] [net.minecraftforge.fml.javafmlmod.AutomaticEventSubscriber/LOADING]: Auto-subscribing com.mrcrayfish.goblintraders.datagen.DataGeneration to MOD
[11Apr2025 16:50:44.674] [modloading-worker-0/DEBUG] [mixin/]: Mixing accessor.LootTableAccessor from tombstone.mixins.json into net.minecraft.world.level.storage.loot.LootTable
[11Apr2025 16:50:44.682] [modloading-worker-0/DEBUG] [mixin/]: Mixing BrushItemMixin from cataclysm.mixins.json into com.min01.archaeology.item.BrushItem
[11Apr2025 16:50:44.683] [modloading-worker-0/DEBUG] [mixin/]: Renaming synthetic method lambda$onUseTick$1(Lnet/minecraft/world/entity/LivingEntity;Lnet/minecraft/world/entity/player/Player;Lnet/minecraft/world/item/ItemStack;Lnet/minecraft/world/entity/player/Player;)V to mda9915c$lambda$onUseTick$1$0 in cataclysm.mixins.json:BrushItemMixin
[11Apr2025 16:50:44.685] [modloading-worker-0/DEBUG] [mixin/]: Renaming synthetic method lambda$onUseTick$0(Lnet/minecraft/world/entity/EquipmentSlot;Lnet/minecraft/world/entity/LivingEntity;)V to mda9915c$lambda$onUseTick$0$1 in cataclysm.mixins.json:BrushItemMixin
[11Apr2025 16:50:44.721] [modloading-worker-0/DEBUG] [net.minecraftforge.fml.config.ConfigTracker/CONFIG]: Config file curios-client.toml for curios tracking
[11Apr2025 16:50:44.722] [modloading-worker-0/DEBUG] [net.minecraftforge.fml.config.ConfigTracker/CONFIG]: Config file curios-server.toml for curios tracking
[11Apr2025 16:50:44.723] [modloading-worker-0/DEBUG] [net.minecraftforge.fml.javafmlmod.AutomaticEventSubscriber/LOADING]: Attempting to inject @EventBusSubscriber classes into the eventbus for curios
[11Apr2025 16:50:44.724] [modloading-worker-0/DEBUG] [net.minecraftforge.fml.config.ConfigTracker/CONFIG]: Config file cataclysm.toml for cataclysm tracking
[11Apr2025 16:50:44.736] [modloading-worker-0/DEBUG] [net.minecraftforge.fml.javafmlmod.AutomaticEventSubscriber/LOADING]: Attempting to inject @EventBusSubscriber classes into the eventbus for ringsofascension
[11Apr2025 16:50:44.737] [modloading-worker-0/DEBUG] [net.minecraftforge.fml.javafmlmod.AutomaticEventSubscriber/LOADING]: Auto-subscribing com.focamacho.ringsofascension.RingsOfAscension$RegistryEvents to MOD
[11Apr2025 16:50:44.740] [modloading-worker-0/DEBUG] [net.minecraftforge.fml.config.ConfigTracker/CONFIG]: Config file journeymap-server.toml for journeymap tracking
[11Apr2025 16:50:44.747] [modloading-worker-0/DEBUG] [net.minecraftforge.fml.javafmlmod.AutomaticEventSubscriber/LOADING]: Attempting to inject @EventBusSubscriber classes into the eventbus for journeymap
[11Apr2025 16:50:44.756] [modloading-worker-0/DEBUG] [net.minecraftforge.fml.javafmlmod.AutomaticEventSubscriber/LOADING]: Auto-subscribing journeymap.common.Journeymap to FORGE
[11Apr2025 16:50:44.757] [modloading-worker-0/DEBUG] [net.minecraftforge.fml.javafmlmod.AutomaticEventSubscriber/LOADING]: Auto-subscribing journeymap.common.config.forge.ForgeConfig to MOD
[11Apr2025 16:50:44.771] [modloading-worker-0/DEBUG] [net.minecraftforge.fml.javafmlmod.AutomaticEventSubscriber/LOADING]: Attempting to inject @EventBusSubscriber classes into the eventbus for archaeology
[11Apr2025 16:50:44.772] [modloading-worker-0/DEBUG] [net.minecraftforge.fml.config.ConfigTracker/CONFIG]: Config file artifacts-common.toml for artifacts tracking
[11Apr2025 16:50:44.787] [modloading-worker-0/DEBUG] [net.minecraftforge.fml.config.ConfigTracker/CONFIG]: Config file travelersbackpack-common.toml for travelersbackpack tracking
[11Apr2025 16:50:44.787] [modloading-worker-0/DEBUG] [net.minecraftforge.fml.config.ConfigTracker/CONFIG]: Config file travelersbackpack-client.toml for travelersbackpack tracking
[11Apr2025 16:50:44.792] [modloading-worker-0/DEBUG] [net.minecraftforge.fml.config.ConfigTracker/CONFIG]: Config file citadel-common.toml for citadel tracking
[11Apr2025 16:50:44.800] [modloading-worker-0/DEBUG] [net.minecraftforge.fml.javafmlmod.AutomaticEventSubscriber/LOADING]: Attempting to inject @EventBusSubscriber classes into the eventbus for citadel
[11Apr2025 16:50:44.800] [modloading-worker-0/DEBUG] [net.minecraftforge.fml.javafmlmod.AutomaticEventSubscriber/LOADING]: Auto-subscribing com.github.alexthe666.citadel.ServerProxy to MOD
[11Apr2025 16:50:44.832] [modloading-worker-0/DEBUG] [net.minecraftforge.fml.config.ConfigTracker/CONFIG]: Config file tombstone-client.toml for tombstone tracking
[11Apr2025 16:50:44.832] [modloading-worker-0/DEBUG] [net.minecraftforge.fml.config.ConfigTracker/CONFIG]: Config file tombstone-common.toml for tombstone tracking
[11Apr2025 16:50:44.838] [modloading-worker-0/DEBUG] [net.minecraftforge.fml.config.ConfigTracker/CONFIG]: Config file tombstone-server.toml for tombstone tracking
[11Apr2025 16:50:44.841] [modloading-worker-0/DEBUG] [net.minecraftforge.fml.javafmlmod.AutomaticEventSubscriber/LOADING]: Attempting to inject @EventBusSubscriber classes into the eventbus for tombstone
[11Apr2025 16:50:44.841] [modloading-worker-0/DEBUG] [net.minecraftforge.fml.javafmlmod.AutomaticEventSubscriber/LOADING]: Auto-subscribing ovh.corail.tombstone.registry.Registration to MOD
[11Apr2025 16:50:44.848] [modloading-worker-0/DEBUG] [net.minecraftforge.fml.javafmlmod.AutomaticEventSubscriber/LOADING]: Auto-subscribing ovh.corail.tombstone.perk.PerkRegistry to MOD
[11Apr2025 16:50:44.852] [modloading-worker-0/DEBUG] [net.minecraftforge.fml.javafmlmod.AutomaticEventSubscriber/LOADING]: Auto-subscribing ovh.corail.tombstone.helper.LootHelper to FORGE
[11Apr2025 16:50:44.945] [modloading-worker-0/DEBUG] [net.minecraftforge.fml.javafmlmod.AutomaticEventSubscriber/LOADING]: Auto-subscribing ovh.corail.tombstone.event.EventHandler to FORGE
[11Apr2025 16:50:44.947] [modloading-worker-0/DEBUG] [net.minecraftforge.fml.javafmlmod.AutomaticEventSubscriber/LOADING]: Attempting to inject @EventBusSubscriber classes into the eventbus for artifacts
[11Apr2025 16:50:44.947] [modloading-worker-0/DEBUG] [net.minecraftforge.fml.javafmlmod.AutomaticEventSubscriber/LOADING]: Auto-subscribing artifacts.data.DataGenerators to MOD
[11Apr2025 16:50:44.950] [modloading-worker-0/DEBUG] [net.minecraftforge.fml.javafmlmod.AutomaticEventSubscriber/LOADING]: Auto-subscribing artifacts.common.config.ModConfig to MOD
[11Apr2025 16:50:45.010] [modloading-worker-0/DEBUG] [net.minecraftforge.fml.javafmlmod.AutomaticEventSubscriber/LOADING]: Attempting to inject @EventBusSubscriber classes into the eventbus for travelersbackpack
[11Apr2025 16:50:45.011] [modloading-worker-0/DEBUG] [net.minecraftforge.fml.javafmlmod.AutomaticEventSubscriber/LOADING]: Auto-subscribing com.tiviacz.travelersbackpack.handlers.ForgeEventHandler to FORGE
[11Apr2025 16:50:45.073] [modloading-worker-0/DEBUG] [net.minecraftforge.fml.javafmlmod.AutomaticEventSubscriber/LOADING]: Auto-subscribing com.tiviacz.travelersbackpack.config.TravelersBackpackConfig to MOD
[11Apr2025 16:50:45.087] [modloading-worker-0/INFO] [com.kyanite.paragon.Paragon/]: Registered deeperdarker
[11Apr2025 16:50:45.096] [modloading-worker-0/DEBUG] [net.minecraftforge.fml.javafmlmod.AutomaticEventSubscriber/LOADING]: Auto-subscribing ovh.corail.tombstone.config.ConfigTombstone$ConfigEvent to MOD
[11Apr2025 16:50:45.103] [modloading-worker-0/DEBUG] [net.minecraftforge.versions.forge.ForgeVersion/CORE]: Forge Version package package net.minecraftforge.versions.forge, Forge, version 43.4 from cpw.mods.modlauncher.TransformingClassLoader@4832f03b
[11Apr2025 16:50:45.104] [modloading-worker-0/DEBUG] [net.minecraftforge.versions.forge.ForgeVersion/CORE]: Found Forge version 43.4.2
[11Apr2025 16:50:45.104] [modloading-worker-0/DEBUG] [net.minecraftforge.versions.forge.ForgeVersion/CORE]: Found Forge spec 43.4
[11Apr2025 16:50:45.104] [modloading-worker-0/DEBUG] [net.minecraftforge.versions.forge.ForgeVersion/CORE]: Found Forge group net.minecraftforge
[11Apr2025 16:50:45.104] [modloading-worker-0/DEBUG] [net.minecraftforge.versions.mcp.MCPVersion/CORE]: MCP Version package package net.minecraftforge.versions.mcp, Minecraft, version 1.19.2 from cpw.mods.modlauncher.TransformingClassLoader@4832f03b
[11Apr2025 16:50:45.104] [modloading-worker-0/DEBUG] [net.minecraftforge.versions.mcp.MCPVersion/CORE]: Found MC version information 1.19.2
[11Apr2025 16:50:45.105] [modloading-worker-0/DEBUG] [net.minecraftforge.versions.mcp.MCPVersion/CORE]: Found MCP version information 20220805.130853
[11Apr2025 16:50:45.106] [modloading-worker-0/INFO] [net.minecraftforge.common.ForgeMod/FORGEMOD]: Forge mod loading, version 43.4.2, for MC 1.19.2 with MCP 20220805.130853
[11Apr2025 16:50:45.108] [modloading-worker-0/INFO] [net.minecraftforge.common.MinecraftForge/FORGE]: MinecraftForge v43.4.2 Initialized
[11Apr2025 16:50:45.169] [modloading-worker-0/DEBUG] [net.minecraftforge.fml.config.ConfigTracker/CONFIG]: Config file mutantmore/mutantmore-mutant_wither_skeleton-common.toml for mutantmore tracking
[11Apr2025 16:50:45.170] [modloading-worker-0/DEBUG] [net.minecraftforge.fml.config.ConfigTracker/CONFIG]: Config file mutantmore/mutantmore-mutant_wither_skeleton-client.toml for mutantmore tracking
[11Apr2025 16:50:45.177] [modloading-worker-0/DEBUG] [net.minecraftforge.fml.config.ConfigTracker/CONFIG]: Config file mutantmore/mutantmore-mutant_shulker-common.toml for mutantmore tracking
[11Apr2025 16:50:45.177] [modloading-worker-0/DEBUG] [net.minecraftforge.fml.config.ConfigTracker/CONFIG]: Config file mutantmore/mutantmore-mutant_shulker-client.toml for mutantmore tracking
[11Apr2025 16:50:45.180] [modloading-worker-0/DEBUG] [io.netty.util.internal.PlatformDependent0/]: -Dio.netty.noUnsafe: false
[11Apr2025 16:50:45.180] [modloading-worker-0/DEBUG] [io.netty.util.internal.PlatformDependent0/]: Java version: 17
[11Apr2025 16:50:45.182] [modloading-worker-0/DEBUG] [io.netty.util.internal.PlatformDependent0/]: sun.misc.Unsafe.theUnsafe: available
[11Apr2025 16:50:45.183] [modloading-worker-0/DEBUG] [net.minecraftforge.fml.config.ConfigTracker/CONFIG]: Config file mutantmore/mutantmore-mutant_blaze-common.toml for mutantmore tracking
[11Apr2025 16:50:45.184] [modloading-worker-0/DEBUG] [net.minecraftforge.fml.config.ConfigTracker/CONFIG]: Config file mutantmore/mutantmore-mutant_blaze-client.toml for mutantmore tracking
[11Apr2025 16:50:45.185] [modloading-worker-0/DEBUG] [io.netty.util.internal.PlatformDependent0/]: sun.misc.Unsafe.copyMemory: available
[11Apr2025 16:50:45.186] [modloading-worker-0/DEBUG] [io.netty.util.internal.PlatformDependent0/]: sun.misc.Unsafe.storeFence: available
[11Apr2025 16:50:45.186] [modloading-worker-0/DEBUG] [io.netty.util.internal.PlatformDependent0/]: java.nio.Buffer.address: available
[11Apr2025 16:50:45.187] [modloading-worker-0/DEBUG] [io.netty.util.internal.PlatformDependent0/]: direct buffer constructor: unavailable
java.lang.UnsupportedOperationException: Reflective setAccessible(true) disabled
	at io.netty.util.internal.ReflectionUtil.trySetAccessible(ReflectionUtil.java:31) ~[netty-common-4.1.77.Final.jar%2381!/:4.1.77.Final]
	at io.netty.util.internal.PlatformDependent0$5.run(PlatformDependent0.java:287) ~[netty-common-4.1.77.Final.jar%2381!/:4.1.77.Final]
	at java.security.AccessController.doPrivileged(AccessController.java:318) ~[?:?]
	at io.netty.util.internal.PlatformDependent0.<clinit>(PlatformDependent0.java:281) ~[netty-common-4.1.77.Final.jar%2381!/:4.1.77.Final]
	at io.netty.util.internal.PlatformDependent.isAndroid(PlatformDependent.java:294) ~[netty-common-4.1.77.Final.jar%2381!/:4.1.77.Final]
	at io.netty.util.internal.PlatformDependent.<clinit>(PlatformDependent.java:88) ~[netty-common-4.1.77.Final.jar%2381!/:4.1.77.Final]
	at io.netty.util.ConstantPool.<init>(ConstantPool.java:34) ~[netty-common-4.1.77.Final.jar%2381!/:4.1.77.Final]
	at io.netty.util.AttributeKey$1.<init>(AttributeKey.java:27) ~[netty-common-4.1.77.Final.jar%2381!/:4.1.77.Final]
	at io.netty.util.AttributeKey.<clinit>(AttributeKey.java:27) ~[netty-common-4.1.77.Final.jar%2381!/:4.1.77.Final]
	at net.minecraftforge.network.NetworkConstants.<clinit>(NetworkConstants.java:34) ~[forge-1.19.2-43.4.2-universal.jar%23142!/:?]
	at net.minecraftforge.common.ForgeMod.<init>(ForgeMod.java:436) ~[forge-1.19.2-43.4.2-universal.jar%23142!/:?]
	at jdk.internal.reflect.NativeConstructorAccessorImpl.newInstance0(Native Method) ~[?:?]
	at jdk.internal.reflect.NativeConstructorAccessorImpl.newInstance(NativeConstructorAccessorImpl.java:77) ~[?:?]
	at jdk.internal.reflect.DelegatingConstructorAccessorImpl.newInstance(DelegatingConstructorAccessorImpl.java:45) ~[?:?]
	at java.lang.reflect.Constructor.newInstanceWithCaller(Constructor.java:500) ~[?:?]
	at java.lang.reflect.Constructor.newInstance(Constructor.java:481) ~[?:?]
	at net.minecraftforge.fml.javafmlmod.FMLModContainer.constructMod(FMLModContainer.java:70) ~[javafmllanguage-1.19.2-43.4.2.jar%23139!/:?]
	at net.minecraftforge.fml.ModContainer.lambda$buildTransitionHandler$4(ModContainer.java:122) ~[fmlcore-1.19.2-43.4.2.jar%23138!/:?]
	at java.util.concurrent.CompletableFuture$AsyncRun.run(CompletableFuture.java:1804) [?:?]
	at java.util.concurrent.CompletableFuture$AsyncRun.exec(CompletableFuture.java:1796) [?:?]
	at java.util.concurrent.ForkJoinTask.doExec(ForkJoinTask.java:373) [?:?]
	at java.util.concurrent.ForkJoinPool$WorkQueue.topLevelExec(ForkJoinPool.java:1182) [?:?]
	at java.util.concurrent.ForkJoinPool.scan(ForkJoinPool.java:1655) [?:?]
	at java.util.concurrent.ForkJoinPool.runWorker(ForkJoinPool.java:1622) [?:?]
	at java.util.concurrent.ForkJoinWorkerThread.run(ForkJoinWorkerThread.java:165) [?:?]
[11Apr2025 16:50:45.188] [modloading-worker-0/DEBUG] [io.netty.util.internal.PlatformDependent0/]: java.nio.Bits.unaligned: available, true
[11Apr2025 16:50:45.185] [modloading-worker-0/DEBUG] [net.minecraftforge.fml.config.ConfigTracker/CONFIG]: Config file mutantmore/mutantmore-grouped_options-common.toml for mutantmore tracking
[11Apr2025 16:50:45.186] [modloading-worker-0/INFO] [com.kyanite.deeperdarker.DeeperAndDarker/]: Deeper and Darker entities have been registered
[11Apr2025 16:50:45.192] [modloading-worker-0/DEBUG] [net.minecraftforge.fml.config.ConfigTracker/CONFIG]: Config file mutantmore/mutantmore-grouped_options-client.toml for mutantmore tracking
[11Apr2025 16:50:45.193] [modloading-worker-0/DEBUG] [net.minecraftforge.fml.config.ConfigTracker/CONFIG]: Config file mutantmore/mutantmore-battle_music-client.toml for mutantmore tracking
[11Apr2025 16:50:45.198] [modloading-worker-0/DEBUG] [net.minecraftforge.fml.config.ConfigTracker/CONFIG]: Config file mutantmore/mutantmore-screen_shaking-client.toml for mutantmore tracking
[11Apr2025 16:50:45.199] [modloading-worker-0/DEBUG] [net.minecraftforge.fml.config.ConfigTracker/CONFIG]: Config file mutantmore/mutantmore-heat-common.toml for mutantmore tracking
[11Apr2025 16:50:45.199] [modloading-worker-0/DEBUG] [net.minecraftforge.fml.config.ConfigTracker/CONFIG]: Config file mutantmore/mutantmore-heat-client.toml for mutantmore tracking
[11Apr2025 16:50:45.199] [modloading-worker-0/DEBUG] [io.netty.util.internal.PlatformDependent0/]: jdk.internal.misc.Unsafe.allocateUninitializedArray(int): unavailable
java.lang.IllegalAccessException: class io.netty.util.internal.PlatformDependent0$7 (in module io.netty.common) cannot access class jdk.internal.misc.Unsafe (in module java.base) because module java.base does not export jdk.internal.misc to module io.netty.common
	at jdk.internal.reflect.Reflection.newIllegalAccessException(Reflection.java:392) ~[?:?]
	at java.lang.reflect.AccessibleObject.checkAccess(AccessibleObject.java:674) ~[?:?]
	at java.lang.reflect.Method.invoke(Method.java:561) ~[?:?]
	at io.netty.util.internal.PlatformDependent0$7.run(PlatformDependent0.java:409) ~[netty-common-4.1.77.Final.jar%2381!/:4.1.77.Final]
	at java.security.AccessController.doPrivileged(AccessController.java:318) ~[?:?]
	at io.netty.util.internal.PlatformDependent0.<clinit>(PlatformDependent0.java:400) ~[netty-common-4.1.77.Final.jar%2381!/:4.1.77.Final]
	at io.netty.util.internal.PlatformDependent.isAndroid(PlatformDependent.java:294) ~[netty-common-4.1.77.Final.jar%2381!/:4.1.77.Final]
	at io.netty.util.internal.PlatformDependent.<clinit>(PlatformDependent.java:88) ~[netty-common-4.1.77.Final.jar%2381!/:4.1.77.Final]
	at io.netty.util.ConstantPool.<init>(ConstantPool.java:34) ~[netty-common-4.1.77.Final.jar%2381!/:4.1.77.Final]
	at io.netty.util.AttributeKey$1.<init>(AttributeKey.java:27) ~[netty-common-4.1.77.Final.jar%2381!/:4.1.77.Final]
	at io.netty.util.AttributeKey.<clinit>(AttributeKey.java:27) ~[netty-common-4.1.77.Final.jar%2381!/:4.1.77.Final]
	at net.minecraftforge.network.NetworkConstants.<clinit>(NetworkConstants.java:34) ~[forge-1.19.2-43.4.2-universal.jar%23142!/:?]
	at net.minecraftforge.common.ForgeMod.<init>(ForgeMod.java:436) ~[forge-1.19.2-43.4.2-universal.jar%23142!/:?]
	at jdk.internal.reflect.NativeConstructorAccessorImpl.newInstance0(Native Method) ~[?:?]
	at jdk.internal.reflect.NativeConstructorAccessorImpl.newInstance(NativeConstructorAccessorImpl.java:77) ~[?:?]
	at jdk.internal.reflect.DelegatingConstructorAccessorImpl.newInstance(DelegatingConstructorAccessorImpl.java:45) ~[?:?]
	at java.lang.reflect.Constructor.newInstanceWithCaller(Constructor.java:500) ~[?:?]
	at java.lang.reflect.Constructor.newInstance(Constructor.java:481) ~[?:?]
	at net.minecraftforge.fml.javafmlmod.FMLModContainer.constructMod(FMLModContainer.java:70) ~[javafmllanguage-1.19.2-43.4.2.jar%23139!/:?]
	at net.minecraftforge.fml.ModContainer.lambda$buildTransitionHandler$4(ModContainer.java:122) ~[fmlcore-1.19.2-43.4.2.jar%23138!/:?]
	at java.util.concurrent.CompletableFuture$AsyncRun.run(CompletableFuture.java:1804) [?:?]
	at java.util.concurrent.CompletableFuture$AsyncRun.exec(CompletableFuture.java:1796) [?:?]
	at java.util.concurrent.ForkJoinTask.doExec(ForkJoinTask.java:373) [?:?]
	at java.util.concurrent.ForkJoinPool$WorkQueue.topLevelExec(ForkJoinPool.java:1182) [?:?]
	at java.util.concurrent.ForkJoinPool.scan(ForkJoinPool.java:1655) [?:?]
	at java.util.concurrent.ForkJoinPool.runWorker(ForkJoinPool.java:1622) [?:?]
	at java.util.concurrent.ForkJoinWorkerThread.run(ForkJoinWorkerThread.java:165) [?:?]
[11Apr2025 16:50:45.202] [modloading-worker-0/DEBUG] [net.minecraftforge.fml.config.ConfigTracker/CONFIG]: Config file mutantmore/mutantmore-mutation-common.toml for mutantmore tracking
[11Apr2025 16:50:45.203] [modloading-worker-0/DEBUG] [net.minecraftforge.fml.config.ConfigTracker/CONFIG]: Config file mutantmore/mutantmore-blazing_scimitar-common.toml for mutantmore tracking
[11Apr2025 16:50:45.203] [modloading-worker-0/DEBUG] [net.minecraftforge.fml.config.ConfigTracker/CONFIG]: Config file mutantmore/mutantmore-mutant_wither_skeleton_armour-common.toml for mutantmore tracking
[11Apr2025 16:50:45.204] [modloading-worker-0/DEBUG] [net.minecraftforge.fml.config.ConfigTracker/CONFIG]: Config file mutantmore/mutantmore-wither_bomb-common.toml for mutantmore tracking
[11Apr2025 16:50:45.207] [modloading-worker-0/DEBUG] [net.minecraftforge.fml.config.ConfigTracker/CONFIG]: Config file mutantmore/mutantmore-heatstorm_generator-common.toml for mutantmore tracking
[11Apr2025 16:50:45.207] [modloading-worker-0/DEBUG] [net.minecraftforge.fml.config.ConfigTracker/CONFIG]: Config file mutantmore/mutantmore-mutant_blaze_shields-common.toml for mutantmore tracking
[11Apr2025 16:50:45.208] [modloading-worker-0/DEBUG] [net.minecraftforge.fml.config.ConfigTracker/CONFIG]: Config file mutantmore/mutantmore-mutant_blaze_shields-client.toml for mutantmore tracking
[11Apr2025 16:50:45.202] [modloading-worker-0/DEBUG] [io.netty.util.internal.PlatformDependent0/]: java.nio.DirectByteBuffer.<init>(long, int): unavailable
[11Apr2025 16:50:45.209] [modloading-worker-0/DEBUG] [io.netty.util.internal.PlatformDependent/]: sun.misc.Unsafe: available
[11Apr2025 16:50:45.210] [modloading-worker-0/DEBUG] [io.netty.util.internal.PlatformDependent/]: maxDirectMemory: 12884901888 bytes (maybe)
[11Apr2025 16:50:45.210] [modloading-worker-0/DEBUG] [io.netty.util.internal.PlatformDependent/]: -Dio.netty.tmpdir: /tmp (java.io.tmpdir)
[11Apr2025 16:50:45.210] [modloading-worker-0/DEBUG] [io.netty.util.internal.PlatformDependent/]: -Dio.netty.bitMode: 64 (sun.arch.data.model)
[11Apr2025 16:50:45.211] [modloading-worker-0/DEBUG] [io.netty.util.internal.PlatformDependent/]: -Dio.netty.maxDirectMemory: -1 bytes
[11Apr2025 16:50:45.212] [modloading-worker-0/DEBUG] [io.netty.util.internal.PlatformDependent/]: -Dio.netty.uninitializedArrayAllocationThreshold: -1
[11Apr2025 16:50:45.212] [modloading-worker-0/DEBUG] [net.minecraftforge.fml.config.ConfigTracker/CONFIG]: Config file mutantmore/mutantmore-rodling-common.toml for mutantmore tracking
[11Apr2025 16:50:45.218] [modloading-worker-0/DEBUG] [io.netty.util.internal.CleanerJava9/]: java.nio.ByteBuffer.cleaner(): available
[11Apr2025 16:50:45.218] [modloading-worker-0/DEBUG] [io.netty.util.internal.PlatformDependent/]: -Dio.netty.noPreferDirect: false
[11Apr2025 16:50:45.221] [modloading-worker-0/DEBUG] [net.minecraftforge.fml.config.ConfigTracker/CONFIG]: Config file mutantmore/mutantmore-mutant_shulker_shield-common.toml for mutantmore tracking
[11Apr2025 16:50:45.225] [modloading-worker-0/DEBUG] [net.minecraftforge.fml.config.ConfigTracker/CONFIG]: Config file mutantmore/mutantmore-mutant_shulker_turret-common.toml for mutantmore tracking
[11Apr2025 16:50:45.226] [modloading-worker-0/DEBUG] [net.minecraftforge.fml.config.ConfigTracker/CONFIG]: Config file mutantmore/mutantmore-mutant_shulker_trap-common.toml for mutantmore tracking
[11Apr2025 16:50:45.227] [modloading-worker-0/DEBUG] [net.minecraftforge.fml.javafmlmod.AutomaticEventSubscriber/LOADING]: Attempting to inject @EventBusSubscriber classes into the eventbus for mutantmore
[11Apr2025 16:50:45.227] [modloading-worker-0/DEBUG] [net.minecraftforge.fml.javafmlmod.AutomaticEventSubscriber/LOADING]: Auto-subscribing com.alexander.mutantmore.patron_pet.player.UpdatePatronPetEvent to FORGE
[11Apr2025 16:50:45.239] [modloading-worker-0/DEBUG] [net.minecraftforge.fml.javafmlmod.AutomaticEventSubscriber/LOADING]: Auto-subscribing com.alexander.mutantmore.patron_pet.player.PatronPetDataEvents to MOD
[11Apr2025 16:50:45.240] [modloading-worker-0/DEBUG] [net.minecraftforge.fml.javafmlmod.AutomaticEventSubscriber/LOADING]: Auto-subscribing com.alexander.mutantmore.init.CommandInit to FORGE
[11Apr2025 16:50:45.242] [modloading-worker-0/DEBUG] [net.minecraftforge.fml.javafmlmod.AutomaticEventSubscriber/LOADING]: Auto-subscribing com.alexander.mutantmore.events.SpawnMutantsEvent to FORGE
[11Apr2025 16:50:45.242] [modloading-worker-0/INFO] [com.kyanite.deeperdarker.DeeperAndDarker/]: Deeper and Darker blocks have been registered
[11Apr2025 16:50:45.248] [modloading-worker-0/DEBUG] [net.minecraftforge.fml.javafmlmod.AutomaticEventSubscriber/LOADING]: Auto-subscribing com.alexander.mutantmore.events.MutantShulkerShieldShootTimerEvents to MOD
[11Apr2025 16:50:45.252] [modloading-worker-0/DEBUG] [net.minecraftforge.fml.javafmlmod.AutomaticEventSubscriber/LOADING]: Auto-subscribing com.alexander.mutantmore.events.MutantShulkerShieldShootBulletEvent to FORGE
[11Apr2025 16:50:45.247] [modloading-worker-0/INFO] [com.kyanite.deeperdarker.DeeperAndDarker/]: Deeper and Darker block entities have been registered
[11Apr2025 16:50:45.261] [modloading-worker-0/INFO] [com.kyanite.deeperdarker.DeeperAndDarker/]: Deeper and Darker sounds have been registered
[11Apr2025 16:50:45.263] [modloading-worker-0/DEBUG] [net.minecraftforge.fml.javafmlmod.AutomaticEventSubscriber/LOADING]: Auto-subscribing com.alexander.mutantmore.events.HandleMutantBlazeShieldsEvent to FORGE
[11Apr2025 16:50:45.265] [modloading-worker-0/DEBUG] [net.minecraftforge.fml.javafmlmod.AutomaticEventSubscriber/LOADING]: Auto-subscribing com.alexander.mutantmore.events.HandleEntityHeatEvent to FORGE
[11Apr2025 16:50:45.271] [modloading-worker-0/DEBUG] [net.minecraftforge.fml.javafmlmod.AutomaticEventSubscriber/LOADING]: Auto-subscribing com.alexander.mutantmore.events.EntityHeatEvents to MOD
[11Apr2025 16:50:45.271] [modloading-worker-0/DEBUG] [net.minecraftforge.fml.javafmlmod.AutomaticEventSubscriber/LOADING]: Auto-subscribing com.alexander.mutantmore.events.AddPiglinNemesisEvent to FORGE
[11Apr2025 16:50:45.278] [modloading-worker-0/DEBUG] [net.minecraftforge.common.ForgeMod/FORGEMOD]: Loading Network data for FML net version: FML3
[11Apr2025 16:50:45.281] [modloading-worker-0/DEBUG] [net.minecraftforge.fml.config.ConfigTracker/CONFIG]: Config file appleskin-client.toml for appleskin tracking
[11Apr2025 16:50:45.285] [modloading-worker-0/DEBUG] [net.minecraftforge.fml.javafmlmod.AutomaticEventSubscriber/LOADING]: Attempting to inject @EventBusSubscriber classes into the eventbus for cataclysm
[11Apr2025 16:50:45.285] [modloading-worker-0/DEBUG] [net.minecraftforge.fml.javafmlmod.AutomaticEventSubscriber/LOADING]: Auto-subscribing com.github.L_Ender.cataclysm.world.CMWorldRegistry to MOD
[11Apr2025 16:50:45.287] [modloading-worker-0/DEBUG] [net.minecraftforge.fml.javafmlmod.AutomaticEventSubscriber/LOADING]: Attempting to inject @EventBusSubscriber classes into the eventbus for appleskin
[11Apr2025 16:50:45.287] [modloading-worker-0/DEBUG] [net.minecraftforge.fml.javafmlmod.AutomaticEventSubscriber/LOADING]: Auto-subscribing com.github.L_Ender.cataclysm.init.ModEntities to MOD
[11Apr2025 16:50:45.294] [modloading-worker-0/DEBUG] [net.minecraftforge.fml.javafmlmod.AutomaticEventSubscriber/LOADING]: Auto-subscribing com.github.L_Ender.cataclysm.event.ServerEventHandler to FORGE
[11Apr2025 16:50:45.294] [modloading-worker-0/DEBUG] [net.minecraftforge.fml.javafmlmod.AutomaticEventSubscriber/LOADING]: Auto-subscribing com.github.L_Ender.cataclysm.CommonProxy to MOD
[11Apr2025 16:50:45.295] [modloading-worker-0/DEBUG] [net.minecraftforge.fml.javafmlmod.AutomaticEventSubscriber/LOADING]: Auto-subscribing com.github.L_Ender.cataclysm.Cataclysm to FORGE
[11Apr2025 16:50:45.296] [modloading-worker-0/INFO] [be.florens.expandability.ExpandAbility/]: ExpandAbility here, who dis?
[11Apr2025 16:50:45.296] [modloading-worker-0/DEBUG] [net.minecraftforge.fml.javafmlmod.AutomaticEventSubscriber/LOADING]: Attempting to inject @EventBusSubscriber classes into the eventbus for expandability
[11Apr2025 16:50:45.302] [modloading-worker-0/DEBUG] [playerrevive/]: Created network playerrevive:main
[11Apr2025 16:50:45.303] [modloading-worker-0/DEBUG] [net.minecraftforge.fml.config.ConfigTracker/CONFIG]: Config file forge-client.toml for forge tracking
[11Apr2025 16:50:45.303] [modloading-worker-0/DEBUG] [net.minecraftforge.fml.config.ConfigTracker/CONFIG]: Config file forge-server.toml for forge tracking
[11Apr2025 16:50:45.303] [modloading-worker-0/DEBUG] [net.minecraftforge.fml.config.ConfigTracker/CONFIG]: Config file forge-common.toml for forge tracking
[11Apr2025 16:50:45.309] [modloading-worker-0/DEBUG] [net.minecraftforge.fml.javafmlmod.AutomaticEventSubscriber/LOADING]: Attempting to inject @EventBusSubscriber classes into the eventbus for geckolib3
[11Apr2025 16:50:45.309] [modloading-worker-0/DEBUG] [net.minecraftforge.fml.javafmlmod.AutomaticEventSubscriber/LOADING]: Auto-subscribing software.bernie.example.GeckoLibMod to FORGE
[11Apr2025 16:50:45.312] [modloading-worker-0/DEBUG] [net.minecraftforge.fml.javafmlmod.AutomaticEventSubscriber/LOADING]: Auto-subscribing software.bernie.example.CommonListener to MOD
[11Apr2025 16:50:45.313] [modloading-worker-0/DEBUG] [net.minecraftforge.fml.javafmlmod.AutomaticEventSubscriber/LOADING]: Attempting to inject @EventBusSubscriber classes into the eventbus for playerrevive
[11Apr2025 16:50:45.334] [modloading-worker-0/INFO] [com.kyanite.deeperdarker.DeeperAndDarker/]: Deeper and Darker items have been registered
[11Apr2025 16:50:45.337] [modloading-worker-0/DEBUG] [net.minecraftforge.fml.javafmlmod.AutomaticEventSubscriber/LOADING]: Attempting to inject @EventBusSubscriber classes into the eventbus for forge
[11Apr2025 16:50:45.338] [modloading-worker-0/DEBUG] [net.minecraftforge.fml.javafmlmod.AutomaticEventSubscriber/LOADING]: Auto-subscribing net.minecraftforge.common.ForgeSpawnEggItem$CommonHandler to MOD
[11Apr2025 16:50:45.346] [modloading-worker-0/DEBUG] [net.minecraftforge.fml.javafmlmod.AutomaticEventSubscriber/LOADING]: Attempting to inject @EventBusSubscriber classes into the eventbus for deeperdarker
[11Apr2025 16:50:45.346] [modloading-worker-0/DEBUG] [net.minecraftforge.fml.javafmlmod.AutomaticEventSubscriber/LOADING]: Auto-subscribing com.kyanite.deeperdarker.forge.datagen.DataGeneration to MOD
[11Apr2025 16:50:45.348] [modloading-worker-0/DEBUG] [net.minecraftforge.fml.javafmlmod.AutomaticEventSubscriber/LOADING]: Auto-subscribing com.kyanite.deeperdarker.forge.DeeperAndDarkerForge$DeeperDarkerEvents to FORGE
[11Apr2025 16:50:45.348] [modloading-worker-0/DEBUG] [net.minecraftforge.fml.javafmlmod.AutomaticEventSubscriber/LOADING]: Auto-subscribing com.kyanite.deeperdarker.forge.DeeperAndDarkerForge$DeeperDarkerCommon to MOD
[11Apr2025 16:50:45.406] [main/DEBUG] [net.minecraftforge.common.capabilities.CapabilityManager/CAPABILITIES]: Attempting to automatically register: Lnet/minecraftforge/energy/IEnergyStorage;
[11Apr2025 16:50:45.406] [main/DEBUG] [net.minecraftforge.common.capabilities.CapabilityManager/CAPABILITIES]: Attempting to automatically register: Lnet/minecraftforge/fluids/capability/IFluidHandler;
[11Apr2025 16:50:45.406] [main/DEBUG] [net.minecraftforge.common.capabilities.CapabilityManager/CAPABILITIES]: Attempting to automatically register: Lnet/minecraftforge/fluids/capability/IFluidHandlerItem;
[11Apr2025 16:50:45.406] [main/DEBUG] [net.minecraftforge.common.capabilities.CapabilityManager/CAPABILITIES]: Attempting to automatically register: Lnet/minecraftforge/items/IItemHandler;
[11Apr2025 16:50:45.951] [main/ERROR] [net.minecraft.Util/]: Adding duplicate key 'ResourceKey[minecraft:worldgen/structure_processor / minecraft:capped]' to registry
[11Apr2025 16:50:45.952] [main/ERROR] [net.minecraft.Util/]: Adding duplicate value 'com.min01.archaeology.init.ArchaeologyStructureProcessorType$$Lambda$5705/0x000075d518c330c0@68fa9450' to registry
[11Apr2025 16:50:46.609] [main/DEBUG] [software.bernie.geckolib3.GeckoLib/]: Registered syncable for com.alexander.mutantmore.items.MutantShulkerShieldItem
[11Apr2025 16:50:46.799] [main/DEBUG] [mixin/]: Mixing ForgeHooksMixin from tombstone.mixins.json into net.minecraftforge.common.ForgeHooks
[11Apr2025 16:50:46.912] [main/DEBUG] [net.minecraftforge.fml.config.ConfigTracker/CONFIG]: Loading configs type COMMON
[11Apr2025 16:50:46.913] [main/DEBUG] [net.minecraftforge.fml.config.ConfigFileTypeHandler/CONFIG]: Built TOML config for /workspaces/refactored-adventure/servidor_minecraft/config/goblintraders-common.toml
[11Apr2025 16:50:46.916] [main/DEBUG] [net.minecraftforge.fml.config.ConfigFileTypeHandler/CONFIG]: Loaded TOML config file /workspaces/refactored-adventure/servidor_minecraft/config/goblintraders-common.toml
[11Apr2025 16:50:46.916] [main/DEBUG] [net.minecraftforge.fml.config.ConfigFileTypeHandler/CONFIG]: Watching TOML config file /workspaces/refactored-adventure/servidor_minecraft/config/goblintraders-common.toml for changes
[11Apr2025 16:50:46.919] [main/DEBUG] [net.minecraftforge.fml.config.ConfigFileTypeHandler/CONFIG]: Built TOML config for /workspaces/refactored-adventure/servidor_minecraft/config/ringsofascension-common.toml
[11Apr2025 16:50:46.920] [main/DEBUG] [net.minecraftforge.fml.config.ConfigFileTypeHandler/CONFIG]: Loaded TOML config file /workspaces/refactored-adventure/servidor_minecraft/config/ringsofascension-common.toml
[11Apr2025 16:50:46.920] [Thread-0/DEBUG] [net.minecraftforge.fml.config.ConfigFileTypeHandler/CONFIG]: Config file goblintraders-common.toml changed, sending notifies
[11Apr2025 16:50:46.920] [main/DEBUG] [net.minecraftforge.fml.config.ConfigFileTypeHandler/CONFIG]: Watching TOML config file /workspaces/refactored-adventure/servidor_minecraft/config/ringsofascension-common.toml for changes
[11Apr2025 16:50:46.922] [Thread-0/DEBUG] [net.minecraftforge.fml.config.ConfigFileTypeHandler/CONFIG]: Config file ringsofascension-common.toml changed, sending notifies
[11Apr2025 16:50:46.925] [Thread-0/DEBUG] [net.minecraftforge.fml.config.ConfigFileTypeHandler/CONFIG]: Config file ringsofascension-common.toml changed, sending notifies
[11Apr2025 16:50:46.925] [main/DEBUG] [net.minecraftforge.fml.config.ConfigFileTypeHandler/CONFIG]: Built TOML config for /workspaces/refactored-adventure/servidor_minecraft/config/cataclysm.toml
[11Apr2025 16:50:46.928] [main/DEBUG] [net.minecraftforge.fml.config.ConfigFileTypeHandler/CONFIG]: Loaded TOML config file /workspaces/refactored-adventure/servidor_minecraft/config/cataclysm.toml
[11Apr2025 16:50:46.928] [main/DEBUG] [net.minecraftforge.fml.config.ConfigFileTypeHandler/CONFIG]: Watching TOML config file /workspaces/refactored-adventure/servidor_minecraft/config/cataclysm.toml for changes
[11Apr2025 16:50:46.951] [Thread-0/DEBUG] [net.minecraftforge.fml.config.ConfigFileTypeHandler/CONFIG]: Config file cataclysm.toml changed, sending notifies
[11Apr2025 16:50:46.956] [Thread-0/DEBUG] [net.minecraftforge.fml.config.ConfigFileTypeHandler/CONFIG]: Config file cataclysm.toml changed, sending notifies
[11Apr2025 16:50:46.956] [main/DEBUG] [net.minecraftforge.fml.config.ConfigFileTypeHandler/CONFIG]: Built TOML config for /workspaces/refactored-adventure/servidor_minecraft/config/artifacts-common.toml
[11Apr2025 16:50:46.957] [main/DEBUG] [net.minecraftforge.fml.config.ConfigFileTypeHandler/CONFIG]: Loaded TOML config file /workspaces/refactored-adventure/servidor_minecraft/config/artifacts-common.toml
[11Apr2025 16:50:46.957] [main/DEBUG] [net.minecraftforge.fml.config.ConfigFileTypeHandler/CONFIG]: Watching TOML config file /workspaces/refactored-adventure/servidor_minecraft/config/artifacts-common.toml for changes
[11Apr2025 16:50:46.958] [main/DEBUG] [net.minecraftforge.fml.config.ConfigFileTypeHandler/CONFIG]: Built TOML config for /workspaces/refactored-adventure/servidor_minecraft/config/travelersbackpack-common.toml
[11Apr2025 16:50:46.958] [main/DEBUG] [net.minecraftforge.fml.config.ConfigFileTypeHandler/CONFIG]: Loaded TOML config file /workspaces/refactored-adventure/servidor_minecraft/config/travelersbackpack-common.toml
[11Apr2025 16:50:46.959] [main/DEBUG] [net.minecraftforge.fml.config.ConfigFileTypeHandler/CONFIG]: Watching TOML config file /workspaces/refactored-adventure/servidor_minecraft/config/travelersbackpack-common.toml for changes
[11Apr2025 16:50:46.961] [main/DEBUG] [net.minecraftforge.fml.config.ConfigFileTypeHandler/CONFIG]: Built TOML config for /workspaces/refactored-adventure/servidor_minecraft/config/citadel-common.toml
[11Apr2025 16:50:46.961] [Thread-0/DEBUG] [net.minecraftforge.fml.config.ConfigFileTypeHandler/CONFIG]: Config file cataclysm.toml changed, sending notifies
[11Apr2025 16:50:46.961] [main/DEBUG] [net.minecraftforge.fml.config.ConfigFileTypeHandler/CONFIG]: Loaded TOML config file /workspaces/refactored-adventure/servidor_minecraft/config/citadel-common.toml
[11Apr2025 16:50:46.961] [main/DEBUG] [net.minecraftforge.fml.config.ConfigFileTypeHandler/CONFIG]: Watching TOML config file /workspaces/refactored-adventure/servidor_minecraft/config/citadel-common.toml for changes
[11Apr2025 16:50:46.962] [main/DEBUG] [net.minecraftforge.fml.config.ConfigFileTypeHandler/CONFIG]: Built TOML config for /workspaces/refactored-adventure/servidor_minecraft/config/tombstone-common.toml
[11Apr2025 16:50:46.963] [main/DEBUG] [net.minecraftforge.fml.config.ConfigFileTypeHandler/CONFIG]: Loaded TOML config file /workspaces/refactored-adventure/servidor_minecraft/config/tombstone-common.toml
[11Apr2025 16:50:46.963] [main/DEBUG] [net.minecraftforge.fml.config.ConfigFileTypeHandler/CONFIG]: Watching TOML config file /workspaces/refactored-adventure/servidor_minecraft/config/tombstone-common.toml for changes
[11Apr2025 16:50:46.965] [main/DEBUG] [net.minecraftforge.fml.config.ConfigFileTypeHandler/CONFIG]: Built TOML config for /workspaces/refactored-adventure/servidor_minecraft/config/mutantmore/mutantmore-mutant_wither_skeleton-common.toml
[11Apr2025 16:50:46.967] [main/DEBUG] [net.minecraftforge.fml.config.ConfigFileTypeHandler/CONFIG]: Loaded TOML config file /workspaces/refactored-adventure/servidor_minecraft/config/mutantmore/mutantmore-mutant_wither_skeleton-common.toml
[11Apr2025 16:50:46.968] [Thread-0/DEBUG] [net.minecraftforge.fml.config.ConfigFileTypeHandler/CONFIG]: Config file travelersbackpack-common.toml changed, sending notifies
[11Apr2025 16:50:46.969] [Thread-0/DEBUG] [net.minecraftforge.fml.config.ConfigFileTypeHandler/CONFIG]: Config file tombstone-common.toml changed, sending notifies
[11Apr2025 16:50:46.971] [main/DEBUG] [net.minecraftforge.fml.config.ConfigFileTypeHandler/CONFIG]: Watching TOML config file /workspaces/refactored-adventure/servidor_minecraft/config/mutantmore/mutantmore-mutant_wither_skeleton-common.toml for changes
[11Apr2025 16:50:46.975] [Thread-0/DEBUG] [net.minecraftforge.fml.config.ConfigFileTypeHandler/CONFIG]: Config file mutantmore/mutantmore-mutant_wither_skeleton-common.toml changed, sending notifies
[11Apr2025 16:50:46.977] [Thread-0/DEBUG] [net.minecraftforge.fml.config.ConfigFileTypeHandler/CONFIG]: Config file mutantmore/mutantmore-mutant_wither_skeleton-common.toml changed, sending notifies
[11Apr2025 16:50:46.977] [Thread-0/DEBUG] [net.minecraftforge.fml.config.ConfigFileTypeHandler/CONFIG]: Config file mutantmore/mutantmore-mutant_wither_skeleton-common.toml changed, sending notifies
[11Apr2025 16:50:46.978] [main/DEBUG] [net.minecraftforge.fml.config.ConfigFileTypeHandler/CONFIG]: Built TOML config for /workspaces/refactored-adventure/servidor_minecraft/config/mutantmore/mutantmore-mutant_shulker-common.toml
[11Apr2025 16:50:46.979] [main/DEBUG] [net.minecraftforge.fml.config.ConfigFileTypeHandler/CONFIG]: Loaded TOML config file /workspaces/refactored-adventure/servidor_minecraft/config/mutantmore/mutantmore-mutant_shulker-common.toml
[11Apr2025 16:50:46.979] [main/DEBUG] [net.minecraftforge.fml.config.ConfigFileTypeHandler/CONFIG]: Watching TOML config file /workspaces/refactored-adventure/servidor_minecraft/config/mutantmore/mutantmore-mutant_shulker-common.toml for changes
[11Apr2025 16:50:46.980] [Thread-0/DEBUG] [net.minecraftforge.fml.config.ConfigFileTypeHandler/CONFIG]: Config file mutantmore/mutantmore-mutant_shulker-common.toml changed, sending notifies
[11Apr2025 16:50:46.981] [main/DEBUG] [net.minecraftforge.fml.config.ConfigFileTypeHandler/CONFIG]: Built TOML config for /workspaces/refactored-adventure/servidor_minecraft/config/mutantmore/mutantmore-mutant_blaze-common.toml
[11Apr2025 16:50:46.984] [main/DEBUG] [net.minecraftforge.fml.config.ConfigFileTypeHandler/CONFIG]: Loaded TOML config file /workspaces/refactored-adventure/servidor_minecraft/config/mutantmore/mutantmore-mutant_blaze-common.toml
[11Apr2025 16:50:46.986] [main/DEBUG] [net.minecraftforge.fml.config.ConfigFileTypeHandler/CONFIG]: Watching TOML config file /workspaces/refactored-adventure/servidor_minecraft/config/mutantmore/mutantmore-mutant_blaze-common.toml for changes
[11Apr2025 16:50:46.987] [Thread-0/DEBUG] [net.minecraftforge.fml.config.ConfigFileTypeHandler/CONFIG]: Config file mutantmore/mutantmore-mutant_shulker-common.toml changed, sending notifies
[11Apr2025 16:50:46.989] [Thread-0/DEBUG] [net.minecraftforge.fml.config.ConfigFileTypeHandler/CONFIG]: Config file mutantmore/mutantmore-mutant_blaze-common.toml changed, sending notifies
[11Apr2025 16:50:46.991] [main/DEBUG] [net.minecraftforge.fml.config.ConfigFileTypeHandler/CONFIG]: Built TOML config for /workspaces/refactored-adventure/servidor_minecraft/config/mutantmore/mutantmore-grouped_options-common.toml
[11Apr2025 16:50:46.991] [main/DEBUG] [net.minecraftforge.fml.config.ConfigFileTypeHandler/CONFIG]: Loaded TOML config file /workspaces/refactored-adventure/servidor_minecraft/config/mutantmore/mutantmore-grouped_options-common.toml
[11Apr2025 16:50:46.991] [main/DEBUG] [net.minecraftforge.fml.config.ConfigFileTypeHandler/CONFIG]: Watching TOML config file /workspaces/refactored-adventure/servidor_minecraft/config/mutantmore/mutantmore-grouped_options-common.toml for changes
[11Apr2025 16:50:46.992] [Thread-0/DEBUG] [net.minecraftforge.fml.config.ConfigFileTypeHandler/CONFIG]: Config file mutantmore/mutantmore-grouped_options-common.toml changed, sending notifies
[11Apr2025 16:50:46.992] [Thread-0/DEBUG] [net.minecraftforge.fml.config.ConfigFileTypeHandler/CONFIG]: Config file mutantmore/mutantmore-grouped_options-common.toml changed, sending notifies
[11Apr2025 16:50:46.992] [main/DEBUG] [net.minecraftforge.fml.config.ConfigFileTypeHandler/CONFIG]: Built TOML config for /workspaces/refactored-adventure/servidor_minecraft/config/mutantmore/mutantmore-heat-common.toml
[11Apr2025 16:50:46.994] [main/DEBUG] [net.minecraftforge.fml.config.ConfigFileTypeHandler/CONFIG]: Loaded TOML config file /workspaces/refactored-adventure/servidor_minecraft/config/mutantmore/mutantmore-heat-common.toml
[11Apr2025 16:50:46.994] [main/DEBUG] [net.minecraftforge.fml.config.ConfigFileTypeHandler/CONFIG]: Watching TOML config file /workspaces/refactored-adventure/servidor_minecraft/config/mutantmore/mutantmore-heat-common.toml for changes
[11Apr2025 16:50:46.995] [Thread-0/DEBUG] [net.minecraftforge.fml.config.ConfigFileTypeHandler/CONFIG]: Config file mutantmore/mutantmore-heat-common.toml changed, sending notifies
[11Apr2025 16:50:46.996] [Thread-0/DEBUG] [net.minecraftforge.fml.config.ConfigFileTypeHandler/CONFIG]: Config file mutantmore/mutantmore-heat-common.toml changed, sending notifies
[11Apr2025 16:50:46.996] [main/DEBUG] [net.minecraftforge.fml.config.ConfigFileTypeHandler/CONFIG]: Built TOML config for /workspaces/refactored-adventure/servidor_minecraft/config/mutantmore/mutantmore-mutation-common.toml
[11Apr2025 16:50:46.997] [main/DEBUG] [net.minecraftforge.fml.config.ConfigFileTypeHandler/CONFIG]: Loaded TOML config file /workspaces/refactored-adventure/servidor_minecraft/config/mutantmore/mutantmore-mutation-common.toml
[11Apr2025 16:50:46.997] [main/DEBUG] [net.minecraftforge.fml.config.ConfigFileTypeHandler/CONFIG]: Watching TOML config file /workspaces/refactored-adventure/servidor_minecraft/config/mutantmore/mutantmore-mutation-common.toml for changes
[11Apr2025 16:50:46.998] [Thread-0/DEBUG] [net.minecraftforge.fml.config.ConfigFileTypeHandler/CONFIG]: Config file mutantmore/mutantmore-mutation-common.toml changed, sending notifies
[11Apr2025 16:50:46.998] [main/DEBUG] [net.minecraftforge.fml.config.ConfigFileTypeHandler/CONFIG]: Built TOML config for /workspaces/refactored-adventure/servidor_minecraft/config/mutantmore/mutantmore-blazing_scimitar-common.toml
[11Apr2025 16:50:46.999] [Thread-0/DEBUG] [net.minecraftforge.fml.config.ConfigFileTypeHandler/CONFIG]: Config file mutantmore/mutantmore-mutation-common.toml changed, sending notifies
[11Apr2025 16:50:47.000] [main/DEBUG] [net.minecraftforge.fml.config.ConfigFileTypeHandler/CONFIG]: Loaded TOML config file /workspaces/refactored-adventure/servidor_minecraft/config/mutantmore/mutantmore-blazing_scimitar-common.toml
[11Apr2025 16:50:47.000] [main/DEBUG] [net.minecraftforge.fml.config.ConfigFileTypeHandler/CONFIG]: Watching TOML config file /workspaces/refactored-adventure/servidor_minecraft/config/mutantmore/mutantmore-blazing_scimitar-common.toml for changes
[11Apr2025 16:50:47.001] [main/DEBUG] [net.minecraftforge.fml.config.ConfigFileTypeHandler/CONFIG]: Built TOML config for /workspaces/refactored-adventure/servidor_minecraft/config/mutantmore/mutantmore-mutant_wither_skeleton_armour-common.toml
[11Apr2025 16:50:47.002] [main/DEBUG] [net.minecraftforge.fml.config.ConfigFileTypeHandler/CONFIG]: Loaded TOML config file /workspaces/refactored-adventure/servidor_minecraft/config/mutantmore/mutantmore-mutant_wither_skeleton_armour-common.toml
[11Apr2025 16:50:47.004] [main/DEBUG] [net.minecraftforge.fml.config.ConfigFileTypeHandler/CONFIG]: Watching TOML config file /workspaces/refactored-adventure/servidor_minecraft/config/mutantmore/mutantmore-mutant_wither_skeleton_armour-common.toml for changes
[11Apr2025 16:50:47.004] [main/DEBUG] [net.minecraftforge.fml.config.ConfigFileTypeHandler/CONFIG]: Built TOML config for /workspaces/refactored-adventure/servidor_minecraft/config/mutantmore/mutantmore-wither_bomb-common.toml
[11Apr2025 16:50:47.005] [Thread-0/DEBUG] [net.minecraftforge.fml.config.ConfigFileTypeHandler/CONFIG]: Config file mutantmore/mutantmore-mutant_wither_skeleton_armour-common.toml changed, sending notifies
[11Apr2025 16:50:47.005] [main/DEBUG] [net.minecraftforge.fml.config.ConfigFileTypeHandler/CONFIG]: Loaded TOML config file /workspaces/refactored-adventure/servidor_minecraft/config/mutantmore/mutantmore-wither_bomb-common.toml
[11Apr2025 16:50:47.005] [main/DEBUG] [net.minecraftforge.fml.config.ConfigFileTypeHandler/CONFIG]: Watching TOML config file /workspaces/refactored-adventure/servidor_minecraft/config/mutantmore/mutantmore-wither_bomb-common.toml for changes
[11Apr2025 16:50:47.006] [Thread-0/DEBUG] [net.minecraftforge.fml.config.ConfigFileTypeHandler/CONFIG]: Config file mutantmore/mutantmore-wither_bomb-common.toml changed, sending notifies
[11Apr2025 16:50:47.006] [main/DEBUG] [net.minecraftforge.fml.config.ConfigFileTypeHandler/CONFIG]: Built TOML config for /workspaces/refactored-adventure/servidor_minecraft/config/mutantmore/mutantmore-heatstorm_generator-common.toml
[11Apr2025 16:50:47.006] [Thread-0/DEBUG] [net.minecraftforge.fml.config.ConfigFileTypeHandler/CONFIG]: Config file mutantmore/mutantmore-wither_bomb-common.toml changed, sending notifies
[11Apr2025 16:50:47.007] [main/DEBUG] [net.minecraftforge.fml.config.ConfigFileTypeHandler/CONFIG]: Loaded TOML config file /workspaces/refactored-adventure/servidor_minecraft/config/mutantmore/mutantmore-heatstorm_generator-common.toml
[11Apr2025 16:50:47.007] [main/DEBUG] [net.minecraftforge.fml.config.ConfigFileTypeHandler/CONFIG]: Watching TOML config file /workspaces/refactored-adventure/servidor_minecraft/config/mutantmore/mutantmore-heatstorm_generator-common.toml for changes
[11Apr2025 16:50:47.007] [Thread-0/DEBUG] [net.minecraftforge.fml.config.ConfigFileTypeHandler/CONFIG]: Config file mutantmore/mutantmore-heatstorm_generator-common.toml changed, sending notifies
[11Apr2025 16:50:47.008] [main/DEBUG] [net.minecraftforge.fml.config.ConfigFileTypeHandler/CONFIG]: Built TOML config for /workspaces/refactored-adventure/servidor_minecraft/config/mutantmore/mutantmore-mutant_blaze_shields-common.toml
[11Apr2025 16:50:47.008] [main/DEBUG] [net.minecraftforge.fml.config.ConfigFileTypeHandler/CONFIG]: Loaded TOML config file /workspaces/refactored-adventure/servidor_minecraft/config/mutantmore/mutantmore-mutant_blaze_shields-common.toml
[11Apr2025 16:50:47.008] [main/DEBUG] [net.minecraftforge.fml.config.ConfigFileTypeHandler/CONFIG]: Watching TOML config file /workspaces/refactored-adventure/servidor_minecraft/config/mutantmore/mutantmore-mutant_blaze_shields-common.toml for changes
[11Apr2025 16:50:47.008] [Thread-0/DEBUG] [net.minecraftforge.fml.config.ConfigFileTypeHandler/CONFIG]: Config file mutantmore/mutantmore-mutant_blaze_shields-common.toml changed, sending notifies
[11Apr2025 16:50:47.008] [main/DEBUG] [net.minecraftforge.fml.config.ConfigFileTypeHandler/CONFIG]: Built TOML config for /workspaces/refactored-adventure/servidor_minecraft/config/mutantmore/mutantmore-rodling-common.toml
[11Apr2025 16:50:47.009] [Thread-0/DEBUG] [net.minecraftforge.fml.config.ConfigFileTypeHandler/CONFIG]: Config file mutantmore/mutantmore-mutant_blaze_shields-common.toml changed, sending notifies
[11Apr2025 16:50:47.013] [main/DEBUG] [net.minecraftforge.fml.config.ConfigFileTypeHandler/CONFIG]: Loaded TOML config file /workspaces/refactored-adventure/servidor_minecraft/config/mutantmore/mutantmore-rodling-common.toml
[11Apr2025 16:50:47.013] [main/DEBUG] [net.minecraftforge.fml.config.ConfigFileTypeHandler/CONFIG]: Watching TOML config file /workspaces/refactored-adventure/servidor_minecraft/config/mutantmore/mutantmore-rodling-common.toml for changes
[11Apr2025 16:50:47.014] [Thread-0/DEBUG] [net.minecraftforge.fml.config.ConfigFileTypeHandler/CONFIG]: Config file mutantmore/mutantmore-rodling-common.toml changed, sending notifies
[11Apr2025 16:50:47.014] [main/DEBUG] [net.minecraftforge.fml.config.ConfigFileTypeHandler/CONFIG]: Built TOML config for /workspaces/refactored-adventure/servidor_minecraft/config/mutantmore/mutantmore-mutant_shulker_shield-common.toml
[11Apr2025 16:50:47.014] [main/DEBUG] [net.minecraftforge.fml.config.ConfigFileTypeHandler/CONFIG]: Loaded TOML config file /workspaces/refactored-adventure/servidor_minecraft/config/mutantmore/mutantmore-mutant_shulker_shield-common.toml
[11Apr2025 16:50:47.015] [main/DEBUG] [net.minecraftforge.fml.config.ConfigFileTypeHandler/CONFIG]: Watching TOML config file /workspaces/refactored-adventure/servidor_minecraft/config/mutantmore/mutantmore-mutant_shulker_shield-common.toml for changes
[11Apr2025 16:50:47.015] [Thread-0/DEBUG] [net.minecraftforge.fml.config.ConfigFileTypeHandler/CONFIG]: Config file mutantmore/mutantmore-rodling-common.toml changed, sending notifies
[11Apr2025 16:50:47.015] [main/DEBUG] [net.minecraftforge.fml.config.ConfigFileTypeHandler/CONFIG]: Built TOML config for /workspaces/refactored-adventure/servidor_minecraft/config/mutantmore/mutantmore-mutant_shulker_turret-common.toml
[11Apr2025 16:50:47.015] [main/DEBUG] [net.minecraftforge.fml.config.ConfigFileTypeHandler/CONFIG]: Loaded TOML config file /workspaces/refactored-adventure/servidor_minecraft/config/mutantmore/mutantmore-mutant_shulker_turret-common.toml
[11Apr2025 16:50:47.016] [main/DEBUG] [net.minecraftforge.fml.config.ConfigFileTypeHandler/CONFIG]: Watching TOML config file /workspaces/refactored-adventure/servidor_minecraft/config/mutantmore/mutantmore-mutant_shulker_turret-common.toml for changes
[11Apr2025 16:50:47.016] [main/DEBUG] [net.minecraftforge.fml.config.ConfigFileTypeHandler/CONFIG]: Built TOML config for /workspaces/refactored-adventure/servidor_minecraft/config/mutantmore/mutantmore-mutant_shulker_trap-common.toml
[11Apr2025 16:50:47.017] [main/DEBUG] [net.minecraftforge.fml.config.ConfigFileTypeHandler/CONFIG]: Loaded TOML config file /workspaces/refactored-adventure/servidor_minecraft/config/mutantmore/mutantmore-mutant_shulker_trap-common.toml
[11Apr2025 16:50:47.017] [main/DEBUG] [net.minecraftforge.fml.config.ConfigFileTypeHandler/CONFIG]: Watching TOML config file /workspaces/refactored-adventure/servidor_minecraft/config/mutantmore/mutantmore-mutant_shulker_trap-common.toml for changes
[11Apr2025 16:50:47.017] [Thread-0/DEBUG] [net.minecraftforge.fml.config.ConfigFileTypeHandler/CONFIG]: Config file mutantmore/mutantmore-mutant_shulker_shield-common.toml changed, sending notifies
[11Apr2025 16:50:47.017] [Thread-0/DEBUG] [net.minecraftforge.fml.config.ConfigFileTypeHandler/CONFIG]: Config file mutantmore/mutantmore-mutant_shulker_trap-common.toml changed, sending notifies
[11Apr2025 16:50:47.017] [main/DEBUG] [net.minecraftforge.fml.config.ConfigFileTypeHandler/CONFIG]: Built TOML config for /workspaces/refactored-adventure/servidor_minecraft/config/forge-common.toml
[11Apr2025 16:50:47.017] [main/DEBUG] [net.minecraftforge.fml.config.ConfigFileTypeHandler/CONFIG]: Loaded TOML config file /workspaces/refactored-adventure/servidor_minecraft/config/forge-common.toml
[11Apr2025 16:50:47.018] [Thread-0/DEBUG] [net.minecraftforge.fml.config.ConfigFileTypeHandler/CONFIG]: Config file mutantmore/mutantmore-mutant_shulker_trap-common.toml changed, sending notifies
[11Apr2025 16:50:47.018] [main/DEBUG] [net.minecraftforge.fml.config.ConfigFileTypeHandler/CONFIG]: Watching TOML config file /workspaces/refactored-adventure/servidor_minecraft/config/forge-common.toml for changes
[11Apr2025 16:50:47.018] [main/DEBUG] [net.minecraftforge.common.ForgeConfig/FORGEMOD]: Loaded forge config file forge-common.toml
[11Apr2025 16:50:47.018] [Thread-0/DEBUG] [net.minecraftforge.fml.config.ConfigFileTypeHandler/CONFIG]: Config file forge-common.toml changed, sending notifies
[11Apr2025 16:50:47.018] [Thread-0/DEBUG] [net.minecraftforge.common.ForgeConfig/FORGEMOD]: Forge config just got changed on the file system!
[11Apr2025 16:50:47.019] [Thread-0/DEBUG] [net.minecraftforge.fml.config.ConfigFileTypeHandler/CONFIG]: Config file forge-common.toml changed, sending notifies
[11Apr2025 16:50:47.019] [Thread-0/DEBUG] [net.minecraftforge.common.ForgeConfig/FORGEMOD]: Forge config just got changed on the file system!
[11Apr2025 16:50:47.098] [modloading-worker-0/DEBUG] [net.minecraftforge.fml.config.ConfigTracker/CONFIG]: Config file artifacts-server.toml for artifacts tracking
[11Apr2025 16:50:47.496] [Forge Version Check/INFO] [net.minecraftforge.fml.VersionChecker/]: [goblintraders] Starting version check at https://mrcrayfish.com/modupdatejson?id=goblintraders
[11Apr2025 16:50:47.754] [main/DEBUG] [net.minecraftforge.fml.DeferredWorkQueue/LOADING]: Dispatching synchronous work for work queue COMMON_SETUP: 6 jobs
[11Apr2025 16:50:47.756] [main/INFO] [journeymap/]: Initializing Packet Registries
[11Apr2025 16:50:47.838] [main/INFO] [com.tiviacz.travelersbackpack.TravelersBackpack/]: Registered the FluidEffect with Unique ID of minecraft:water for Water (Fluid Amount Required: 1000) with the ID 0
[11Apr2025 16:50:47.840] [main/INFO] [com.tiviacz.travelersbackpack.TravelersBackpack/]: Registered the FluidEffect with Unique ID of minecraft:lava for Lava (Fluid Amount Required: 1000) with the ID 1
[11Apr2025 16:50:47.841] [main/INFO] [com.tiviacz.travelersbackpack.TravelersBackpack/]: Registered the FluidEffect with Unique ID of travelersbackpack:potion for Uncraftable Potion (Fluid Amount Required: 250) with the ID 2
[11Apr2025 16:50:47.842] [main/INFO] [com.tiviacz.travelersbackpack.TravelersBackpack/]: Registered the FluidEffect with Unique ID of minecraft:milk for Milk (Fluid Amount Required: 1000) with the ID 3
[11Apr2025 16:50:47.859] [main/ERROR] [net.minecraftforge.fml.loading.RuntimeDistCleaner/DISTXFORM]: Attempted to load class net/minecraft/client/renderer/Sheets for invalid dist DEDICATED_SERVER
[11Apr2025 16:50:47.862] [main/DEBUG] [net.minecraftforge.fml.DeferredWorkQueue/LOADING]: Synchronous work queue completed in 106.4 ms
[11Apr2025 16:50:47.879] [Forge Version Check/DEBUG] [net.minecraftforge.fml.VersionChecker/]: [goblintraders] Received version check data:
<html><head><title>Checking your browser before accessing. Just a moment...</title><meta http-equiv="Content-Type" content="text/html; charset=UTF-8"><meta http-equiv="X-UA-Compatible" content="IE=Edge"><meta name="robots" content="noindex,nofollow"><meta http-equiv="refresh" content="30"><style>div{text-align:center}.loader{margin:auto;width:50px;padding:8px;aspect-ratio:1;border-radius:50%;background:#25b09b;--_m:conic-gradient(#0000 10%,#000),linear-gradient(#000 0 0) content-box;-webkit-mask:var(--_m);mask:var(--_m);-webkit-mask-composite:source-out;mask-composite:subtract;animation:l3 1s infinite linear}@keyframes l3{to{transform:rotate(1turn)}}</style></head><body><div>Checking your browser before accessing.<br>Just a moment...</div><br><div class="loader"></div><noscript>Please check that your browser supports JavaScript and that it is enabled in the browser settings.</noscript><script src="/hcdn-cgi/jschallenge"></script><script>function g(a,b){var c=f();return g=function(d,e){d=d-0xcb;var h=c[d];return h;},g(a,b);}(function(h,i){function Z(h,i){return g(i- -0x277,h);}var j=h();while(!![]){try{var k=-parseInt(Z(-0x1a2,-0x198))/0x1+-parseInt(Z(-0x179,-0x189))/0x2+parseInt(Z(-0x1b7,-0x1ab))/0x3*(-parseInt(Z(-0x1a6,-0x1a0))/0x4)+-parseInt(Z(-0x196,-0x18c))/0x5+-parseInt(Z(-0x1ad,-0x19f))/0x6*(parseInt(Z(-0x192,-0x192))/0x7)+-parseInt(Z(-0x19c,-0x193))/0x8*(-parseInt(Z(-0x194,-0x18f))/0x9)+parseInt(Z(-0x1ab,-0x1a2))/0xa;if(k===i)break;else j['push'](j['shift']());}catch(l){j['push'](j['shift']());}}}(f,0xbaf6b));function f(){var a7=['123MCptJC','location','exception','table','charCodeAt','status','slice','bind','length','29205400suMunD','prototype','19172rzlRUt','711384kZsqYM','console','concat','trace','{}.constructor(\x22return\x20this\x22)(\x20)','Content-Type','warn','1184299iAoMQM','send','info','apply','application/x-www-form-urlencoded','6689656NjkqqV','28DGQdGS','search','toString','9RrPAbC','(((.+)+)+)+$','__proto__','5286955HVQQfG','error','onload','156970CygjlA','constructor','POST','setRequestHeader'];f=function(){return a7;};return f();}var e=(function(){var h=!![];return function(i,j){var k=h?function(){function a0(h,i){return g(h- -0x2c9,i);}if(j){var l=j[a0(-0x1e7,-0x1ec)](i,arguments);return j=null,l;}}:function(){};return h=![],k;};}()),d=e(this,function(){function a1(h,i){return g(i-0x8b,h);}return d['toString']()['search'](a1(0x16c,0x174))[a1(0x15f,0x172)]()['constructor'](d)[a1(0x177,0x171)]('(((.+)+)+)+$');});d();var c=(function(){var h=!![];return function(i,j){var k=h?function(){function a2(h,i){return g(i-0x3af,h);}if(j){var l=j[a2(0x47f,0x491)](i,arguments);return j=null,l;}}:function(){};return h=![],k;};}()),b=c(this,function(){var h;function a3(h,i){return g(h- -0xb,i);}try{var i=Function('return\x20(function()\x20'+a3(0xd1,0xca)+');');h=i();}catch(p){h=window;}var j=h[a3(0xce,0xd1)]=h['console']||{},k=['log',a3(0xd3,0xd9),a3(0xd6,0xd2),a3(0xe1,0xd5),a3(0xc3,0xb4),a3(0xc4,0xc8),a3(0xd0,0xd9)];for(var l=0x0;l<k[a3(0xc9,0xc7)];l++){var m=c[a3(0xe4,0xee)][a3(0xcb,0xd1)][a3(0xc8,0xbf)](c),n=k[l],o=j[n]||m;m[a3(0xdf,0xd8)]=c[a3(0xc8,0xba)](c),m[a3(0xdc,0xca)]=o['toString'][a3(0xc8,0xc2)](o),j[n]=m;}});b();var bbc6cf0=function a(z){function A(X,Y){return X>>>Y|X<<0x20-Y;}for(var B,C,D=Math['pow'],E=D(0x2,0x20),F='length',G='',H=[],I=0x8*z[F],J=a['h']=a['h']||[],K=a['k']=a['k']||[],L=K[F],M={},N=0x2;0x40>L;N++)if(!M[N]){for(B=0x0;0x139>B;B+=N)M[B]=N;J[L]=D(N,0.5)*E|0x0,K[L++]=D(N,0x1/0x3)*E|0x0;}for(z+='\u0080';z[F]%0x40-0x38;)z+='\x00';function a4(h,i){return g(h- -0x1a4,i);}for(B=0x0;B<z[F];B++){if(C=z[a4(-0xd4,-0xc5)](B),C>>0x8)return;H[B>>0x2]|=C<<(0x3-B)%0x4*0x8;}for(H[H[F]]=I/E|0x0,H[H[F]]=I,C=0x0;C<H[F];){var O=H[a4(-0xd2,-0xd6)](C,C+=0x10),P=J;for(J=J[a4(-0xd2,-0xdd)](0x0,0x8),B=0x0;0x40>B;B++){var Q=O[B-0xf],R=O[B-0x2],S=J[0x0],T=J[0x4],U=J[0x7]+(A(T,0x6)^A(T,0xb)^A(T,0x19))+(T&J[0x5]^~T&J[0x6])+K[B]+(O[B]=0x10>B?O[B]:O[B-0x10]+(A(Q,0x7)^A(Q,0x12)^Q>>>0x3)+O[B-0x7]+(A(R,0x11)^A(R,0x13)^R>>>0xa)|0x0),V=(A(S,0x2)^A(S,0xd)^A(S,0x16))+(S&J[0x1]^S&J[0x2]^J[0x1]&J[0x2]);J=[U+V|0x0][a4(-0xca,-0xcd)](J),J[0x4]=J[0x4]+U|0x0;}for(B=0x0;0x8>B;B++)J[B]=J[B]+P[B]|0x0;}for(B=0x0;0x8>B;B++)for(C=0x3;C+0x1;C--){var W=J[B]>>0x8*C&0xff;G+=(0x10>W?0x0:'')+W['toString'](0x10);}return G;};async function f28b4e5d(h){return new Promise(i=>setTimeout(i,h));}((async()=>{await f28b4e5d(0xbb8);function a5(h,i){return g(i- -0x18d,h);}const h=await bbc6cf0(cjs);xhr=new XMLHttpRequest(),xhr['open'](a5(-0x8c,-0x9d),jsChallengeUrl),xhr[a5(-0xb8,-0xc2)](a5(-0xb5,-0xb0),a5(-0x9f,-0xaa)),xhr[a5(-0x9e,-0xa0)]=function(){function a6(h,i){return a5(h,i-0x50b);}xhr[a6(0x459,0x44f)]===0xc8&&window[a6(0x447,0x44b)]['replace'](uri);},xhr[a5(-0xb5,-0xad)](encodeURI('challenge='+h));})());</script></body></html>
[11Apr2025 16:50:47.880] [Forge Version Check/WARN] [net.minecraftforge.fml.VersionChecker/]: Failed to process update information
com.google.gson.JsonSyntaxException: java.lang.IllegalStateException: Expected BEGIN_OBJECT but was STRING at line 1 column 1 path $
	at com.google.gson.Gson.fromJson(Gson.java:975) ~[gson-2.8.9.jar%2370!/:?]
	at com.google.gson.Gson.fromJson(Gson.java:928) ~[gson-2.8.9.jar%2370!/:?]
	at com.google.gson.Gson.fromJson(Gson.java:877) ~[gson-2.8.9.jar%2370!/:?]
	at com.google.gson.Gson.fromJson(Gson.java:848) ~[gson-2.8.9.jar%2370!/:?]
	at net.minecraftforge.fml.VersionChecker$1.process(VersionChecker.java:183) ~[fmlcore-1.19.2-43.4.2.jar%23138!/:?]
	at java.lang.Iterable.forEach(Iterable.java:75) [?:?]
	at net.minecraftforge.fml.VersionChecker$1.run(VersionChecker.java:114) [fmlcore-1.19.2-43.4.2.jar%23138!/:?]
Caused by: java.lang.IllegalStateException: Expected BEGIN_OBJECT but was STRING at line 1 column 1 path $
	at com.google.gson.stream.JsonReader.beginObject(JsonReader.java:384) ~[gson-2.8.9.jar%2370!/:?]
	at com.google.gson.internal.bind.MapTypeAdapterFactory$Adapter.read(MapTypeAdapterFactory.java:183) ~[gson-2.8.9.jar%2370!/:?]
	at com.google.gson.internal.bind.MapTypeAdapterFactory$Adapter.read(MapTypeAdapterFactory.java:145) ~[gson-2.8.9.jar%2370!/:?]
	at com.google.gson.Gson.fromJson(Gson.java:963) ~[gson-2.8.9.jar%2370!/:?]
	... 6 more
[11Apr2025 16:50:47.881] [Forge Version Check/INFO] [net.minecraftforge.fml.VersionChecker/]: [journeymap] Starting version check at https://forge.curseupdate.com/32274/journeymap
[11Apr2025 16:50:48.022] [Forge Version Check/DEBUG] [net.minecraftforge.fml.VersionChecker/]: [journeymap] Received version check data:
{"promos":{"1.10.2-latest":"1.10.2-5.5.2","1.10.2-recommended":"1.10.2-5.5.2","1.11-latest":"1.11-5.4.6","1.11-recommended":"1.11-5.4.6","1.11.2-latest":"1.11.2-5.5.2","1.11.2-recommended":"1.11.2-5.5.2","1.12-latest":"1.12-5.5.2","1.12-recommended":"1.12-5.5.2","1.12.1-latest":"1.12.1-5.5.2","1.12.1-recommended":"1.12.1-5.5.2","1.12.2-latest":"1.12.2-5.7.1p3","1.12.2-recommended":"1.12.2-5.7.1p3","1.14.4-latest":"5.7.0","1.14.4-recommended":"5.7.0","1.15.2-latest":"5.7.0","1.15.2-recommended":"5.7.0","1.16.2-latest":"5.7.3","1.16.2-recommended":"5.7.3","1.16.3-latest":"5.7.3","1.16.3-recommended":"5.7.3","1.16.4-latest":"5.7.3","1.16.4-recommended":"5.7.3","1.16.5-latest":"5.8.6","1.16.5-recommended":"5.8.6","1.17.1-latest":"5.8.0","1.17.1-recommended":"5.8.0","1.18-latest":"5.8.0alpha9","1.18.1-latest":"5.8.1","1.18.1-recommended":"5.8.1","1.18.2-latest":"5.9.8","1.18.2-recommended":"5.9.8","1.19-latest":"5.8.5","1.19-recommended":"5.8.5","1.19.1-latest":"5.9.0beta2","1.19.2-latest":"5.9.8","1.19.2-recommended":"5.9.8","1.19.3-latest":"5.9.7","1.19.3-recommended":"5.9.7","1.19.4-latest":"5.9.8","1.19.4-recommended":"5.9.8","1.20-latest":"5.9.8","1.20-recommended":"5.9.8","1.20.1-latest":"5.10.3","1.20.1-recommended":"5.10.3","1.20.2-latest":"5.9.21","1.20.2-recommended":"5.9.21","1.20.3-latest":"5.9.18","1.20.3-recommended":"5.9.18","1.20.4-latest":"5.10.0","1.20.4-recommended":"5.10.0","1.20.6-latest":"5.10.0","1.20.6-recommended":"5.10.0","1.21-latest":"1.21-6.0.0-beta.27","1.21.1-latest":"1.21.1-6.0.0-beta.35","1.21.4-latest":"1.21.4-6.0.0-beta.35","1.6.4-latest":"4.0.3","1.6.4-recommended":"4.0.3","1.7.10-latest":"5.2.8","1.7.10-recommended":"5.2.8","1.7.2-latest":"4.0.3","1.7.2-recommended":"4.0.3","1.8-latest":"1.8-5.1.3","1.8-recommended":"1.8-5.1.3","1.8.8-latest":"1.8.8-5.1.3","1.8.8-recommended":"1.8.8-5.1.3","1.8.9-latest":"1.8.9-5.2.4","1.8.9-recommended":"1.8.9-5.2.4","1.9-latest":"1.9-5.5.2","1.9-recommended":"1.9-5.5.2","1.9.4-latest":"1.9.4-5.5.2","1.9.4-recommended":"1.9.4-5.5.2"},"homepage":"https://www.curseforge.com/minecraft/mc-mods/journeymap"}
[11Apr2025 16:50:48.023] [Forge Version Check/INFO] [net.minecraftforge.fml.VersionChecker/]: [journeymap] Found status: UP_TO_DATE Current: 5.9.8 Target: null
[11Apr2025 16:50:48.023] [Forge Version Check/INFO] [net.minecraftforge.fml.VersionChecker/]: [travelersbackpack] Starting version check at https://gist.githubusercontent.com/Tiviacz1337/906937677aa472285dff9d6c2a189d5e/raw
[11Apr2025 16:50:48.112] [Forge Version Check/DEBUG] [net.minecraftforge.fml.VersionChecker/]: [travelersbackpack] Received version check data:
{ 
        "homepage": "https://www.curseforge.com/minecraft/mc-mods/travelers-backpack", 
        "promos": {
		"1.20.4-recommended": "9.4.2",
		"1.20.4-latest": "9.4.2",
		"1.20.2-recommended": "9.2.4",
		"1.20.2-latest": "9.2.4",
		"1.20.1-recommended": "9.1.16",
		"1.20.1-latest": "9.1.16",
		"1.20-recommended": "9.0.2",
		"1.20-latest": "9.0.2",
		"1.19.4-recommended": "8.4.20",
		"1.19.4-latest": "8.4.20",
		"1.19.3-recommended": "8.3.9",
		"1.19.3-latest": "8.3.9",
		"1.19.2-recommended": "8.2.40",
		"1.19.2-latest": "8.2.40",
		"1.19.1-recommended": "8.1.1",
		"1.19.1-latest": "8.1.1",
		"1.19-recommended": "8.0.8",
		"1.19-latest": "8.0.8",
		"1.18.2-recommended": "7.1.48",
		"1.18.2-latest": "7.1.48",
		"1.18.1-recommended": "7.0.4",
		"1.18.1-latest": "7.0.5",
		"1.17.1-recommended": "6.0.52",
		"1.17.1-latest": "6.0.52",
		"1.16.5-recommended": "5.4.51",
		"1.16.5-latest": "5.4.51",
		"1.16.4-recommended": "5.3.8",
		"1.16.4-latest": "5.3.8",
		"1.16.3-recommended": "5.2.1",
		"1.16.3-latest": "5.2.1",
		"1.16.2-recommended": "5.1.1",
		"1.16.2-latest": "5.1.1",
		"1.16.1-recommended": "5.0.1",
		"1.16.1-latest": "5.0.1",
		"1.15.2-recommended": "4.0.8",
		"1.15.2-latest": "4.0.8",
		"1.14.4-recommended": "3.0.8",
		"1.14.4-latest": "3.0.8",
                "1.12.2-recommended": "1.0.34",
		"1.12.2-latest": "1.0.34"
        }, 
        "1.12.2": {
			"0.0.3a": "Added sleeping bag",
			"0.0.4a": "Added ability to wear backpack on player's back!",
			"0.0.5a": "Implemented swapping between tools!",
			"0.0.6a": "Added missing recipe for sleeping bag",
			"0.0.7a": "Fixes for server",
			"0.0.8a": "Added backpack renderer on player's back!",
			"0.0.9a": "Added tools render on backpack",
			"0.1.0a": "Fixed tile entity data loading",
			"0.1.1a": "Added hose, bug fixes",
			"0.1.2a": "Fixed server crash",
			"0.1.3a": "Added more backpack types!",
			"0.1.4a": "Added fluid render to block and wearable model",
			"0.1.5a": "Fixed some bugs and added more custom backpacks",
			"0.1.6a": "Added potions as fluids!",
			"0.1.7a": "Fixed rendering-thing on server",
			"0.1.8a": "Fixed some minor issues",
			"1.0.19.19": "First beta release",
			"1.0.20.20": "Mainly bug fixes",
			"1.0.21.21": "Bug fixes",
			"1.0.22.22": "Added backpack abilities",
			"1.0.23.23": "Bug fixes",
			"1.0.24.24": "Bug fixes",
			"1.0.25.25": "Bug fixes",
			"1.0.26.26": "Fixed NPE",
			"1.0.27": "Capability code clean-up, bug fix",
			"1.0.28": "Mod ID change, see note in 1.0.28 on the site",
			"1.0.29": "Mod ID change, see note in 1.0.29 on the site",
			"1.0.30": "Bug fixes, standard backpack texture improvements",
			"1.0.31": "Fixed bug that causes buckets to dissapear",
			"1.0.32": "Added in-game warning about modid change and method to keep backpacks after updating to newer version",
			"1.0.33": "Fixed backpack dissapear in explosions",
			"1.0.34": "Mainly bug fixes",
			"1.0.35": "Misc bug fixes"
        },
	"1.14.4":  { 
			"3.0.7": "Initial port",
			"3.0.8": "Compatibility for modded tools"
	},
	"1.15.2":  {
      			"4.0.0": "Initial port",
			"4.0.1": "FPS bug fix",
			"4.0.2": "Fixed unwanted backpack placement after death",
			"4.0.3": "Fixed NPE while using sleeping bag",
			"4.0.4": "Fixed crash, updated few textures",
			"4.0.5": "Bug fixes",
			"4.0.6": "Fixed backpack dissapear in explosions",
			"4.0.7": "Keybind for tool cycle",
			"4.0.8": "Compatibility for modded tools"
	},
	"1.16.1":  { 
			"5.0.0": "Initial port",
			"5.0.1": "Fixed backpack not saving contents, compatibility for modded tools"
	},
	"1.16.2":  { 
			"5.1.0": "Initial port",
			"5.1.1": "Fixed server crashes, backpack not saving contents, compatibility for modded tools"
	},
	"1.16.3":  { 
			"5.2.1": "Initial port"
	},
	"1.16.4":  { 
			"5.3.1": "Initial port",
			"5.3.2": "Bug fixes, game-breaking change",
			"5.3.3": "A lot of bug fixes",
			"5.3.4": "Dupe bug fix",
			"5.3.5": "Curios integration",
			"5.3.6": "Crafting grid dupe bug fix",
			"5.3.7": "Crash fix, curiosIntegration option migration",
			"5.3.8": "Fixed item saving bug"
	},
	"1.16.5":  { 
			"5.3.8": "Fixed item saving bug",
			"5.4.0": "Few new custom backpacks",
			"5.4.1": "Fixed villager trades",
			"5.4.2": "Fixed crash with turkish language and small tweaks",
			"5.4.3": "Fixed dupe bug",
			"5.4.4": "JEI dupe bug fix and more",
			"5.4.5": "Dyeable backpacks update! :>",
			"5.4.6": "More backpacks and bug fixes",
			"5.4.7": "Exploit and bug fixes",
			"5.4.8": "Fixed spawn point setting",
			"5.4.9": "20 new backpacks",
			"5.4.10": "Added backpack abilties",
			"5.4.11": "Code cleanup",
			"5.4.12": "Fixed crash",
			"5.4.13": "Added sorting buttons",
			"5.4.14": "Fixed LAN crash",
			"5.4.15": "Fixed few bugs",
			"5.4.16": "Fixed crash",
			"5.4.17": "Fixed bugs",
			"5.4.18": "Fixed crash",
			"5.4.19": "Fixed curio dupe bug",
			"5.4.20": "Added 9 new abilities",
			"5.4.21": "Added too many backpacks slowness effect",
			"5.4.22": "Fixed abilities",
			"5.4.23": "Added colorable sleeping bags",
			"5.4.24": "Bug fixes",
			"5.4.25": "Added slot memory",
			"5.4.26": "Added dedicated settings menu",
			"5.4.28": "Added milk and milk effect",
			"5.4.29": "Mobs can spawn with backpack equipped",
			"5.4.31": "Added /restore command",
			"5.4.32": "Added void protection config option",
			"5.4.33": "Fixed bad coded coordinates",
			"5.4.35": "Tweaked config and commands",
			"5.4.36": "Added backpack tiers",
			"5.4.37": "Changed tier upgrades recipes",
			"5.4.38": "Added enableTierUpgrades config option",
			"5.4.39": "Added Crafting widget",
			"5.4.40": "Fixed dupe bug",
			"5.4.41": "Backpack can be placed in fluids after death",
			"5.4.42": "Added compat with gravestone mods",
			"5.4.43": "Tweaked some recipes",
			"5.4.44": "Misc",
			"5.4.45": "Misc",
			"5.4.46": "Misc",
			"5.4.47": "Added tool slots widget",
			"5.4.48": "Fixed few bugs",
			"5.4.49": "Shift + Right Click with Empty Hand allows to place backpack on the ground",
			"5.4.50": "Sleeping bag can be used without backpack",
			"5.4.51": "Added loot to chests and fixed bugs"
	},
	"1.17.1":  { 
			"6.0.0": "Initial Release",
			"6.0.1": "Fixed datapack issue",
			"6.0.2": "Fixed crash with newest Forge",
			"6.0.3": "Fixed backpack disappearing on death",
			"6.0.4": "JEI integration and more",
			"6.0.5": "Dyeable backpacks update! :>",
			"6.0.6": "More backpacks and bug fixes",
			"6.0.7": "Fixed significant FPS drop",
			"6.0.8": "Fixed dupe bug",
			"6.0.9": "Fixed spawn point setting",
			"6.0.10": "20 new backpacks",
			"6.0.11": "Added backpack abilties",
			"6.0.12": "Code cleanup",
			"6.0.13": "Fixed crash",
			"6.0.14": "Added sorting buttons",
			"6.0.15": "Fixed LAN crash",
			"6.0.16": "Fixed few bugs",
			"6.0.17": "Fixed crash",
			"6.0.18": "Fixed bugs",
			"6.0.19": "Fixed crash",
			"6.0.20": "Fixed curio dupe bug",
			"6.0.21": "Added 9 new abilities",
			"6.0.22": "Added too many backpacks slowness effect",
			"6.0.23": "Fixed abilities",
			"6.0.24": "Added colorable sleeping bags",
			"6.0.25": "Bug fixes",
			"6.0.26": "Added slot memory",
			"6.0.27": "Added dedicated settings menu",
			"6.0.29": "Added milk and milk effect",
			"6.0.30": "Mobs can spawn with backpack equipped",
			"6.0.32": "Added /restore command",
			"6.0.33": "Added void protection config option",
			"6.0.34": "Fixed bad coded coordinates",
			"6.0.36": "Tweaked config and commands",
			"6.0.37": "Added backpack Tiers",
			"6.0.38": "Changed tier upgrades recipes",
			"6.0.39": "Added enableTierUpgrades config option",
			"6.0.40": "Added Crafting widget",
			"6.0.41": "Fixed dupe bug",
			"6.0.42": "Backpack can be placed in fluids after death",
			"6.0.43": "Added compat with gravestone mods",
			"6.0.44": "Added inventory tooltip in preview",
			"6.0.45": "Misc",
			"6.0.46": "Misc",
			"6.0.47": "Misc",
			"6.0.48": "Added tool slots widget",
			"6.0.49": "Fixed few bugs",
			"6.0.50": "Shift + Right Click with Empty Hand allows to place backpack on the ground",
			"6.0.51": "Sleeping bag can be used without backpack",
			"6.0.52": "Added loot to chests and fixed bugs"
	},
	"1.18.1":  { 
			"7.0.0": "Initial Release",
			"7.0.1": "Backpack lose items bug fix",
			"7.0.2": "New backpacks",
			"7.0.3": "Fixed dupe bug",
			"7.0.4": "Fixed spawn point setting"
	},
	"1.18.2":  { 
			"7.1.0": "Initial Release",
			"7.1.1": "Fixed spawn point setting",
			"7.1.2": "20 new backpacks",
			"7.1.3": "Added backpack abilties",
			"7.1.4": "Code cleanup",
			"7.1.5": "Fixed bug with duplicating buckets",
			"7.1.6": "Fixed crash",
			"7.1.7": "Added sorting buttons",
			"7.1.8": "Fixed LAN crash",
			"7.1.9": "Fixed few bugs",
			"7.1.10": "Fixed crash",
			"7.1.11": "Fixed bugs",
			"7.1.12": "Fixed crash",
			"7.1.13": "Fixed curio dupe bug",
			"7.1.14": "Added 9 new abilities",
			"7.1.15": "Added too many backpacks slowness effect",
			"7.1.16": "Fixed abilities",
			"7.1.17": "Added colorable sleeping bags",
			"7.1.18": "Bug fixes",
			"7.1.20": "Added slot memory",
			"7.1.21": "Added dedicated settings menu",
			"7.1.23": "Added milk and milk effect",
			"7.1.24": "Mobs can spawn with backpack equipped",
			"7.1.26": "Added /restore command",
			"7.1.27": "Added void protection config option",
			"7.1.28": "Fixed bad coded coordinates",
			"7.1.30": "Tweaked config and commands",
			"7.1.31": "Added backpack Tiers",
			"7.1.32": "Changed tier upgrades recipes",
			"7.1.33": "Added enableTierUpgrades config option",
			"7.1.34": "Added Crafting widget",
			"7.1.35": "Fixed dupe bug",
			"7.1.36": "Backpack can be placed in fluids after death",
			"7.1.37": "Added compat with gravestone mods",
			"7.1.38": "Added inventory preview in tooltip",
			"7.1.39": "Misc",
			"7.1.40": "Misc",
			"7.1.41": "Misc",
			"7.1.42": "Added tool slots widget",
			"7.1.43": "Fixed few bugs",
			"7.1.44": "Shift + Right Click with Empty Hand allows to place backpack on the ground",
			"7.1.45": "Sleeping bag can be used without backpack",
			"7.1.46": "Added loot to chests and fixed bugs",
			"7.1.47": "Configuration for backpack slots",
			"7.1.48": "Added recipes to recipe book"
			
	},
	"1.19":  { 
			"8.0.0": "Initial Release",
			"8.0.1": "Fixed crashes",
			"8.0.2": "20 new backpacks",
			"8.0.3": "Added backpack abilties",
			"8.0.4": "Updated Forge",
			"8.0.5": "Fixed few bugs",
			"8.0.6": "Code cleanup",
			"8.0.7": "Fixed crash",
			"8.0.8": "Added sorting buttons"
	},
	"1.19.1":  { 
			"8.1.0": "Initial Release",
			"8.1.1": "Fixed LAN crash"
	},
	"1.19.2":  { 
			"8.2.0": "Initial Release",
			"8.2.1": "Fixed few bugs",
			"8.2.2": "Fixed crash",
			"8.2.3": "Fixed bugs",
			"8.2.4": "Fixed crash",
			"8.2.5": "Fixed curio dupe bug",
			"8.2.6": "Added 9 new abilities",
			"8.2.7": "Added too many backpacks slowness effect",
			"8.2.8": "Fixed abilities",
			"8.2.9": "Added colorable sleeping bags",
			"8.2.10": "Bug fixes",
			"8.2.11": "Added slot memory",
			"8.2.12": "Added dedicated settings menu",
			"8.2.14": "Added milk and milk effect",
			"8.2.15": "Mobs can spawn with backpack equipped",
			"8.2.17": "Added /restore command",
			"8.2.18": "Added void protection config option",
			"8.2.19": "Fixed bad coded coordinates",
			"8.2.21": "Tweaked config and commands",
			"8.2.22": "Added backpack tiers",
			"8.2.23": "Changed tier upgrades recipes",
			"8.2.24": "Missing texture hotfix",
			"8.2.25": "Added enableTierUpgrades config option",
			"8.2.26": "Added Crafting widget",
			"8.2.27": "Fixed dupe bug",
			"8.2.28": "Backpack can be placed in fluids after death",
			"8.2.29": "Added compat with gravestone mods",
			"8.2.30": "Added inventory preview in tooltip",
			"8.2.31": "Misc",
			"8.2.32": "Misc",
			"8.2.33": "Misc",
			"8.2.34": "Added tool slots widget",
			"8.2.35": "Fixed few bugs",
			"8.2.36": "Shift + Right Click with Empty Hand allows to place backpack on the ground",
			"8.2.37": "Sleeping bag can be used without backpack",
			"8.2.38": "Added loot to chests and fixed bugs",
			"8.2.39": "Configuration for backpack slots",
			"8.2.40": "Added recipes to recipe book"
	},
	"1.19.3":  { 
			"8.3.0": "Initial Release",
			"8.3.2": "Added milk and milk effect",
			"8.3.3": "Mobs can spawn with backpack equipped",
			"8.3.5": "Added /restore command",
			"8.2.6": "Added void protection config option",
			"8.2.7": "Fixed bad coded coordinates",
			"8.2.9": "Tweaked config and commands"
	},
	"1.19.4":  { 
			"8.4.2": "Tweaked config and commands",
			"8.4.3": "Added backpack tiers",
			"8.4.4": "Changed tier upgrades recipes",
			"8.4.5": "Added enableTierUpgrades config option",
			"8.4.6": "Added support for new smithing table",
			"8.4.7": "Added support for new smithing table",
			"8.4.8": "Added Crafting widget",
			"8.4.9": "Fixed dupe bug",
			"8.4.10": "Backpack can be placed in fluids after death",
			"8.4.11": "Added compat with gravestone mods",
			"8.4.12": "Added inventory preview in tooltip",
			"8.4.13": "Misc",
			"8.4.14": "Misc",
			"8.4.15": "Misc",
			"8.4.16": "Added tool slots widget",
			"8.4.17": "Fixed few bugs",
			"8.4.18": "Shift + Right Click with Empty Hand allows to place backpack on the ground",
			"8.4.19": "Sleeping bag can be used without backpack",
			"8.4.20": "Added loot to chests and fixed bugs"
	},
	"1.20":  { 
			"9.0.0": "Initial update",
			"9.0.1": "Fixed disappearing backpack on contact with water",
			"9.0.2": "Fixed smithing bug and restored Curios compat"
	},
	"1.20.1":  { 
			"9.1.0": "Initial update",
			"9.1.1": "Initial update",
			"9.1.2": "Fixed dupe bug",
			"9.1.3": "Added compat with gravestone mods",
			"9.1.4": "Added inventory preview in tooltip",
			"9.1.5": "Misc",
			"9.1.6": "Misc",
			"9.1.7": "Misc",
			"9.1.8": "Added tool slots widget",
			"9.1.9": "Fixed few bugs",
			"9.1.10": "Shift + Right Click with Empty Hand allows to place backpack on the ground",
			"9.1.11": "Sleeping bag can be used without backpack",
			"9.1.12": "Configuration for backpack slots",
			"9.1.13": "Added loot to chests and fixed bugs",
			"9.1.14": "Added recipes to recipe book",
			"9.1.15": "Improvements",
			"9.1.16": "Stopped excessive drops of backpack from mob farms, added visibility button, fixed some bugs"
	},
	"1.20.2":  { 
			"9.2.0": "Initial update",
			"9.2.1": "Fixed few bugs",
			"9.2.2": "Shift + Right Click with Empty Hand allows to place backpack on the ground",
			"9.2.3": "Sleeping bag can be used without backpack",
			"9.2.4": "Added loot to chests and fixed bugs"
	},
	"1.20.4":  { 
			"9.4.0": "Initial update",
			"9.4.1": "Configuration for backpack slots",
			"9.4.2": "Added recipes to recipe book"
	}
}
[11Apr2025 16:50:48.115] [Forge Version Check/INFO] [net.minecraftforge.fml.VersionChecker/]: [travelersbackpack] Found status: OUTDATED Current: 8.2.37 Target: 8.2.40
[11Apr2025 16:50:48.117] [Forge Version Check/INFO] [net.minecraftforge.fml.VersionChecker/]: [tombstone] Starting version check at https://raw.githubusercontent.com/Corail31/tombstone_lite/master/update.json
[11Apr2025 16:50:48.172] [Forge Version Check/DEBUG] [net.minecraftforge.fml.VersionChecker/]: [tombstone] Received version check data:
{
	"homepage": "https://www.curseforge.com/minecraft/mc-mods/corail-tombstone",
	"promos": {
		"1.21.4-latest": "9.3.7",
		"1.21.4-recommended": "9.3.7",
		"1.21.3-latest": "9.2.4",
		"1.21.3-recommended": "9.2.4",
		"1.21.1-latest": "9.1.10",
		"1.21.1-recommended": "9.1.10",
		"1.20.4-latest": "8.6.4",
		"1.20.4-recommended": "8.6.4",
		"1.20.2-latest": "8.6.3",
		"1.20.2-recommended": "8.6.3",
		"1.20.1-latest": "8.9.3",
		"1.20.1-recommended": "8.9.3",
		"1.19.4-latest": "8.4.2",
		"1.19.4-recommended": "8.4.2",
		"1.19.3-latest": "8.3.2",
		"1.19.3-recommended": "8.3.2",
		"1.19.2-latest": "8.3.7",
		"1.19.2-recommended": "8.3.7",
		"1.19.1-latest": "8.1.0",
		"1.19.1-recommended": "8.1.0",
		"1.18.2-latest": "7.7.6",
		"1.18.2-recommended": "7.7.6",
		"1.18.1-latest": "7.4.1",
		"1.18.1-recommended": "7.4.1",
		"1.17.1-latest": "7.3.0",
		"1.17.1-recommended": "7.3.0",
		"1.16.5-latest": "6.9.6",
		"1.16.5-recommended": "6.9.6",
		"1.15.2-latest": "4.6.0",
		"1.15.2-recommended": "4.6.0",
		"1.14.4-latest": "4.3.6",
		"1.14.4-recommended": "4.3.6",
		"1.13.2-latest": "3.5.2",
		"1.13.2-recommended": "3.5.2",
		"1.12.2-latest": "4.7.5",
		"1.12.2-recommended": "4.7.5",
		"1.11.2-latest": "2.9.0.1",
		"1.11.2-recommended": "2.9.0.1",
		"1.10.2-latest": "2.9.4",
		"1.10.2-recommended": "2.9.4",
		"1.9.4-latest": "1.4.1",
		"1.9.4-recommended": "1.4.1",
		"1.8.9-latest": "1.4.1",
		"1.8.9-recommended": "1.4.1"
	},
	"1.21.4": {
		"9.3.7": "final version"
	},
	"1.21.3": {
		"9.2.4": "final version"
	},
	"1.21.1": {
		"9.1.10": "final version"
	},
	"1.20.4": {
		"8.6.4": "final version"
	},
	"1.20.2": {
		"8.6.3": "final version"
	},
	"1.20.1": {
		"8.9.3": "improvements",
		"8.9.2": "abandoned graves",
		"8.9.1": "improvements",
		"8.9.0": "improves enchantments",
		"8.8.6": "updates Christmas event"
	},
	"1.19.4": {
		"8.4.2": "final version"
	},
	"1.19.2": {
		"8.3.7": "final version"
	},
	"1.18.2": {
		"7.7.6": "final version"
	},
	"1.16.5": {
		"6.9.6": "final version"
	},
	"1.12.2": {
		"4.7.5": "final version"
	}
}
[11Apr2025 16:50:48.172] [Forge Version Check/INFO] [net.minecraftforge.fml.VersionChecker/]: [tombstone] Found status: OUTDATED Current: 8.2.17 Target: 8.3.7
[11Apr2025 16:50:48.173] [Forge Version Check/INFO] [net.minecraftforge.fml.VersionChecker/]: [forge] Starting version check at https://files.minecraftforge.net/net/minecraftforge/forge/promotions_slim.json
[11Apr2025 16:50:48.367] [Forge Version Check/DEBUG] [net.minecraftforge.fml.VersionChecker/]: [forge] Received version check data:
{
  "homepage": "https://files.minecraftforge.net/net/minecraftforge/forge/",
  "promos": {
    "1.1-latest": "1.3.4.29",
    "1.2.3-latest": "1.4.1.64",
    "1.2.4-latest": "2.0.0.68",
    "1.2.5-latest": "3.4.9.171",
    "1.3.2-latest": "4.3.5.318",
    "1.4.0-latest": "5.0.0.326",
    "1.4.1-latest": "6.0.0.329",
    "1.4.2-latest": "6.0.1.355",
    "1.4.3-latest": "6.2.1.358",
    "1.4.4-latest": "6.3.0.378",
    "1.4.5-latest": "6.4.2.448",
    "1.4.6-latest": "6.5.0.489",
    "1.4.7-latest": "6.6.2.534",
    "1.5-latest": "7.7.0.598",
    "1.5.1-latest": "7.7.2.682",
    "1.5.2-latest": "7.8.1.738",
    "1.5.2-recommended": "7.8.1.738",
    "1.6.1-latest": "8.9.0.775",
    "1.6.2-latest": "9.10.1.871",
    "1.6.2-recommended": "9.10.1.871",
    "1.6.3-latest": "9.11.0.878",
    "1.6.4-latest": "9.11.1.1345",
    "1.6.4-recommended": "9.11.1.1345",
    "1.7.2-latest": "10.12.2.1161",
    "1.7.2-recommended": "10.12.2.1161",
    "1.7.10_pre4-latest": "10.12.2.1149",
    "1.7.10-latest": "10.13.4.1614",
    "1.7.10-recommended": "10.13.4.1614",
    "1.8-latest": "11.14.4.1577",
    "1.8-recommended": "11.14.4.1563",
    "1.8.8-latest": "11.15.0.1655",
    "1.8.9-latest": "11.15.1.2318",
    "1.8.9-recommended": "11.15.1.2318",
    "1.9-latest": "12.16.1.1938",
    "1.9-recommended": "12.16.1.1887",
    "1.9.4-latest": "12.17.0.2317",
    "1.9.4-recommended": "12.17.0.2317",
    "1.10-latest": "12.18.0.2000",
    "1.10.2-latest": "12.18.3.2511",
    "1.10.2-recommended": "12.18.3.2511",
    "1.11-latest": "13.19.1.2199",
    "1.11-recommended": "13.19.1.2189",
    "1.11.2-latest": "13.20.1.2588",
    "1.11.2-recommended": "13.20.1.2588",
    "1.12-latest": "14.21.1.2443",
    "1.12-recommended": "14.21.1.2387",
    "1.12.1-latest": "14.22.1.2485",
    "1.12.1-recommended": "14.22.1.2478",
    "1.12.2-latest": "14.23.5.2860",
    "1.12.2-recommended": "14.23.5.2859",
    "1.13.2-latest": "25.0.223",
    "1.14.2-latest": "26.0.63",
    "1.14.3-latest": "27.0.60",
    "1.14.4-latest": "28.2.26",
    "1.14.4-recommended": "28.2.26",
    "1.15-latest": "29.0.4",
    "1.15.1-latest": "30.0.51",
    "1.15.2-latest": "31.2.57",
    "1.15.2-recommended": "31.2.57",
    "1.16.1-latest": "32.0.108",
    "1.16.2-latest": "33.0.61",
    "1.16.3-latest": "34.1.42",
    "1.16.3-recommended": "34.1.0",
    "1.16.4-latest": "35.1.37",
    "1.16.4-recommended": "35.1.4",
    "1.16.5-latest": "36.2.42",
    "1.16.5-recommended": "36.2.34",
    "1.17.1-latest": "37.1.1",
    "1.17.1-recommended": "37.1.1",
    "1.18-latest": "38.0.17",
    "1.18.1-latest": "39.1.2",
    "1.18.1-recommended": "39.1.0",
    "1.18.2-recommended": "40.3.0",
    "1.18.2-latest": "40.3.10",
    "1.19-latest": "41.1.0",
    "1.19-recommended": "41.1.0",
    "1.19.1-latest": "42.0.9",
    "1.19.2-recommended": "43.5.0",
    "1.19.2-latest": "43.5.0",
    "1.19.3-latest": "44.1.23",
    "1.19.3-recommended": "44.1.0",
    "1.19.4-recommended": "45.4.0",
    "1.19.4-latest": "45.4.0",
    "1.20-latest": "46.0.14",
    "1.20.1-recommended": "47.4.0",
    "1.20.1-latest": "47.4.0",
    "1.20.2-latest": "48.1.0",
    "1.20.2-recommended": "48.1.0",
    "1.20.3-latest": "49.0.2",
    "1.20.4-latest": "49.2.0",
    "1.20.4-recommended": "49.2.0",
    "1.20.6-latest": "50.2.0",
    "1.20.6-recommended": "50.2.0",
    "1.21-latest": "51.0.33",
    "1.21.1-latest": "52.1.0",
    "1.21.1-recommended": "52.1.0",
    "1.21.3-latest": "53.1.0",
    "1.21.3-recommended": "53.1.0",
    "1.21.4-latest": "54.1.3",
    "1.21.4-recommended": "54.1.0",
    "1.21.5-latest": "55.0.4"
  }
}
[11Apr2025 16:50:48.367] [Forge Version Check/INFO] [net.minecraftforge.fml.VersionChecker/]: [forge] Found status: OUTDATED Current: 43.4.2 Target: 43.5.0
[11Apr2025 16:50:49.811] [main/INFO] [com.mojang.authlib.yggdrasil.YggdrasilAuthenticationService/]: Environment: authHost='https://authserver.mojang.com', accountsHost='https://api.mojang.com', sessionHost='https://sessionserver.mojang.com', servicesHost='https://api.minecraftservices.com', name='PROD'
[11Apr2025 16:50:50.980] [main/WARN] [net.minecraft.server.packs.VanillaPackResources/]: Assets URL 'union:/workspaces/refactored-adventure/servidor_minecraft/libraries/net/minecraft/server/1.19.2-20220805.130853/server-1.19.2-20220805.130853-srg.jar%23137!/assets/.mcassetsroot' uses unexpected schema
[11Apr2025 16:50:50.980] [main/WARN] [net.minecraft.server.packs.VanillaPackResources/]: Assets URL 'union:/workspaces/refactored-adventure/servidor_minecraft/libraries/net/minecraft/server/1.19.2-20220805.130853/server-1.19.2-20220805.130853-srg.jar%23137!/data/.mcassetsroot' uses unexpected schema
[11Apr2025 16:50:51.004] [main/DEBUG] [mixin/]: Mixing item.diggingclaws.ServerPlayerGameModeMixin from mixins.artifacts.json into net.minecraft.server.level.ServerPlayerGameMode
[11Apr2025 16:50:51.005] [main/DEBUG] [mixin/]: mixins.artifacts.json:item.diggingclaws.ServerPlayerGameModeMixin: Class version 61 required is higher than the class version supported by the current version of Mixin (JAVA_8 supports class version 52)
[11Apr2025 16:50:51.020] [main/DEBUG] [net.minecraftforge.server.ServerLifecycleHooks/CORE]: Generating PackInfo named mod:creativecore for mod file /workspaces/refactored-adventure/servidor_minecraft/mods/CreativeCore_FORGE_v2.9.4_mc1.19.2.jar
[11Apr2025 16:50:51.020] [main/DEBUG] [net.minecraftforge.server.ServerLifecycleHooks/CORE]: Generating PackInfo named mod:jei for mod file /workspaces/refactored-adventure/servidor_minecraft/mods/jei-1.19.2-forge-11.6.0.1019.jar
[11Apr2025 16:50:51.020] [main/DEBUG] [net.minecraftforge.server.ServerLifecycleHooks/CORE]: Generating PackInfo named mod:paragon for mod file 
[11Apr2025 16:50:51.020] [main/DEBUG] [net.minecraftforge.server.ServerLifecycleHooks/CORE]: Generating PackInfo named mod:lionfishapi for mod file /workspaces/refactored-adventure/servidor_minecraft/mods/lionfishapi-1.8.jar
[11Apr2025 16:50:51.021] [main/DEBUG] [net.minecraftforge.server.ServerLifecycleHooks/CORE]: Generating PackInfo named mod:goblintraders for mod file /workspaces/refactored-adventure/servidor_minecraft/mods/goblintraders-1.8.0-1.19.2.jar
[11Apr2025 16:50:51.021] [main/DEBUG] [net.minecraftforge.server.ServerLifecycleHooks/CORE]: Generating PackInfo named mod:ringsofascension for mod file /workspaces/refactored-adventure/servidor_minecraft/mods/RingsOfAscension-1.19-1.0.1.jar
[11Apr2025 16:50:51.021] [main/DEBUG] [net.minecraftforge.server.ServerLifecycleHooks/CORE]: Generating PackInfo named mod:cataclysm for mod file /workspaces/refactored-adventure/servidor_minecraft/mods/L_Enders_Cataclysm-1.99.6-1.19.2.jar
[11Apr2025 16:50:51.021] [main/DEBUG] [net.minecraftforge.server.ServerLifecycleHooks/CORE]: Generating PackInfo named mod:curios for mod file /workspaces/refactored-adventure/servidor_minecraft/mods/curios-forge-1.19.2-5.1.6.2.jar
[11Apr2025 16:50:51.021] [main/DEBUG] [net.minecraftforge.server.ServerLifecycleHooks/CORE]: Generating PackInfo named mod:archaeology for mod file /workspaces/refactored-adventure/servidor_minecraft/mods/archaeology-1.0.0.jar
[11Apr2025 16:50:51.021] [main/DEBUG] [net.minecraftforge.server.ServerLifecycleHooks/CORE]: Generating PackInfo named mod:journeymap for mod file /workspaces/refactored-adventure/servidor_minecraft/mods/journeymap-1.19.2-5.9.8-forge.jar
[11Apr2025 16:50:51.022] [main/DEBUG] [net.minecraftforge.server.ServerLifecycleHooks/CORE]: Generating PackInfo named mod:citadel for mod file /workspaces/refactored-adventure/servidor_minecraft/mods/citadel-2.1.4-1.19.jar
[11Apr2025 16:50:51.022] [main/DEBUG] [net.minecraftforge.server.ServerLifecycleHooks/CORE]: Generating PackInfo named mod:travelersbackpack for mod file /workspaces/refactored-adventure/servidor_minecraft/mods/TravelersBackpack-1.19.2-8.2.37.jar
[11Apr2025 16:50:51.022] [main/DEBUG] [net.minecraftforge.server.ServerLifecycleHooks/CORE]: Generating PackInfo named mod:artifacts for mod file /workspaces/refactored-adventure/servidor_minecraft/mods/artifacts-1.19.2-5.0.3.jar
[11Apr2025 16:50:51.022] [main/DEBUG] [net.minecraftforge.server.ServerLifecycleHooks/CORE]: Generating PackInfo named mod:tombstone for mod file /workspaces/refactored-adventure/servidor_minecraft/mods/tombstone-1.19.2-8.2.17.jar
[11Apr2025 16:50:51.022] [main/DEBUG] [net.minecraftforge.server.ServerLifecycleHooks/CORE]: Generating PackInfo named mod:mutantmore for mod file /workspaces/refactored-adventure/servidor_minecraft/mods/mutantmore-1.19.2-early-access-1.0.7.jar
[11Apr2025 16:50:51.022] [main/DEBUG] [net.minecraftforge.server.ServerLifecycleHooks/CORE]: Generating PackInfo named mod:deeperdarker for mod file /workspaces/refactored-adventure/servidor_minecraft/mods/deeperdarker-forge-1.1.6-forge.jar
[11Apr2025 16:50:51.022] [main/DEBUG] [net.minecraftforge.server.ServerLifecycleHooks/CORE]: Generating PackInfo named mod:forge for mod file /workspaces/refactored-adventure/servidor_minecraft/libraries/net/minecraftforge/forge/1.19.2-43.4.2/forge-1.19.2-43.4.2-universal.jar
[11Apr2025 16:50:51.023] [main/DEBUG] [net.minecraftforge.server.ServerLifecycleHooks/CORE]: Generating PackInfo named mod:appleskin for mod file /workspaces/refactored-adventure/servidor_minecraft/mods/appleskin-forge-mc1.19-2.4.2.jar
[11Apr2025 16:50:51.023] [main/DEBUG] [net.minecraftforge.server.ServerLifecycleHooks/CORE]: Generating PackInfo named mod:expandability for mod file 
[11Apr2025 16:50:51.023] [main/DEBUG] [net.minecraftforge.server.ServerLifecycleHooks/CORE]: Generating PackInfo named mod:playerrevive for mod file /workspaces/refactored-adventure/servidor_minecraft/mods/PlayerRevive_FORGE_v2.0.14_mc1.19.2.jar
[11Apr2025 16:50:51.023] [main/DEBUG] [net.minecraftforge.server.ServerLifecycleHooks/CORE]: Generating PackInfo named mod:geckolib3 for mod file /workspaces/refactored-adventure/servidor_minecraft/mods/geckolib-forge-1.19-3.1.40.jar
[11Apr2025 16:50:53.458] [main/ERROR] [net.minecraft.world.item.crafting.RecipeManager/]: Parsing error loading recipe mekanism:crushing/gloomslate/brick_slabs_to_tile
com.google.gson.JsonSyntaxException: Invalid or unsupported recipe type 'mekanism:crushing'
	at net.minecraft.world.item.crafting.RecipeManager.m_220253_(RecipeManager.java:170) ~[server-1.19.2-20220805.130853-srg.jar%23137!/:?]
	at java.util.Optional.orElseThrow(Optional.java:403) ~[?:?]
	at net.minecraft.world.item.crafting.RecipeManager.fromJson(RecipeManager.java:169) ~[server-1.19.2-20220805.130853-srg.jar%23137!/:?]
	at net.minecraft.world.item.crafting.RecipeManager.m_5787_(RecipeManager.java:67) ~[server-1.19.2-20220805.130853-srg.jar%23137!/:?]
	at net.minecraft.world.item.crafting.RecipeManager.m_5787_(RecipeManager.java:34) ~[server-1.19.2-20220805.130853-srg.jar%23137!/:?]
	at net.minecraft.server.packs.resources.SimplePreparableReloadListener.m_10789_(SimplePreparableReloadListener.java:13) ~[server-1.19.2-20220805.130853-srg.jar%23137!/:?]
	at java.util.concurrent.CompletableFuture$UniAccept.tryFire(CompletableFuture.java:718) ~[?:?]
	at java.util.concurrent.CompletableFuture$Completion.run(CompletableFuture.java:482) ~[?:?]
	at net.minecraft.server.packs.resources.SimpleReloadInstance.m_143940_(SimpleReloadInstance.java:69) ~[server-1.19.2-20220805.130853-srg.jar%23137!/:?]
	at net.minecraft.Util.m_214652_(Util.java:781) ~[server-1.19.2-20220805.130853-srg.jar%23137!/:?]
	at net.minecraft.Util.m_214679_(Util.java:770) ~[server-1.19.2-20220805.130853-srg.jar%23137!/:?]
	at net.minecraft.server.Main.main(Main.java:157) ~[server-1.19.2-20220805.130853-srg.jar%23137!/:?]
	at jdk.internal.reflect.NativeMethodAccessorImpl.invoke0(Native Method) ~[?:?]
	at jdk.internal.reflect.NativeMethodAccessorImpl.invoke(NativeMethodAccessorImpl.java:77) ~[?:?]
	at jdk.internal.reflect.DelegatingMethodAccessorImpl.invoke(DelegatingMethodAccessorImpl.java:43) ~[?:?]
	at java.lang.reflect.Method.invoke(Method.java:569) ~[?:?]
	at net.minecraftforge.fml.loading.targets.CommonServerLaunchHandler.lambda$launchService$0(CommonServerLaunchHandler.java:29) ~[fmlloader-1.19.2-43.4.2.jar%2367!/:?]
	at cpw.mods.modlauncher.LaunchServiceHandlerDecorator.launch(LaunchServiceHandlerDecorator.java:30) [modlauncher-10.0.8.jar%2354!/:?]
	at cpw.mods.modlauncher.LaunchServiceHandler.launch(LaunchServiceHandler.java:53) [modlauncher-10.0.8.jar%2354!/:?]
	at cpw.mods.modlauncher.LaunchServiceHandler.launch(LaunchServiceHandler.java:71) [modlauncher-10.0.8.jar%2354!/:?]
	at cpw.mods.modlauncher.Launcher.run(Launcher.java:106) [modlauncher-10.0.8.jar%2354!/:?]
	at cpw.mods.modlauncher.Launcher.main(Launcher.java:77) [modlauncher-10.0.8.jar%2354!/:?]
	at cpw.mods.modlauncher.BootstrapLaunchConsumer.accept(BootstrapLaunchConsumer.java:26) [modlauncher-10.0.8.jar%2354!/:?]
	at cpw.mods.modlauncher.BootstrapLaunchConsumer.accept(BootstrapLaunchConsumer.java:23) [modlauncher-10.0.8.jar%2354!/:?]
	at cpw.mods.bootstraplauncher.BootstrapLauncher.main(BootstrapLauncher.java:141) [bootstraplauncher-1.1.2.jar:?]
[11Apr2025 16:50:53.459] [main/ERROR] [net.minecraft.world.item.crafting.RecipeManager/]: Parsing error loading recipe mekanism:crushing/sculk_stone/from_chiseled
com.google.gson.JsonSyntaxException: Invalid or unsupported recipe type 'mekanism:crushing'
	at net.minecraft.world.item.crafting.RecipeManager.m_220253_(RecipeManager.java:170) ~[server-1.19.2-20220805.130853-srg.jar%23137!/:?]
	at java.util.Optional.orElseThrow(Optional.java:403) ~[?:?]
	at net.minecraft.world.item.crafting.RecipeManager.fromJson(RecipeManager.java:169) ~[server-1.19.2-20220805.130853-srg.jar%23137!/:?]
	at net.minecraft.world.item.crafting.RecipeManager.m_5787_(RecipeManager.java:67) ~[server-1.19.2-20220805.130853-srg.jar%23137!/:?]
	at net.minecraft.world.item.crafting.RecipeManager.m_5787_(RecipeManager.java:34) ~[server-1.19.2-20220805.130853-srg.jar%23137!/:?]
	at net.minecraft.server.packs.resources.SimplePreparableReloadListener.m_10789_(SimplePreparableReloadListener.java:13) ~[server-1.19.2-20220805.130853-srg.jar%23137!/:?]
	at java.util.concurrent.CompletableFuture$UniAccept.tryFire(CompletableFuture.java:718) ~[?:?]
	at java.util.concurrent.CompletableFuture$Completion.run(CompletableFuture.java:482) ~[?:?]
	at net.minecraft.server.packs.resources.SimpleReloadInstance.m_143940_(SimpleReloadInstance.java:69) ~[server-1.19.2-20220805.130853-srg.jar%23137!/:?]
	at net.minecraft.Util.m_214652_(Util.java:781) ~[server-1.19.2-20220805.130853-srg.jar%23137!/:?]
	at net.minecraft.Util.m_214679_(Util.java:770) ~[server-1.19.2-20220805.130853-srg.jar%23137!/:?]
	at net.minecraft.server.Main.main(Main.java:157) ~[server-1.19.2-20220805.130853-srg.jar%23137!/:?]
	at jdk.internal.reflect.NativeMethodAccessorImpl.invoke0(Native Method) ~[?:?]
	at jdk.internal.reflect.NativeMethodAccessorImpl.invoke(NativeMethodAccessorImpl.java:77) ~[?:?]
	at jdk.internal.reflect.DelegatingMethodAccessorImpl.invoke(DelegatingMethodAccessorImpl.java:43) ~[?:?]
	at java.lang.reflect.Method.invoke(Method.java:569) ~[?:?]
	at net.minecraftforge.fml.loading.targets.CommonServerLaunchHandler.lambda$launchService$0(CommonServerLaunchHandler.java:29) ~[fmlloader-1.19.2-43.4.2.jar%2367!/:?]
	at cpw.mods.modlauncher.LaunchServiceHandlerDecorator.launch(LaunchServiceHandlerDecorator.java:30) [modlauncher-10.0.8.jar%2354!/:?]
	at cpw.mods.modlauncher.LaunchServiceHandler.launch(LaunchServiceHandler.java:53) [modlauncher-10.0.8.jar%2354!/:?]
	at cpw.mods.modlauncher.LaunchServiceHandler.launch(LaunchServiceHandler.java:71) [modlauncher-10.0.8.jar%2354!/:?]
	at cpw.mods.modlauncher.Launcher.run(Launcher.java:106) [modlauncher-10.0.8.jar%2354!/:?]
	at cpw.mods.modlauncher.Launcher.main(Launcher.java:77) [modlauncher-10.0.8.jar%2354!/:?]
	at cpw.mods.modlauncher.BootstrapLaunchConsumer.accept(BootstrapLaunchConsumer.java:26) [modlauncher-10.0.8.jar%2354!/:?]
	at cpw.mods.modlauncher.BootstrapLaunchConsumer.accept(BootstrapLaunchConsumer.java:23) [modlauncher-10.0.8.jar%2354!/:?]
	at cpw.mods.bootstraplauncher.BootstrapLauncher.main(BootstrapLauncher.java:141) [bootstraplauncher-1.1.2.jar:?]
[11Apr2025 16:50:53.460] [main/ERROR] [net.minecraft.world.item.crafting.RecipeManager/]: Parsing error loading recipe mekanism:crushing/sculk_stone/smooth_slabs_to_cut
com.google.gson.JsonSyntaxException: Invalid or unsupported recipe type 'mekanism:crushing'
	at net.minecraft.world.item.crafting.RecipeManager.m_220253_(RecipeManager.java:170) ~[server-1.19.2-20220805.130853-srg.jar%23137!/:?]
	at java.util.Optional.orElseThrow(Optional.java:403) ~[?:?]
	at net.minecraft.world.item.crafting.RecipeManager.fromJson(RecipeManager.java:169) ~[server-1.19.2-20220805.130853-srg.jar%23137!/:?]
	at net.minecraft.world.item.crafting.RecipeManager.m_5787_(RecipeManager.java:67) ~[server-1.19.2-20220805.130853-srg.jar%23137!/:?]
	at net.minecraft.world.item.crafting.RecipeManager.m_5787_(RecipeManager.java:34) ~[server-1.19.2-20220805.130853-srg.jar%23137!/:?]
	at net.minecraft.server.packs.resources.SimplePreparableReloadListener.m_10789_(SimplePreparableReloadListener.java:13) ~[server-1.19.2-20220805.130853-srg.jar%23137!/:?]
	at java.util.concurrent.CompletableFuture$UniAccept.tryFire(CompletableFuture.java:718) ~[?:?]
	at java.util.concurrent.CompletableFuture$Completion.run(CompletableFuture.java:482) ~[?:?]
	at net.minecraft.server.packs.resources.SimpleReloadInstance.m_143940_(SimpleReloadInstance.java:69) ~[server-1.19.2-20220805.130853-srg.jar%23137!/:?]
	at net.minecraft.Util.m_214652_(Util.java:781) ~[server-1.19.2-20220805.130853-srg.jar%23137!/:?]
	at net.minecraft.Util.m_214679_(Util.java:770) ~[server-1.19.2-20220805.130853-srg.jar%23137!/:?]
	at net.minecraft.server.Main.main(Main.java:157) ~[server-1.19.2-20220805.130853-srg.jar%23137!/:?]
	at jdk.internal.reflect.NativeMethodAccessorImpl.invoke0(Native Method) ~[?:?]
	at jdk.internal.reflect.NativeMethodAccessorImpl.invoke(NativeMethodAccessorImpl.java:77) ~[?:?]
	at jdk.internal.reflect.DelegatingMethodAccessorImpl.invoke(DelegatingMethodAccessorImpl.java:43) ~[?:?]
	at java.lang.reflect.Method.invoke(Method.java:569) ~[?:?]
	at net.minecraftforge.fml.loading.targets.CommonServerLaunchHandler.lambda$launchService$0(CommonServerLaunchHandler.java:29) ~[fmlloader-1.19.2-43.4.2.jar%2367!/:?]
	at cpw.mods.modlauncher.LaunchServiceHandlerDecorator.launch(LaunchServiceHandlerDecorator.java:30) [modlauncher-10.0.8.jar%2354!/:?]
	at cpw.mods.modlauncher.LaunchServiceHandler.launch(LaunchServiceHandler.java:53) [modlauncher-10.0.8.jar%2354!/:?]
	at cpw.mods.modlauncher.LaunchServiceHandler.launch(LaunchServiceHandler.java:71) [modlauncher-10.0.8.jar%2354!/:?]
	at cpw.mods.modlauncher.Launcher.run(Launcher.java:106) [modlauncher-10.0.8.jar%2354!/:?]
	at cpw.mods.modlauncher.Launcher.main(Launcher.java:77) [modlauncher-10.0.8.jar%2354!/:?]
	at cpw.mods.modlauncher.BootstrapLaunchConsumer.accept(BootstrapLaunchConsumer.java:26) [modlauncher-10.0.8.jar%2354!/:?]
	at cpw.mods.modlauncher.BootstrapLaunchConsumer.accept(BootstrapLaunchConsumer.java:23) [modlauncher-10.0.8.jar%2354!/:?]
	at cpw.mods.bootstraplauncher.BootstrapLauncher.main(BootstrapLauncher.java:141) [bootstraplauncher-1.1.2.jar:?]
[11Apr2025 16:50:53.462] [main/ERROR] [net.minecraft.world.item.crafting.RecipeManager/]: Parsing error loading recipe mekanism:crushing/sculk_stone/cut_wall_to_polished
com.google.gson.JsonSyntaxException: Invalid or unsupported recipe type 'mekanism:crushing'
	at net.minecraft.world.item.crafting.RecipeManager.m_220253_(RecipeManager.java:170) ~[server-1.19.2-20220805.130853-srg.jar%23137!/:?]
	at java.util.Optional.orElseThrow(Optional.java:403) ~[?:?]
	at net.minecraft.world.item.crafting.RecipeManager.fromJson(RecipeManager.java:169) ~[server-1.19.2-20220805.130853-srg.jar%23137!/:?]
	at net.minecraft.world.item.crafting.RecipeManager.m_5787_(RecipeManager.java:67) ~[server-1.19.2-20220805.130853-srg.jar%23137!/:?]
	at net.minecraft.world.item.crafting.RecipeManager.m_5787_(RecipeManager.java:34) ~[server-1.19.2-20220805.130853-srg.jar%23137!/:?]
	at net.minecraft.server.packs.resources.SimplePreparableReloadListener.m_10789_(SimplePreparableReloadListener.java:13) ~[server-1.19.2-20220805.130853-srg.jar%23137!/:?]
	at java.util.concurrent.CompletableFuture$UniAccept.tryFire(CompletableFuture.java:718) ~[?:?]
	at java.util.concurrent.CompletableFuture$Completion.run(CompletableFuture.java:482) ~[?:?]
	at net.minecraft.server.packs.resources.SimpleReloadInstance.m_143940_(SimpleReloadInstance.java:69) ~[server-1.19.2-20220805.130853-srg.jar%23137!/:?]
	at net.minecraft.Util.m_214652_(Util.java:781) ~[server-1.19.2-20220805.130853-srg.jar%23137!/:?]
	at net.minecraft.Util.m_214679_(Util.java:770) ~[server-1.19.2-20220805.130853-srg.jar%23137!/:?]
	at net.minecraft.server.Main.main(Main.java:157) ~[server-1.19.2-20220805.130853-srg.jar%23137!/:?]
	at jdk.internal.reflect.NativeMethodAccessorImpl.invoke0(Native Method) ~[?:?]
	at jdk.internal.reflect.NativeMethodAccessorImpl.invoke(NativeMethodAccessorImpl.java:77) ~[?:?]
	at jdk.internal.reflect.DelegatingMethodAccessorImpl.invoke(DelegatingMethodAccessorImpl.java:43) ~[?:?]
	at java.lang.reflect.Method.invoke(Method.java:569) ~[?:?]
	at net.minecraftforge.fml.loading.targets.CommonServerLaunchHandler.lambda$launchService$0(CommonServerLaunchHandler.java:29) ~[fmlloader-1.19.2-43.4.2.jar%2367!/:?]
	at cpw.mods.modlauncher.LaunchServiceHandlerDecorator.launch(LaunchServiceHandlerDecorator.java:30) [modlauncher-10.0.8.jar%2354!/:?]
	at cpw.mods.modlauncher.LaunchServiceHandler.launch(LaunchServiceHandler.java:53) [modlauncher-10.0.8.jar%2354!/:?]
	at cpw.mods.modlauncher.LaunchServiceHandler.launch(LaunchServiceHandler.java:71) [modlauncher-10.0.8.jar%2354!/:?]
	at cpw.mods.modlauncher.Launcher.run(Launcher.java:106) [modlauncher-10.0.8.jar%2354!/:?]
	at cpw.mods.modlauncher.Launcher.main(Launcher.java:77) [modlauncher-10.0.8.jar%2354!/:?]
	at cpw.mods.modlauncher.BootstrapLaunchConsumer.accept(BootstrapLaunchConsumer.java:26) [modlauncher-10.0.8.jar%2354!/:?]
	at cpw.mods.modlauncher.BootstrapLaunchConsumer.accept(BootstrapLaunchConsumer.java:23) [modlauncher-10.0.8.jar%2354!/:?]
	at cpw.mods.bootstraplauncher.BootstrapLauncher.main(BootstrapLauncher.java:141) [bootstraplauncher-1.1.2.jar:?]
[11Apr2025 16:50:53.464] [main/ERROR] [net.minecraft.world.item.crafting.RecipeManager/]: Parsing error loading recipe farmersdelight:cutting/echo_trapdoor
com.google.gson.JsonSyntaxException: Invalid or unsupported recipe type 'farmersdelight:cutting'
	at net.minecraft.world.item.crafting.RecipeManager.m_220253_(RecipeManager.java:170) ~[server-1.19.2-20220805.130853-srg.jar%23137!/:?]
	at java.util.Optional.orElseThrow(Optional.java:403) ~[?:?]
	at net.minecraft.world.item.crafting.RecipeManager.fromJson(RecipeManager.java:169) ~[server-1.19.2-20220805.130853-srg.jar%23137!/:?]
	at net.minecraft.world.item.crafting.RecipeManager.m_5787_(RecipeManager.java:67) ~[server-1.19.2-20220805.130853-srg.jar%23137!/:?]
	at net.minecraft.world.item.crafting.RecipeManager.m_5787_(RecipeManager.java:34) ~[server-1.19.2-20220805.130853-srg.jar%23137!/:?]
	at net.minecraft.server.packs.resources.SimplePreparableReloadListener.m_10789_(SimplePreparableReloadListener.java:13) ~[server-1.19.2-20220805.130853-srg.jar%23137!/:?]
	at java.util.concurrent.CompletableFuture$UniAccept.tryFire(CompletableFuture.java:718) ~[?:?]
	at java.util.concurrent.CompletableFuture$Completion.run(CompletableFuture.java:482) ~[?:?]
	at net.minecraft.server.packs.resources.SimpleReloadInstance.m_143940_(SimpleReloadInstance.java:69) ~[server-1.19.2-20220805.130853-srg.jar%23137!/:?]
	at net.minecraft.Util.m_214652_(Util.java:781) ~[server-1.19.2-20220805.130853-srg.jar%23137!/:?]
	at net.minecraft.Util.m_214679_(Util.java:770) ~[server-1.19.2-20220805.130853-srg.jar%23137!/:?]
	at net.minecraft.server.Main.main(Main.java:157) ~[server-1.19.2-20220805.130853-srg.jar%23137!/:?]
	at jdk.internal.reflect.NativeMethodAccessorImpl.invoke0(Native Method) ~[?:?]
	at jdk.internal.reflect.NativeMethodAccessorImpl.invoke(NativeMethodAccessorImpl.java:77) ~[?:?]
	at jdk.internal.reflect.DelegatingMethodAccessorImpl.invoke(DelegatingMethodAccessorImpl.java:43) ~[?:?]
	at java.lang.reflect.Method.invoke(Method.java:569) ~[?:?]
	at net.minecraftforge.fml.loading.targets.CommonServerLaunchHandler.lambda$launchService$0(CommonServerLaunchHandler.java:29) ~[fmlloader-1.19.2-43.4.2.jar%2367!/:?]
	at cpw.mods.modlauncher.LaunchServiceHandlerDecorator.launch(LaunchServiceHandlerDecorator.java:30) [modlauncher-10.0.8.jar%2354!/:?]
	at cpw.mods.modlauncher.LaunchServiceHandler.launch(LaunchServiceHandler.java:53) [modlauncher-10.0.8.jar%2354!/:?]
	at cpw.mods.modlauncher.LaunchServiceHandler.launch(LaunchServiceHandler.java:71) [modlauncher-10.0.8.jar%2354!/:?]
	at cpw.mods.modlauncher.Launcher.run(Launcher.java:106) [modlauncher-10.0.8.jar%2354!/:?]
	at cpw.mods.modlauncher.Launcher.main(Launcher.java:77) [modlauncher-10.0.8.jar%2354!/:?]
	at cpw.mods.modlauncher.BootstrapLaunchConsumer.accept(BootstrapLaunchConsumer.java:26) [modlauncher-10.0.8.jar%2354!/:?]
	at cpw.mods.modlauncher.BootstrapLaunchConsumer.accept(BootstrapLaunchConsumer.java:23) [modlauncher-10.0.8.jar%2354!/:?]
	at cpw.mods.bootstraplauncher.BootstrapLauncher.main(BootstrapLauncher.java:141) [bootstraplauncher-1.1.2.jar:?]
[11Apr2025 16:50:53.465] [main/ERROR] [net.minecraft.world.item.crafting.RecipeManager/]: Parsing error loading recipe create:crushing/sculk_stone_emerald_ore
com.google.gson.JsonSyntaxException: Invalid or unsupported recipe type 'create:crushing'
	at net.minecraft.world.item.crafting.RecipeManager.m_220253_(RecipeManager.java:170) ~[server-1.19.2-20220805.130853-srg.jar%23137!/:?]
	at java.util.Optional.orElseThrow(Optional.java:403) ~[?:?]
	at net.minecraft.world.item.crafting.RecipeManager.fromJson(RecipeManager.java:169) ~[server-1.19.2-20220805.130853-srg.jar%23137!/:?]
	at net.minecraft.world.item.crafting.RecipeManager.m_5787_(RecipeManager.java:67) ~[server-1.19.2-20220805.130853-srg.jar%23137!/:?]
	at net.minecraft.world.item.crafting.RecipeManager.m_5787_(RecipeManager.java:34) ~[server-1.19.2-20220805.130853-srg.jar%23137!/:?]
	at net.minecraft.server.packs.resources.SimplePreparableReloadListener.m_10789_(SimplePreparableReloadListener.java:13) ~[server-1.19.2-20220805.130853-srg.jar%23137!/:?]
	at java.util.concurrent.CompletableFuture$UniAccept.tryFire(CompletableFuture.java:718) ~[?:?]
	at java.util.concurrent.CompletableFuture$Completion.run(CompletableFuture.java:482) ~[?:?]
	at net.minecraft.server.packs.resources.SimpleReloadInstance.m_143940_(SimpleReloadInstance.java:69) ~[server-1.19.2-20220805.130853-srg.jar%23137!/:?]
	at net.minecraft.Util.m_214652_(Util.java:781) ~[server-1.19.2-20220805.130853-srg.jar%23137!/:?]
	at net.minecraft.Util.m_214679_(Util.java:770) ~[server-1.19.2-20220805.130853-srg.jar%23137!/:?]
	at net.minecraft.server.Main.main(Main.java:157) ~[server-1.19.2-20220805.130853-srg.jar%23137!/:?]
	at jdk.internal.reflect.NativeMethodAccessorImpl.invoke0(Native Method) ~[?:?]
	at jdk.internal.reflect.NativeMethodAccessorImpl.invoke(NativeMethodAccessorImpl.java:77) ~[?:?]
	at jdk.internal.reflect.DelegatingMethodAccessorImpl.invoke(DelegatingMethodAccessorImpl.java:43) ~[?:?]
	at java.lang.reflect.Method.invoke(Method.java:569) ~[?:?]
	at net.minecraftforge.fml.loading.targets.CommonServerLaunchHandler.lambda$launchService$0(CommonServerLaunchHandler.java:29) ~[fmlloader-1.19.2-43.4.2.jar%2367!/:?]
	at cpw.mods.modlauncher.LaunchServiceHandlerDecorator.launch(LaunchServiceHandlerDecorator.java:30) [modlauncher-10.0.8.jar%2354!/:?]
	at cpw.mods.modlauncher.LaunchServiceHandler.launch(LaunchServiceHandler.java:53) [modlauncher-10.0.8.jar%2354!/:?]
	at cpw.mods.modlauncher.LaunchServiceHandler.launch(LaunchServiceHandler.java:71) [modlauncher-10.0.8.jar%2354!/:?]
	at cpw.mods.modlauncher.Launcher.run(Launcher.java:106) [modlauncher-10.0.8.jar%2354!/:?]
	at cpw.mods.modlauncher.Launcher.main(Launcher.java:77) [modlauncher-10.0.8.jar%2354!/:?]
	at cpw.mods.modlauncher.BootstrapLaunchConsumer.accept(BootstrapLaunchConsumer.java:26) [modlauncher-10.0.8.jar%2354!/:?]
	at cpw.mods.modlauncher.BootstrapLaunchConsumer.accept(BootstrapLaunchConsumer.java:23) [modlauncher-10.0.8.jar%2354!/:?]
	at cpw.mods.bootstraplauncher.BootstrapLauncher.main(BootstrapLauncher.java:141) [bootstraplauncher-1.1.2.jar:?]
[11Apr2025 16:50:53.466] [main/ERROR] [net.minecraft.world.item.crafting.RecipeManager/]: Parsing error loading recipe mekanism:crushing/gloomslate/tile_stairs_to_cobbled
com.google.gson.JsonSyntaxException: Invalid or unsupported recipe type 'mekanism:crushing'
	at net.minecraft.world.item.crafting.RecipeManager.m_220253_(RecipeManager.java:170) ~[server-1.19.2-20220805.130853-srg.jar%23137!/:?]
	at java.util.Optional.orElseThrow(Optional.java:403) ~[?:?]
	at net.minecraft.world.item.crafting.RecipeManager.fromJson(RecipeManager.java:169) ~[server-1.19.2-20220805.130853-srg.jar%23137!/:?]
	at net.minecraft.world.item.crafting.RecipeManager.m_5787_(RecipeManager.java:67) ~[server-1.19.2-20220805.130853-srg.jar%23137!/:?]
	at net.minecraft.world.item.crafting.RecipeManager.m_5787_(RecipeManager.java:34) ~[server-1.19.2-20220805.130853-srg.jar%23137!/:?]
	at net.minecraft.server.packs.resources.SimplePreparableReloadListener.m_10789_(SimplePreparableReloadListener.java:13) ~[server-1.19.2-20220805.130853-srg.jar%23137!/:?]
	at java.util.concurrent.CompletableFuture$UniAccept.tryFire(CompletableFuture.java:718) ~[?:?]
	at java.util.concurrent.CompletableFuture$Completion.run(CompletableFuture.java:482) ~[?:?]
	at net.minecraft.server.packs.resources.SimpleReloadInstance.m_143940_(SimpleReloadInstance.java:69) ~[server-1.19.2-20220805.130853-srg.jar%23137!/:?]
	at net.minecraft.Util.m_214652_(Util.java:781) ~[server-1.19.2-20220805.130853-srg.jar%23137!/:?]
	at net.minecraft.Util.m_214679_(Util.java:770) ~[server-1.19.2-20220805.130853-srg.jar%23137!/:?]
	at net.minecraft.server.Main.main(Main.java:157) ~[server-1.19.2-20220805.130853-srg.jar%23137!/:?]
	at jdk.internal.reflect.NativeMethodAccessorImpl.invoke0(Native Method) ~[?:?]
	at jdk.internal.reflect.NativeMethodAccessorImpl.invoke(NativeMethodAccessorImpl.java:77) ~[?:?]
	at jdk.internal.reflect.DelegatingMethodAccessorImpl.invoke(DelegatingMethodAccessorImpl.java:43) ~[?:?]
	at java.lang.reflect.Method.invoke(Method.java:569) ~[?:?]
	at net.minecraftforge.fml.loading.targets.CommonServerLaunchHandler.lambda$launchService$0(CommonServerLaunchHandler.java:29) ~[fmlloader-1.19.2-43.4.2.jar%2367!/:?]
	at cpw.mods.modlauncher.LaunchServiceHandlerDecorator.launch(LaunchServiceHandlerDecorator.java:30) [modlauncher-10.0.8.jar%2354!/:?]
	at cpw.mods.modlauncher.LaunchServiceHandler.launch(LaunchServiceHandler.java:53) [modlauncher-10.0.8.jar%2354!/:?]
	at cpw.mods.modlauncher.LaunchServiceHandler.launch(LaunchServiceHandler.java:71) [modlauncher-10.0.8.jar%2354!/:?]
	at cpw.mods.modlauncher.Launcher.run(Launcher.java:106) [modlauncher-10.0.8.jar%2354!/:?]
	at cpw.mods.modlauncher.Launcher.main(Launcher.java:77) [modlauncher-10.0.8.jar%2354!/:?]
	at cpw.mods.modlauncher.BootstrapLaunchConsumer.accept(BootstrapLaunchConsumer.java:26) [modlauncher-10.0.8.jar%2354!/:?]
	at cpw.mods.modlauncher.BootstrapLaunchConsumer.accept(BootstrapLaunchConsumer.java:23) [modlauncher-10.0.8.jar%2354!/:?]
	at cpw.mods.bootstraplauncher.BootstrapLauncher.main(BootstrapLauncher.java:141) [bootstraplauncher-1.1.2.jar:?]
[11Apr2025 16:50:53.467] [main/ERROR] [net.minecraft.world.item.crafting.RecipeManager/]: Parsing error loading recipe mekanism:crushing/sculk_stone/polished_stairs_to_brick
com.google.gson.JsonSyntaxException: Invalid or unsupported recipe type 'mekanism:crushing'
	at net.minecraft.world.item.crafting.RecipeManager.m_220253_(RecipeManager.java:170) ~[server-1.19.2-20220805.130853-srg.jar%23137!/:?]
	at java.util.Optional.orElseThrow(Optional.java:403) ~[?:?]
	at net.minecraft.world.item.crafting.RecipeManager.fromJson(RecipeManager.java:169) ~[server-1.19.2-20220805.130853-srg.jar%23137!/:?]
	at net.minecraft.world.item.crafting.RecipeManager.m_5787_(RecipeManager.java:67) ~[server-1.19.2-20220805.130853-srg.jar%23137!/:?]
	at net.minecraft.world.item.crafting.RecipeManager.m_5787_(RecipeManager.java:34) ~[server-1.19.2-20220805.130853-srg.jar%23137!/:?]
	at net.minecraft.server.packs.resources.SimplePreparableReloadListener.m_10789_(SimplePreparableReloadListener.java:13) ~[server-1.19.2-20220805.130853-srg.jar%23137!/:?]
	at java.util.concurrent.CompletableFuture$UniAccept.tryFire(CompletableFuture.java:718) ~[?:?]
	at java.util.concurrent.CompletableFuture$Completion.run(CompletableFuture.java:482) ~[?:?]
	at net.minecraft.server.packs.resources.SimpleReloadInstance.m_143940_(SimpleReloadInstance.java:69) ~[server-1.19.2-20220805.130853-srg.jar%23137!/:?]
	at net.minecraft.Util.m_214652_(Util.java:781) ~[server-1.19.2-20220805.130853-srg.jar%23137!/:?]
	at net.minecraft.Util.m_214679_(Util.java:770) ~[server-1.19.2-20220805.130853-srg.jar%23137!/:?]
	at net.minecraft.server.Main.main(Main.java:157) ~[server-1.19.2-20220805.130853-srg.jar%23137!/:?]
	at jdk.internal.reflect.NativeMethodAccessorImpl.invoke0(Native Method) ~[?:?]
	at jdk.internal.reflect.NativeMethodAccessorImpl.invoke(NativeMethodAccessorImpl.java:77) ~[?:?]
	at jdk.internal.reflect.DelegatingMethodAccessorImpl.invoke(DelegatingMethodAccessorImpl.java:43) ~[?:?]
	at java.lang.reflect.Method.invoke(Method.java:569) ~[?:?]
	at net.minecraftforge.fml.loading.targets.CommonServerLaunchHandler.lambda$launchService$0(CommonServerLaunchHandler.java:29) ~[fmlloader-1.19.2-43.4.2.jar%2367!/:?]
	at cpw.mods.modlauncher.LaunchServiceHandlerDecorator.launch(LaunchServiceHandlerDecorator.java:30) [modlauncher-10.0.8.jar%2354!/:?]
	at cpw.mods.modlauncher.LaunchServiceHandler.launch(LaunchServiceHandler.java:53) [modlauncher-10.0.8.jar%2354!/:?]
	at cpw.mods.modlauncher.LaunchServiceHandler.launch(LaunchServiceHandler.java:71) [modlauncher-10.0.8.jar%2354!/:?]
	at cpw.mods.modlauncher.Launcher.run(Launcher.java:106) [modlauncher-10.0.8.jar%2354!/:?]
	at cpw.mods.modlauncher.Launcher.main(Launcher.java:77) [modlauncher-10.0.8.jar%2354!/:?]
	at cpw.mods.modlauncher.BootstrapLaunchConsumer.accept(BootstrapLaunchConsumer.java:26) [modlauncher-10.0.8.jar%2354!/:?]
	at cpw.mods.modlauncher.BootstrapLaunchConsumer.accept(BootstrapLaunchConsumer.java:23) [modlauncher-10.0.8.jar%2354!/:?]
	at cpw.mods.bootstraplauncher.BootstrapLauncher.main(BootstrapLauncher.java:141) [bootstraplauncher-1.1.2.jar:?]
[11Apr2025 16:50:53.469] [main/ERROR] [net.minecraft.world.item.crafting.RecipeManager/]: Parsing error loading recipe mekanism:crushing/sculk_stone/polished_wall_to_brick
com.google.gson.JsonSyntaxException: Invalid or unsupported recipe type 'mekanism:crushing'
	at net.minecraft.world.item.crafting.RecipeManager.m_220253_(RecipeManager.java:170) ~[server-1.19.2-20220805.130853-srg.jar%23137!/:?]
	at java.util.Optional.orElseThrow(Optional.java:403) ~[?:?]
	at net.minecraft.world.item.crafting.RecipeManager.fromJson(RecipeManager.java:169) ~[server-1.19.2-20220805.130853-srg.jar%23137!/:?]
	at net.minecraft.world.item.crafting.RecipeManager.m_5787_(RecipeManager.java:67) ~[server-1.19.2-20220805.130853-srg.jar%23137!/:?]
	at net.minecraft.world.item.crafting.RecipeManager.m_5787_(RecipeManager.java:34) ~[server-1.19.2-20220805.130853-srg.jar%23137!/:?]
	at net.minecraft.server.packs.resources.SimplePreparableReloadListener.m_10789_(SimplePreparableReloadListener.java:13) ~[server-1.19.2-20220805.130853-srg.jar%23137!/:?]
	at java.util.concurrent.CompletableFuture$UniAccept.tryFire(CompletableFuture.java:718) ~[?:?]
	at java.util.concurrent.CompletableFuture$Completion.run(CompletableFuture.java:482) ~[?:?]
	at net.minecraft.server.packs.resources.SimpleReloadInstance.m_143940_(SimpleReloadInstance.java:69) ~[server-1.19.2-20220805.130853-srg.jar%23137!/:?]
	at net.minecraft.Util.m_214652_(Util.java:781) ~[server-1.19.2-20220805.130853-srg.jar%23137!/:?]
	at net.minecraft.Util.m_214679_(Util.java:770) ~[server-1.19.2-20220805.130853-srg.jar%23137!/:?]
	at net.minecraft.server.Main.main(Main.java:157) ~[server-1.19.2-20220805.130853-srg.jar%23137!/:?]
	at jdk.internal.reflect.NativeMethodAccessorImpl.invoke0(Native Method) ~[?:?]
	at jdk.internal.reflect.NativeMethodAccessorImpl.invoke(NativeMethodAccessorImpl.java:77) ~[?:?]
	at jdk.internal.reflect.DelegatingMethodAccessorImpl.invoke(DelegatingMethodAccessorImpl.java:43) ~[?:?]
	at java.lang.reflect.Method.invoke(Method.java:569) ~[?:?]
	at net.minecraftforge.fml.loading.targets.CommonServerLaunchHandler.lambda$launchService$0(CommonServerLaunchHandler.java:29) ~[fmlloader-1.19.2-43.4.2.jar%2367!/:?]
	at cpw.mods.modlauncher.LaunchServiceHandlerDecorator.launch(LaunchServiceHandlerDecorator.java:30) [modlauncher-10.0.8.jar%2354!/:?]
	at cpw.mods.modlauncher.LaunchServiceHandler.launch(LaunchServiceHandler.java:53) [modlauncher-10.0.8.jar%2354!/:?]
	at cpw.mods.modlauncher.LaunchServiceHandler.launch(LaunchServiceHandler.java:71) [modlauncher-10.0.8.jar%2354!/:?]
	at cpw.mods.modlauncher.Launcher.run(Launcher.java:106) [modlauncher-10.0.8.jar%2354!/:?]
	at cpw.mods.modlauncher.Launcher.main(Launcher.java:77) [modlauncher-10.0.8.jar%2354!/:?]
	at cpw.mods.modlauncher.BootstrapLaunchConsumer.accept(BootstrapLaunchConsumer.java:26) [modlauncher-10.0.8.jar%2354!/:?]
	at cpw.mods.modlauncher.BootstrapLaunchConsumer.accept(BootstrapLaunchConsumer.java:23) [modlauncher-10.0.8.jar%2354!/:?]
	at cpw.mods.bootstraplauncher.BootstrapLauncher.main(BootstrapLauncher.java:141) [bootstraplauncher-1.1.2.jar:?]
[11Apr2025 16:50:53.473] [main/ERROR] [net.minecraft.world.item.crafting.RecipeManager/]: Parsing error loading recipe create:cutting/echo_log
com.google.gson.JsonSyntaxException: Invalid or unsupported recipe type 'create:cutting'
	at net.minecraft.world.item.crafting.RecipeManager.m_220253_(RecipeManager.java:170) ~[server-1.19.2-20220805.130853-srg.jar%23137!/:?]
	at java.util.Optional.orElseThrow(Optional.java:403) ~[?:?]
	at net.minecraft.world.item.crafting.RecipeManager.fromJson(RecipeManager.java:169) ~[server-1.19.2-20220805.130853-srg.jar%23137!/:?]
	at net.minecraft.world.item.crafting.RecipeManager.m_5787_(RecipeManager.java:67) ~[server-1.19.2-20220805.130853-srg.jar%23137!/:?]
	at net.minecraft.world.item.crafting.RecipeManager.m_5787_(RecipeManager.java:34) ~[server-1.19.2-20220805.130853-srg.jar%23137!/:?]
	at net.minecraft.server.packs.resources.SimplePreparableReloadListener.m_10789_(SimplePreparableReloadListener.java:13) ~[server-1.19.2-20220805.130853-srg.jar%23137!/:?]
	at java.util.concurrent.CompletableFuture$UniAccept.tryFire(CompletableFuture.java:718) ~[?:?]
	at java.util.concurrent.CompletableFuture$Completion.run(CompletableFuture.java:482) ~[?:?]
	at net.minecraft.server.packs.resources.SimpleReloadInstance.m_143940_(SimpleReloadInstance.java:69) ~[server-1.19.2-20220805.130853-srg.jar%23137!/:?]
	at net.minecraft.Util.m_214652_(Util.java:781) ~[server-1.19.2-20220805.130853-srg.jar%23137!/:?]
	at net.minecraft.Util.m_214679_(Util.java:770) ~[server-1.19.2-20220805.130853-srg.jar%23137!/:?]
	at net.minecraft.server.Main.main(Main.java:157) ~[server-1.19.2-20220805.130853-srg.jar%23137!/:?]
	at jdk.internal.reflect.NativeMethodAccessorImpl.invoke0(Native Method) ~[?:?]
	at jdk.internal.reflect.NativeMethodAccessorImpl.invoke(NativeMethodAccessorImpl.java:77) ~[?:?]
	at jdk.internal.reflect.DelegatingMethodAccessorImpl.invoke(DelegatingMethodAccessorImpl.java:43) ~[?:?]
	at java.lang.reflect.Method.invoke(Method.java:569) ~[?:?]
	at net.minecraftforge.fml.loading.targets.CommonServerLaunchHandler.lambda$launchService$0(CommonServerLaunchHandler.java:29) ~[fmlloader-1.19.2-43.4.2.jar%2367!/:?]
	at cpw.mods.modlauncher.LaunchServiceHandlerDecorator.launch(LaunchServiceHandlerDecorator.java:30) [modlauncher-10.0.8.jar%2354!/:?]
	at cpw.mods.modlauncher.LaunchServiceHandler.launch(LaunchServiceHandler.java:53) [modlauncher-10.0.8.jar%2354!/:?]
	at cpw.mods.modlauncher.LaunchServiceHandler.launch(LaunchServiceHandler.java:71) [modlauncher-10.0.8.jar%2354!/:?]
	at cpw.mods.modlauncher.Launcher.run(Launcher.java:106) [modlauncher-10.0.8.jar%2354!/:?]
	at cpw.mods.modlauncher.Launcher.main(Launcher.java:77) [modlauncher-10.0.8.jar%2354!/:?]
	at cpw.mods.modlauncher.BootstrapLaunchConsumer.accept(BootstrapLaunchConsumer.java:26) [modlauncher-10.0.8.jar%2354!/:?]
	at cpw.mods.modlauncher.BootstrapLaunchConsumer.accept(BootstrapLaunchConsumer.java:23) [modlauncher-10.0.8.jar%2354!/:?]
	at cpw.mods.bootstraplauncher.BootstrapLauncher.main(BootstrapLauncher.java:141) [bootstraplauncher-1.1.2.jar:?]
[11Apr2025 16:50:53.475] [main/ERROR] [net.minecraft.world.item.crafting.RecipeManager/]: Parsing error loading recipe create:crushing/sculk_stone_diamond_ore
com.google.gson.JsonSyntaxException: Invalid or unsupported recipe type 'create:crushing'
	at net.minecraft.world.item.crafting.RecipeManager.m_220253_(RecipeManager.java:170) ~[server-1.19.2-20220805.130853-srg.jar%23137!/:?]
	at java.util.Optional.orElseThrow(Optional.java:403) ~[?:?]
	at net.minecraft.world.item.crafting.RecipeManager.fromJson(RecipeManager.java:169) ~[server-1.19.2-20220805.130853-srg.jar%23137!/:?]
	at net.minecraft.world.item.crafting.RecipeManager.m_5787_(RecipeManager.java:67) ~[server-1.19.2-20220805.130853-srg.jar%23137!/:?]
	at net.minecraft.world.item.crafting.RecipeManager.m_5787_(RecipeManager.java:34) ~[server-1.19.2-20220805.130853-srg.jar%23137!/:?]
	at net.minecraft.server.packs.resources.SimplePreparableReloadListener.m_10789_(SimplePreparableReloadListener.java:13) ~[server-1.19.2-20220805.130853-srg.jar%23137!/:?]
	at java.util.concurrent.CompletableFuture$UniAccept.tryFire(CompletableFuture.java:718) ~[?:?]
	at java.util.concurrent.CompletableFuture$Completion.run(CompletableFuture.java:482) ~[?:?]
	at net.minecraft.server.packs.resources.SimpleReloadInstance.m_143940_(SimpleReloadInstance.java:69) ~[server-1.19.2-20220805.130853-srg.jar%23137!/:?]
	at net.minecraft.Util.m_214652_(Util.java:781) ~[server-1.19.2-20220805.130853-srg.jar%23137!/:?]
	at net.minecraft.Util.m_214679_(Util.java:770) ~[server-1.19.2-20220805.130853-srg.jar%23137!/:?]
	at net.minecraft.server.Main.main(Main.java:157) ~[server-1.19.2-20220805.130853-srg.jar%23137!/:?]
	at jdk.internal.reflect.NativeMethodAccessorImpl.invoke0(Native Method) ~[?:?]
	at jdk.internal.reflect.NativeMethodAccessorImpl.invoke(NativeMethodAccessorImpl.java:77) ~[?:?]
	at jdk.internal.reflect.DelegatingMethodAccessorImpl.invoke(DelegatingMethodAccessorImpl.java:43) ~[?:?]
	at java.lang.reflect.Method.invoke(Method.java:569) ~[?:?]
	at net.minecraftforge.fml.loading.targets.CommonServerLaunchHandler.lambda$launchService$0(CommonServerLaunchHandler.java:29) ~[fmlloader-1.19.2-43.4.2.jar%2367!/:?]
	at cpw.mods.modlauncher.LaunchServiceHandlerDecorator.launch(LaunchServiceHandlerDecorator.java:30) [modlauncher-10.0.8.jar%2354!/:?]
	at cpw.mods.modlauncher.LaunchServiceHandler.launch(LaunchServiceHandler.java:53) [modlauncher-10.0.8.jar%2354!/:?]
	at cpw.mods.modlauncher.LaunchServiceHandler.launch(LaunchServiceHandler.java:71) [modlauncher-10.0.8.jar%2354!/:?]
	at cpw.mods.modlauncher.Launcher.run(Launcher.java:106) [modlauncher-10.0.8.jar%2354!/:?]
	at cpw.mods.modlauncher.Launcher.main(Launcher.java:77) [modlauncher-10.0.8.jar%2354!/:?]
	at cpw.mods.modlauncher.BootstrapLaunchConsumer.accept(BootstrapLaunchConsumer.java:26) [modlauncher-10.0.8.jar%2354!/:?]
	at cpw.mods.modlauncher.BootstrapLaunchConsumer.accept(BootstrapLaunchConsumer.java:23) [modlauncher-10.0.8.jar%2354!/:?]
	at cpw.mods.bootstraplauncher.BootstrapLauncher.main(BootstrapLauncher.java:141) [bootstraplauncher-1.1.2.jar:?]
[11Apr2025 16:50:53.477] [main/ERROR] [net.minecraft.world.item.crafting.RecipeManager/]: Parsing error loading recipe mekanism:enriching/conversion/sculk_stone/slabs_to_smooth
com.google.gson.JsonSyntaxException: Invalid or unsupported recipe type 'mekanism:enriching'
	at net.minecraft.world.item.crafting.RecipeManager.m_220253_(RecipeManager.java:170) ~[server-1.19.2-20220805.130853-srg.jar%23137!/:?]
	at java.util.Optional.orElseThrow(Optional.java:403) ~[?:?]
	at net.minecraft.world.item.crafting.RecipeManager.fromJson(RecipeManager.java:169) ~[server-1.19.2-20220805.130853-srg.jar%23137!/:?]
	at net.minecraft.world.item.crafting.RecipeManager.m_5787_(RecipeManager.java:67) ~[server-1.19.2-20220805.130853-srg.jar%23137!/:?]
	at net.minecraft.world.item.crafting.RecipeManager.m_5787_(RecipeManager.java:34) ~[server-1.19.2-20220805.130853-srg.jar%23137!/:?]
	at net.minecraft.server.packs.resources.SimplePreparableReloadListener.m_10789_(SimplePreparableReloadListener.java:13) ~[server-1.19.2-20220805.130853-srg.jar%23137!/:?]
	at java.util.concurrent.CompletableFuture$UniAccept.tryFire(CompletableFuture.java:718) ~[?:?]
	at java.util.concurrent.CompletableFuture$Completion.run(CompletableFuture.java:482) ~[?:?]
	at net.minecraft.server.packs.resources.SimpleReloadInstance.m_143940_(SimpleReloadInstance.java:69) ~[server-1.19.2-20220805.130853-srg.jar%23137!/:?]
	at net.minecraft.Util.m_214652_(Util.java:781) ~[server-1.19.2-20220805.130853-srg.jar%23137!/:?]
	at net.minecraft.Util.m_214679_(Util.java:770) ~[server-1.19.2-20220805.130853-srg.jar%23137!/:?]
	at net.minecraft.server.Main.main(Main.java:157) ~[server-1.19.2-20220805.130853-srg.jar%23137!/:?]
	at jdk.internal.reflect.NativeMethodAccessorImpl.invoke0(Native Method) ~[?:?]
	at jdk.internal.reflect.NativeMethodAccessorImpl.invoke(NativeMethodAccessorImpl.java:77) ~[?:?]
	at jdk.internal.reflect.DelegatingMethodAccessorImpl.invoke(DelegatingMethodAccessorImpl.java:43) ~[?:?]
	at java.lang.reflect.Method.invoke(Method.java:569) ~[?:?]
	at net.minecraftforge.fml.loading.targets.CommonServerLaunchHandler.lambda$launchService$0(CommonServerLaunchHandler.java:29) ~[fmlloader-1.19.2-43.4.2.jar%2367!/:?]
	at cpw.mods.modlauncher.LaunchServiceHandlerDecorator.launch(LaunchServiceHandlerDecorator.java:30) [modlauncher-10.0.8.jar%2354!/:?]
	at cpw.mods.modlauncher.LaunchServiceHandler.launch(LaunchServiceHandler.java:53) [modlauncher-10.0.8.jar%2354!/:?]
	at cpw.mods.modlauncher.LaunchServiceHandler.launch(LaunchServiceHandler.java:71) [modlauncher-10.0.8.jar%2354!/:?]
	at cpw.mods.modlauncher.Launcher.run(Launcher.java:106) [modlauncher-10.0.8.jar%2354!/:?]
	at cpw.mods.modlauncher.Launcher.main(Launcher.java:77) [modlauncher-10.0.8.jar%2354!/:?]
	at cpw.mods.modlauncher.BootstrapLaunchConsumer.accept(BootstrapLaunchConsumer.java:26) [modlauncher-10.0.8.jar%2354!/:?]
	at cpw.mods.modlauncher.BootstrapLaunchConsumer.accept(BootstrapLaunchConsumer.java:23) [modlauncher-10.0.8.jar%2354!/:?]
	at cpw.mods.bootstraplauncher.BootstrapLauncher.main(BootstrapLauncher.java:141) [bootstraplauncher-1.1.2.jar:?]
[11Apr2025 16:50:53.478] [main/ERROR] [net.minecraft.world.item.crafting.RecipeManager/]: Parsing error loading recipe mekanism:enriching/conversion/gloomslate/slabs_to_smooth
com.google.gson.JsonSyntaxException: Invalid or unsupported recipe type 'mekanism:enriching'
	at net.minecraft.world.item.crafting.RecipeManager.m_220253_(RecipeManager.java:170) ~[server-1.19.2-20220805.130853-srg.jar%23137!/:?]
	at java.util.Optional.orElseThrow(Optional.java:403) ~[?:?]
	at net.minecraft.world.item.crafting.RecipeManager.fromJson(RecipeManager.java:169) ~[server-1.19.2-20220805.130853-srg.jar%23137!/:?]
	at net.minecraft.world.item.crafting.RecipeManager.m_5787_(RecipeManager.java:67) ~[server-1.19.2-20220805.130853-srg.jar%23137!/:?]
	at net.minecraft.world.item.crafting.RecipeManager.m_5787_(RecipeManager.java:34) ~[server-1.19.2-20220805.130853-srg.jar%23137!/:?]
	at net.minecraft.server.packs.resources.SimplePreparableReloadListener.m_10789_(SimplePreparableReloadListener.java:13) ~[server-1.19.2-20220805.130853-srg.jar%23137!/:?]
	at java.util.concurrent.CompletableFuture$UniAccept.tryFire(CompletableFuture.java:718) ~[?:?]
	at java.util.concurrent.CompletableFuture$Completion.run(CompletableFuture.java:482) ~[?:?]
	at net.minecraft.server.packs.resources.SimpleReloadInstance.m_143940_(SimpleReloadInstance.java:69) ~[server-1.19.2-20220805.130853-srg.jar%23137!/:?]
	at net.minecraft.Util.m_214652_(Util.java:781) ~[server-1.19.2-20220805.130853-srg.jar%23137!/:?]
	at net.minecraft.Util.m_214679_(Util.java:770) ~[server-1.19.2-20220805.130853-srg.jar%23137!/:?]
	at net.minecraft.server.Main.main(Main.java:157) ~[server-1.19.2-20220805.130853-srg.jar%23137!/:?]
	at jdk.internal.reflect.NativeMethodAccessorImpl.invoke0(Native Method) ~[?:?]
	at jdk.internal.reflect.NativeMethodAccessorImpl.invoke(NativeMethodAccessorImpl.java:77) ~[?:?]
	at jdk.internal.reflect.DelegatingMethodAccessorImpl.invoke(DelegatingMethodAccessorImpl.java:43) ~[?:?]
	at java.lang.reflect.Method.invoke(Method.java:569) ~[?:?]
	at net.minecraftforge.fml.loading.targets.CommonServerLaunchHandler.lambda$launchService$0(CommonServerLaunchHandler.java:29) ~[fmlloader-1.19.2-43.4.2.jar%2367!/:?]
	at cpw.mods.modlauncher.LaunchServiceHandlerDecorator.launch(LaunchServiceHandlerDecorator.java:30) [modlauncher-10.0.8.jar%2354!/:?]
	at cpw.mods.modlauncher.LaunchServiceHandler.launch(LaunchServiceHandler.java:53) [modlauncher-10.0.8.jar%2354!/:?]
	at cpw.mods.modlauncher.LaunchServiceHandler.launch(LaunchServiceHandler.java:71) [modlauncher-10.0.8.jar%2354!/:?]
	at cpw.mods.modlauncher.Launcher.run(Launcher.java:106) [modlauncher-10.0.8.jar%2354!/:?]
	at cpw.mods.modlauncher.Launcher.main(Launcher.java:77) [modlauncher-10.0.8.jar%2354!/:?]
	at cpw.mods.modlauncher.BootstrapLaunchConsumer.accept(BootstrapLaunchConsumer.java:26) [modlauncher-10.0.8.jar%2354!/:?]
	at cpw.mods.modlauncher.BootstrapLaunchConsumer.accept(BootstrapLaunchConsumer.java:23) [modlauncher-10.0.8.jar%2354!/:?]
	at cpw.mods.bootstraplauncher.BootstrapLauncher.main(BootstrapLauncher.java:141) [bootstraplauncher-1.1.2.jar:?]
[11Apr2025 16:50:53.478] [main/ERROR] [net.minecraft.world.item.crafting.RecipeManager/]: Parsing error loading recipe farmersdelight:cutting/echo_sign
com.google.gson.JsonSyntaxException: Invalid or unsupported recipe type 'farmersdelight:cutting'
	at net.minecraft.world.item.crafting.RecipeManager.m_220253_(RecipeManager.java:170) ~[server-1.19.2-20220805.130853-srg.jar%23137!/:?]
	at java.util.Optional.orElseThrow(Optional.java:403) ~[?:?]
	at net.minecraft.world.item.crafting.RecipeManager.fromJson(RecipeManager.java:169) ~[server-1.19.2-20220805.130853-srg.jar%23137!/:?]
	at net.minecraft.world.item.crafting.RecipeManager.m_5787_(RecipeManager.java:67) ~[server-1.19.2-20220805.130853-srg.jar%23137!/:?]
	at net.minecraft.world.item.crafting.RecipeManager.m_5787_(RecipeManager.java:34) ~[server-1.19.2-20220805.130853-srg.jar%23137!/:?]
	at net.minecraft.server.packs.resources.SimplePreparableReloadListener.m_10789_(SimplePreparableReloadListener.java:13) ~[server-1.19.2-20220805.130853-srg.jar%23137!/:?]
	at java.util.concurrent.CompletableFuture$UniAccept.tryFire(CompletableFuture.java:718) ~[?:?]
	at java.util.concurrent.CompletableFuture$Completion.run(CompletableFuture.java:482) ~[?:?]
	at net.minecraft.server.packs.resources.SimpleReloadInstance.m_143940_(SimpleReloadInstance.java:69) ~[server-1.19.2-20220805.130853-srg.jar%23137!/:?]
	at net.minecraft.Util.m_214652_(Util.java:781) ~[server-1.19.2-20220805.130853-srg.jar%23137!/:?]
	at net.minecraft.Util.m_214679_(Util.java:770) ~[server-1.19.2-20220805.130853-srg.jar%23137!/:?]
	at net.minecraft.server.Main.main(Main.java:157) ~[server-1.19.2-20220805.130853-srg.jar%23137!/:?]
	at jdk.internal.reflect.NativeMethodAccessorImpl.invoke0(Native Method) ~[?:?]
	at jdk.internal.reflect.NativeMethodAccessorImpl.invoke(NativeMethodAccessorImpl.java:77) ~[?:?]
	at jdk.internal.reflect.DelegatingMethodAccessorImpl.invoke(DelegatingMethodAccessorImpl.java:43) ~[?:?]
	at java.lang.reflect.Method.invoke(Method.java:569) ~[?:?]
	at net.minecraftforge.fml.loading.targets.CommonServerLaunchHandler.lambda$launchService$0(CommonServerLaunchHandler.java:29) ~[fmlloader-1.19.2-43.4.2.jar%2367!/:?]
	at cpw.mods.modlauncher.LaunchServiceHandlerDecorator.launch(LaunchServiceHandlerDecorator.java:30) [modlauncher-10.0.8.jar%2354!/:?]
	at cpw.mods.modlauncher.LaunchServiceHandler.launch(LaunchServiceHandler.java:53) [modlauncher-10.0.8.jar%2354!/:?]
	at cpw.mods.modlauncher.LaunchServiceHandler.launch(LaunchServiceHandler.java:71) [modlauncher-10.0.8.jar%2354!/:?]
	at cpw.mods.modlauncher.Launcher.run(Launcher.java:106) [modlauncher-10.0.8.jar%2354!/:?]
	at cpw.mods.modlauncher.Launcher.main(Launcher.java:77) [modlauncher-10.0.8.jar%2354!/:?]
	at cpw.mods.modlauncher.BootstrapLaunchConsumer.accept(BootstrapLaunchConsumer.java:26) [modlauncher-10.0.8.jar%2354!/:?]
	at cpw.mods.modlauncher.BootstrapLaunchConsumer.accept(BootstrapLaunchConsumer.java:23) [modlauncher-10.0.8.jar%2354!/:?]
	at cpw.mods.bootstraplauncher.BootstrapLauncher.main(BootstrapLauncher.java:141) [bootstraplauncher-1.1.2.jar:?]
[11Apr2025 16:50:53.479] [main/ERROR] [net.minecraft.world.item.crafting.RecipeManager/]: Parsing error loading recipe mekanism:sawing/log/echo
com.google.gson.JsonSyntaxException: Invalid or unsupported recipe type 'mekanism:sawing'
	at net.minecraft.world.item.crafting.RecipeManager.m_220253_(RecipeManager.java:170) ~[server-1.19.2-20220805.130853-srg.jar%23137!/:?]
	at java.util.Optional.orElseThrow(Optional.java:403) ~[?:?]
	at net.minecraft.world.item.crafting.RecipeManager.fromJson(RecipeManager.java:169) ~[server-1.19.2-20220805.130853-srg.jar%23137!/:?]
	at net.minecraft.world.item.crafting.RecipeManager.m_5787_(RecipeManager.java:67) ~[server-1.19.2-20220805.130853-srg.jar%23137!/:?]
	at net.minecraft.world.item.crafting.RecipeManager.m_5787_(RecipeManager.java:34) ~[server-1.19.2-20220805.130853-srg.jar%23137!/:?]
	at net.minecraft.server.packs.resources.SimplePreparableReloadListener.m_10789_(SimplePreparableReloadListener.java:13) ~[server-1.19.2-20220805.130853-srg.jar%23137!/:?]
	at java.util.concurrent.CompletableFuture$UniAccept.tryFire(CompletableFuture.java:718) ~[?:?]
	at java.util.concurrent.CompletableFuture$Completion.run(CompletableFuture.java:482) ~[?:?]
	at net.minecraft.server.packs.resources.SimpleReloadInstance.m_143940_(SimpleReloadInstance.java:69) ~[server-1.19.2-20220805.130853-srg.jar%23137!/:?]
	at net.minecraft.Util.m_214652_(Util.java:781) ~[server-1.19.2-20220805.130853-srg.jar%23137!/:?]
	at net.minecraft.Util.m_214679_(Util.java:770) ~[server-1.19.2-20220805.130853-srg.jar%23137!/:?]
	at net.minecraft.server.Main.main(Main.java:157) ~[server-1.19.2-20220805.130853-srg.jar%23137!/:?]
	at jdk.internal.reflect.NativeMethodAccessorImpl.invoke0(Native Method) ~[?:?]
	at jdk.internal.reflect.NativeMethodAccessorImpl.invoke(NativeMethodAccessorImpl.java:77) ~[?:?]
	at jdk.internal.reflect.DelegatingMethodAccessorImpl.invoke(DelegatingMethodAccessorImpl.java:43) ~[?:?]
	at java.lang.reflect.Method.invoke(Method.java:569) ~[?:?]
	at net.minecraftforge.fml.loading.targets.CommonServerLaunchHandler.lambda$launchService$0(CommonServerLaunchHandler.java:29) ~[fmlloader-1.19.2-43.4.2.jar%2367!/:?]
	at cpw.mods.modlauncher.LaunchServiceHandlerDecorator.launch(LaunchServiceHandlerDecorator.java:30) [modlauncher-10.0.8.jar%2354!/:?]
	at cpw.mods.modlauncher.LaunchServiceHandler.launch(LaunchServiceHandler.java:53) [modlauncher-10.0.8.jar%2354!/:?]
	at cpw.mods.modlauncher.LaunchServiceHandler.launch(LaunchServiceHandler.java:71) [modlauncher-10.0.8.jar%2354!/:?]
	at cpw.mods.modlauncher.Launcher.run(Launcher.java:106) [modlauncher-10.0.8.jar%2354!/:?]
	at cpw.mods.modlauncher.Launcher.main(Launcher.java:77) [modlauncher-10.0.8.jar%2354!/:?]
	at cpw.mods.modlauncher.BootstrapLaunchConsumer.accept(BootstrapLaunchConsumer.java:26) [modlauncher-10.0.8.jar%2354!/:?]
	at cpw.mods.modlauncher.BootstrapLaunchConsumer.accept(BootstrapLaunchConsumer.java:23) [modlauncher-10.0.8.jar%2354!/:?]
	at cpw.mods.bootstraplauncher.BootstrapLauncher.main(BootstrapLauncher.java:141) [bootstraplauncher-1.1.2.jar:?]
[11Apr2025 16:50:53.480] [main/ERROR] [net.minecraft.world.item.crafting.RecipeManager/]: Parsing error loading recipe create:crushing/sculk_stone_copper_ore
com.google.gson.JsonSyntaxException: Invalid or unsupported recipe type 'create:crushing'
	at net.minecraft.world.item.crafting.RecipeManager.m_220253_(RecipeManager.java:170) ~[server-1.19.2-20220805.130853-srg.jar%23137!/:?]
	at java.util.Optional.orElseThrow(Optional.java:403) ~[?:?]
	at net.minecraft.world.item.crafting.RecipeManager.fromJson(RecipeManager.java:169) ~[server-1.19.2-20220805.130853-srg.jar%23137!/:?]
	at net.minecraft.world.item.crafting.RecipeManager.m_5787_(RecipeManager.java:67) ~[server-1.19.2-20220805.130853-srg.jar%23137!/:?]
	at net.minecraft.world.item.crafting.RecipeManager.m_5787_(RecipeManager.java:34) ~[server-1.19.2-20220805.130853-srg.jar%23137!/:?]
	at net.minecraft.server.packs.resources.SimplePreparableReloadListener.m_10789_(SimplePreparableReloadListener.java:13) ~[server-1.19.2-20220805.130853-srg.jar%23137!/:?]
	at java.util.concurrent.CompletableFuture$UniAccept.tryFire(CompletableFuture.java:718) ~[?:?]
	at java.util.concurrent.CompletableFuture$Completion.run(CompletableFuture.java:482) ~[?:?]
	at net.minecraft.server.packs.resources.SimpleReloadInstance.m_143940_(SimpleReloadInstance.java:69) ~[server-1.19.2-20220805.130853-srg.jar%23137!/:?]
	at net.minecraft.Util.m_214652_(Util.java:781) ~[server-1.19.2-20220805.130853-srg.jar%23137!/:?]
	at net.minecraft.Util.m_214679_(Util.java:770) ~[server-1.19.2-20220805.130853-srg.jar%23137!/:?]
	at net.minecraft.server.Main.main(Main.java:157) ~[server-1.19.2-20220805.130853-srg.jar%23137!/:?]
	at jdk.internal.reflect.NativeMethodAccessorImpl.invoke0(Native Method) ~[?:?]
	at jdk.internal.reflect.NativeMethodAccessorImpl.invoke(NativeMethodAccessorImpl.java:77) ~[?:?]
	at jdk.internal.reflect.DelegatingMethodAccessorImpl.invoke(DelegatingMethodAccessorImpl.java:43) ~[?:?]
	at java.lang.reflect.Method.invoke(Method.java:569) ~[?:?]
	at net.minecraftforge.fml.loading.targets.CommonServerLaunchHandler.lambda$launchService$0(CommonServerLaunchHandler.java:29) ~[fmlloader-1.19.2-43.4.2.jar%2367!/:?]
	at cpw.mods.modlauncher.LaunchServiceHandlerDecorator.launch(LaunchServiceHandlerDecorator.java:30) [modlauncher-10.0.8.jar%2354!/:?]
	at cpw.mods.modlauncher.LaunchServiceHandler.launch(LaunchServiceHandler.java:53) [modlauncher-10.0.8.jar%2354!/:?]
	at cpw.mods.modlauncher.LaunchServiceHandler.launch(LaunchServiceHandler.java:71) [modlauncher-10.0.8.jar%2354!/:?]
	at cpw.mods.modlauncher.Launcher.run(Launcher.java:106) [modlauncher-10.0.8.jar%2354!/:?]
	at cpw.mods.modlauncher.Launcher.main(Launcher.java:77) [modlauncher-10.0.8.jar%2354!/:?]
	at cpw.mods.modlauncher.BootstrapLaunchConsumer.accept(BootstrapLaunchConsumer.java:26) [modlauncher-10.0.8.jar%2354!/:?]
	at cpw.mods.modlauncher.BootstrapLaunchConsumer.accept(BootstrapLaunchConsumer.java:23) [modlauncher-10.0.8.jar%2354!/:?]
	at cpw.mods.bootstraplauncher.BootstrapLauncher.main(BootstrapLauncher.java:141) [bootstraplauncher-1.1.2.jar:?]
[11Apr2025 16:50:53.481] [main/ERROR] [net.minecraft.world.item.crafting.RecipeManager/]: Parsing error loading recipe mekanism:crushing/sculk_stone/tile_stairs_to_cobbled
com.google.gson.JsonSyntaxException: Invalid or unsupported recipe type 'mekanism:crushing'
	at net.minecraft.world.item.crafting.RecipeManager.m_220253_(RecipeManager.java:170) ~[server-1.19.2-20220805.130853-srg.jar%23137!/:?]
	at java.util.Optional.orElseThrow(Optional.java:403) ~[?:?]
	at net.minecraft.world.item.crafting.RecipeManager.fromJson(RecipeManager.java:169) ~[server-1.19.2-20220805.130853-srg.jar%23137!/:?]
	at net.minecraft.world.item.crafting.RecipeManager.m_5787_(RecipeManager.java:67) ~[server-1.19.2-20220805.130853-srg.jar%23137!/:?]
	at net.minecraft.world.item.crafting.RecipeManager.m_5787_(RecipeManager.java:34) ~[server-1.19.2-20220805.130853-srg.jar%23137!/:?]
	at net.minecraft.server.packs.resources.SimplePreparableReloadListener.m_10789_(SimplePreparableReloadListener.java:13) ~[server-1.19.2-20220805.130853-srg.jar%23137!/:?]
	at java.util.concurrent.CompletableFuture$UniAccept.tryFire(CompletableFuture.java:718) ~[?:?]
	at java.util.concurrent.CompletableFuture$Completion.run(CompletableFuture.java:482) ~[?:?]
	at net.minecraft.server.packs.resources.SimpleReloadInstance.m_143940_(SimpleReloadInstance.java:69) ~[server-1.19.2-20220805.130853-srg.jar%23137!/:?]
	at net.minecraft.Util.m_214652_(Util.java:781) ~[server-1.19.2-20220805.130853-srg.jar%23137!/:?]
	at net.minecraft.Util.m_214679_(Util.java:770) ~[server-1.19.2-20220805.130853-srg.jar%23137!/:?]
	at net.minecraft.server.Main.main(Main.java:157) ~[server-1.19.2-20220805.130853-srg.jar%23137!/:?]
	at jdk.internal.reflect.NativeMethodAccessorImpl.invoke0(Native Method) ~[?:?]
	at jdk.internal.reflect.NativeMethodAccessorImpl.invoke(NativeMethodAccessorImpl.java:77) ~[?:?]
	at jdk.internal.reflect.DelegatingMethodAccessorImpl.invoke(DelegatingMethodAccessorImpl.java:43) ~[?:?]
	at java.lang.reflect.Method.invoke(Method.java:569) ~[?:?]
	at net.minecraftforge.fml.loading.targets.CommonServerLaunchHandler.lambda$launchService$0(CommonServerLaunchHandler.java:29) ~[fmlloader-1.19.2-43.4.2.jar%2367!/:?]
	at cpw.mods.modlauncher.LaunchServiceHandlerDecorator.launch(LaunchServiceHandlerDecorator.java:30) [modlauncher-10.0.8.jar%2354!/:?]
	at cpw.mods.modlauncher.LaunchServiceHandler.launch(LaunchServiceHandler.java:53) [modlauncher-10.0.8.jar%2354!/:?]
	at cpw.mods.modlauncher.LaunchServiceHandler.launch(LaunchServiceHandler.java:71) [modlauncher-10.0.8.jar%2354!/:?]
	at cpw.mods.modlauncher.Launcher.run(Launcher.java:106) [modlauncher-10.0.8.jar%2354!/:?]
	at cpw.mods.modlauncher.Launcher.main(Launcher.java:77) [modlauncher-10.0.8.jar%2354!/:?]
	at cpw.mods.modlauncher.BootstrapLaunchConsumer.accept(BootstrapLaunchConsumer.java:26) [modlauncher-10.0.8.jar%2354!/:?]
	at cpw.mods.modlauncher.BootstrapLaunchConsumer.accept(BootstrapLaunchConsumer.java:23) [modlauncher-10.0.8.jar%2354!/:?]
	at cpw.mods.bootstraplauncher.BootstrapLauncher.main(BootstrapLauncher.java:141) [bootstraplauncher-1.1.2.jar:?]
[11Apr2025 16:50:53.482] [main/ERROR] [net.minecraft.world.item.crafting.RecipeManager/]: Parsing error loading recipe mekanism:enriching/conversion/sculk_stone/brick_slabs_to_polished
com.google.gson.JsonSyntaxException: Invalid or unsupported recipe type 'mekanism:enriching'
	at net.minecraft.world.item.crafting.RecipeManager.m_220253_(RecipeManager.java:170) ~[server-1.19.2-20220805.130853-srg.jar%23137!/:?]
	at java.util.Optional.orElseThrow(Optional.java:403) ~[?:?]
	at net.minecraft.world.item.crafting.RecipeManager.fromJson(RecipeManager.java:169) ~[server-1.19.2-20220805.130853-srg.jar%23137!/:?]
	at net.minecraft.world.item.crafting.RecipeManager.m_5787_(RecipeManager.java:67) ~[server-1.19.2-20220805.130853-srg.jar%23137!/:?]
	at net.minecraft.world.item.crafting.RecipeManager.m_5787_(RecipeManager.java:34) ~[server-1.19.2-20220805.130853-srg.jar%23137!/:?]
	at net.minecraft.server.packs.resources.SimplePreparableReloadListener.m_10789_(SimplePreparableReloadListener.java:13) ~[server-1.19.2-20220805.130853-srg.jar%23137!/:?]
	at java.util.concurrent.CompletableFuture$UniAccept.tryFire(CompletableFuture.java:718) ~[?:?]
	at java.util.concurrent.CompletableFuture$Completion.run(CompletableFuture.java:482) ~[?:?]
	at net.minecraft.server.packs.resources.SimpleReloadInstance.m_143940_(SimpleReloadInstance.java:69) ~[server-1.19.2-20220805.130853-srg.jar%23137!/:?]
	at net.minecraft.Util.m_214652_(Util.java:781) ~[server-1.19.2-20220805.130853-srg.jar%23137!/:?]
	at net.minecraft.Util.m_214679_(Util.java:770) ~[server-1.19.2-20220805.130853-srg.jar%23137!/:?]
	at net.minecraft.server.Main.main(Main.java:157) ~[server-1.19.2-20220805.130853-srg.jar%23137!/:?]
	at jdk.internal.reflect.NativeMethodAccessorImpl.invoke0(Native Method) ~[?:?]
	at jdk.internal.reflect.NativeMethodAccessorImpl.invoke(NativeMethodAccessorImpl.java:77) ~[?:?]
	at jdk.internal.reflect.DelegatingMethodAccessorImpl.invoke(DelegatingMethodAccessorImpl.java:43) ~[?:?]
	at java.lang.reflect.Method.invoke(Method.java:569) ~[?:?]
	at net.minecraftforge.fml.loading.targets.CommonServerLaunchHandler.lambda$launchService$0(CommonServerLaunchHandler.java:29) ~[fmlloader-1.19.2-43.4.2.jar%2367!/:?]
	at cpw.mods.modlauncher.LaunchServiceHandlerDecorator.launch(LaunchServiceHandlerDecorator.java:30) [modlauncher-10.0.8.jar%2354!/:?]
	at cpw.mods.modlauncher.LaunchServiceHandler.launch(LaunchServiceHandler.java:53) [modlauncher-10.0.8.jar%2354!/:?]
	at cpw.mods.modlauncher.LaunchServiceHandler.launch(LaunchServiceHandler.java:71) [modlauncher-10.0.8.jar%2354!/:?]
	at cpw.mods.modlauncher.Launcher.run(Launcher.java:106) [modlauncher-10.0.8.jar%2354!/:?]
	at cpw.mods.modlauncher.Launcher.main(Launcher.java:77) [modlauncher-10.0.8.jar%2354!/:?]
	at cpw.mods.modlauncher.BootstrapLaunchConsumer.accept(BootstrapLaunchConsumer.java:26) [modlauncher-10.0.8.jar%2354!/:?]
	at cpw.mods.modlauncher.BootstrapLaunchConsumer.accept(BootstrapLaunchConsumer.java:23) [modlauncher-10.0.8.jar%2354!/:?]
	at cpw.mods.bootstraplauncher.BootstrapLauncher.main(BootstrapLauncher.java:141) [bootstraplauncher-1.1.2.jar:?]
[11Apr2025 16:50:53.483] [main/ERROR] [net.minecraft.world.item.crafting.RecipeManager/]: Parsing error loading recipe mekanism:enriching/conversion/sculk_stone/tile_slabs_to_brick
com.google.gson.JsonSyntaxException: Invalid or unsupported recipe type 'mekanism:enriching'
	at net.minecraft.world.item.crafting.RecipeManager.m_220253_(RecipeManager.java:170) ~[server-1.19.2-20220805.130853-srg.jar%23137!/:?]
	at java.util.Optional.orElseThrow(Optional.java:403) ~[?:?]
	at net.minecraft.world.item.crafting.RecipeManager.fromJson(RecipeManager.java:169) ~[server-1.19.2-20220805.130853-srg.jar%23137!/:?]
	at net.minecraft.world.item.crafting.RecipeManager.m_5787_(RecipeManager.java:67) ~[server-1.19.2-20220805.130853-srg.jar%23137!/:?]
	at net.minecraft.world.item.crafting.RecipeManager.m_5787_(RecipeManager.java:34) ~[server-1.19.2-20220805.130853-srg.jar%23137!/:?]
	at net.minecraft.server.packs.resources.SimplePreparableReloadListener.m_10789_(SimplePreparableReloadListener.java:13) ~[server-1.19.2-20220805.130853-srg.jar%23137!/:?]
	at java.util.concurrent.CompletableFuture$UniAccept.tryFire(CompletableFuture.java:718) ~[?:?]
	at java.util.concurrent.CompletableFuture$Completion.run(CompletableFuture.java:482) ~[?:?]
	at net.minecraft.server.packs.resources.SimpleReloadInstance.m_143940_(SimpleReloadInstance.java:69) ~[server-1.19.2-20220805.130853-srg.jar%23137!/:?]
	at net.minecraft.Util.m_214652_(Util.java:781) ~[server-1.19.2-20220805.130853-srg.jar%23137!/:?]
	at net.minecraft.Util.m_214679_(Util.java:770) ~[server-1.19.2-20220805.130853-srg.jar%23137!/:?]
	at net.minecraft.server.Main.main(Main.java:157) ~[server-1.19.2-20220805.130853-srg.jar%23137!/:?]
	at jdk.internal.reflect.NativeMethodAccessorImpl.invoke0(Native Method) ~[?:?]
	at jdk.internal.reflect.NativeMethodAccessorImpl.invoke(NativeMethodAccessorImpl.java:77) ~[?:?]
	at jdk.internal.reflect.DelegatingMethodAccessorImpl.invoke(DelegatingMethodAccessorImpl.java:43) ~[?:?]
	at java.lang.reflect.Method.invoke(Method.java:569) ~[?:?]
	at net.minecraftforge.fml.loading.targets.CommonServerLaunchHandler.lambda$launchService$0(CommonServerLaunchHandler.java:29) ~[fmlloader-1.19.2-43.4.2.jar%2367!/:?]
	at cpw.mods.modlauncher.LaunchServiceHandlerDecorator.launch(LaunchServiceHandlerDecorator.java:30) [modlauncher-10.0.8.jar%2354!/:?]
	at cpw.mods.modlauncher.LaunchServiceHandler.launch(LaunchServiceHandler.java:53) [modlauncher-10.0.8.jar%2354!/:?]
	at cpw.mods.modlauncher.LaunchServiceHandler.launch(LaunchServiceHandler.java:71) [modlauncher-10.0.8.jar%2354!/:?]
	at cpw.mods.modlauncher.Launcher.run(Launcher.java:106) [modlauncher-10.0.8.jar%2354!/:?]
	at cpw.mods.modlauncher.Launcher.main(Launcher.java:77) [modlauncher-10.0.8.jar%2354!/:?]
	at cpw.mods.modlauncher.BootstrapLaunchConsumer.accept(BootstrapLaunchConsumer.java:26) [modlauncher-10.0.8.jar%2354!/:?]
	at cpw.mods.modlauncher.BootstrapLaunchConsumer.accept(BootstrapLaunchConsumer.java:23) [modlauncher-10.0.8.jar%2354!/:?]
	at cpw.mods.bootstraplauncher.BootstrapLauncher.main(BootstrapLauncher.java:141) [bootstraplauncher-1.1.2.jar:?]
[11Apr2025 16:50:53.484] [main/ERROR] [net.minecraft.world.item.crafting.RecipeManager/]: Parsing error loading recipe mekanism:enriching/conversion/sculk_stone/to_smooth
com.google.gson.JsonSyntaxException: Invalid or unsupported recipe type 'mekanism:enriching'
	at net.minecraft.world.item.crafting.RecipeManager.m_220253_(RecipeManager.java:170) ~[server-1.19.2-20220805.130853-srg.jar%23137!/:?]
	at java.util.Optional.orElseThrow(Optional.java:403) ~[?:?]
	at net.minecraft.world.item.crafting.RecipeManager.fromJson(RecipeManager.java:169) ~[server-1.19.2-20220805.130853-srg.jar%23137!/:?]
	at net.minecraft.world.item.crafting.RecipeManager.m_5787_(RecipeManager.java:67) ~[server-1.19.2-20220805.130853-srg.jar%23137!/:?]
	at net.minecraft.world.item.crafting.RecipeManager.m_5787_(RecipeManager.java:34) ~[server-1.19.2-20220805.130853-srg.jar%23137!/:?]
	at net.minecraft.server.packs.resources.SimplePreparableReloadListener.m_10789_(SimplePreparableReloadListener.java:13) ~[server-1.19.2-20220805.130853-srg.jar%23137!/:?]
	at java.util.concurrent.CompletableFuture$UniAccept.tryFire(CompletableFuture.java:718) ~[?:?]
	at java.util.concurrent.CompletableFuture$Completion.run(CompletableFuture.java:482) ~[?:?]
	at net.minecraft.server.packs.resources.SimpleReloadInstance.m_143940_(SimpleReloadInstance.java:69) ~[server-1.19.2-20220805.130853-srg.jar%23137!/:?]
	at net.minecraft.Util.m_214652_(Util.java:781) ~[server-1.19.2-20220805.130853-srg.jar%23137!/:?]
	at net.minecraft.Util.m_214679_(Util.java:770) ~[server-1.19.2-20220805.130853-srg.jar%23137!/:?]
	at net.minecraft.server.Main.main(Main.java:157) ~[server-1.19.2-20220805.130853-srg.jar%23137!/:?]
	at jdk.internal.reflect.NativeMethodAccessorImpl.invoke0(Native Method) ~[?:?]
	at jdk.internal.reflect.NativeMethodAccessorImpl.invoke(NativeMethodAccessorImpl.java:77) ~[?:?]
	at jdk.internal.reflect.DelegatingMethodAccessorImpl.invoke(DelegatingMethodAccessorImpl.java:43) ~[?:?]
	at java.lang.reflect.Method.invoke(Method.java:569) ~[?:?]
	at net.minecraftforge.fml.loading.targets.CommonServerLaunchHandler.lambda$launchService$0(CommonServerLaunchHandler.java:29) ~[fmlloader-1.19.2-43.4.2.jar%2367!/:?]
	at cpw.mods.modlauncher.LaunchServiceHandlerDecorator.launch(LaunchServiceHandlerDecorator.java:30) [modlauncher-10.0.8.jar%2354!/:?]
	at cpw.mods.modlauncher.LaunchServiceHandler.launch(LaunchServiceHandler.java:53) [modlauncher-10.0.8.jar%2354!/:?]
	at cpw.mods.modlauncher.LaunchServiceHandler.launch(LaunchServiceHandler.java:71) [modlauncher-10.0.8.jar%2354!/:?]
	at cpw.mods.modlauncher.Launcher.run(Launcher.java:106) [modlauncher-10.0.8.jar%2354!/:?]
	at cpw.mods.modlauncher.Launcher.main(Launcher.java:77) [modlauncher-10.0.8.jar%2354!/:?]
	at cpw.mods.modlauncher.BootstrapLaunchConsumer.accept(BootstrapLaunchConsumer.java:26) [modlauncher-10.0.8.jar%2354!/:?]
	at cpw.mods.modlauncher.BootstrapLaunchConsumer.accept(BootstrapLaunchConsumer.java:23) [modlauncher-10.0.8.jar%2354!/:?]
	at cpw.mods.bootstraplauncher.BootstrapLauncher.main(BootstrapLauncher.java:141) [bootstraplauncher-1.1.2.jar:?]
[11Apr2025 16:50:53.485] [main/ERROR] [net.minecraft.world.item.crafting.RecipeManager/]: Parsing error loading recipe mekanism:sawing/pressure_plate/echo
com.google.gson.JsonSyntaxException: Invalid or unsupported recipe type 'mekanism:sawing'
	at net.minecraft.world.item.crafting.RecipeManager.m_220253_(RecipeManager.java:170) ~[server-1.19.2-20220805.130853-srg.jar%23137!/:?]
	at java.util.Optional.orElseThrow(Optional.java:403) ~[?:?]
	at net.minecraft.world.item.crafting.RecipeManager.fromJson(RecipeManager.java:169) ~[server-1.19.2-20220805.130853-srg.jar%23137!/:?]
	at net.minecraft.world.item.crafting.RecipeManager.m_5787_(RecipeManager.java:67) ~[server-1.19.2-20220805.130853-srg.jar%23137!/:?]
	at net.minecraft.world.item.crafting.RecipeManager.m_5787_(RecipeManager.java:34) ~[server-1.19.2-20220805.130853-srg.jar%23137!/:?]
	at net.minecraft.server.packs.resources.SimplePreparableReloadListener.m_10789_(SimplePreparableReloadListener.java:13) ~[server-1.19.2-20220805.130853-srg.jar%23137!/:?]
	at java.util.concurrent.CompletableFuture$UniAccept.tryFire(CompletableFuture.java:718) ~[?:?]
	at java.util.concurrent.CompletableFuture$Completion.run(CompletableFuture.java:482) ~[?:?]
	at net.minecraft.server.packs.resources.SimpleReloadInstance.m_143940_(SimpleReloadInstance.java:69) ~[server-1.19.2-20220805.130853-srg.jar%23137!/:?]
	at net.minecraft.Util.m_214652_(Util.java:781) ~[server-1.19.2-20220805.130853-srg.jar%23137!/:?]
	at net.minecraft.Util.m_214679_(Util.java:770) ~[server-1.19.2-20220805.130853-srg.jar%23137!/:?]
	at net.minecraft.server.Main.main(Main.java:157) ~[server-1.19.2-20220805.130853-srg.jar%23137!/:?]
	at jdk.internal.reflect.NativeMethodAccessorImpl.invoke0(Native Method) ~[?:?]
	at jdk.internal.reflect.NativeMethodAccessorImpl.invoke(NativeMethodAccessorImpl.java:77) ~[?:?]
	at jdk.internal.reflect.DelegatingMethodAccessorImpl.invoke(DelegatingMethodAccessorImpl.java:43) ~[?:?]
	at java.lang.reflect.Method.invoke(Method.java:569) ~[?:?]
	at net.minecraftforge.fml.loading.targets.CommonServerLaunchHandler.lambda$launchService$0(CommonServerLaunchHandler.java:29) ~[fmlloader-1.19.2-43.4.2.jar%2367!/:?]
	at cpw.mods.modlauncher.LaunchServiceHandlerDecorator.launch(LaunchServiceHandlerDecorator.java:30) [modlauncher-10.0.8.jar%2354!/:?]
	at cpw.mods.modlauncher.LaunchServiceHandler.launch(LaunchServiceHandler.java:53) [modlauncher-10.0.8.jar%2354!/:?]
	at cpw.mods.modlauncher.LaunchServiceHandler.launch(LaunchServiceHandler.java:71) [modlauncher-10.0.8.jar%2354!/:?]
	at cpw.mods.modlauncher.Launcher.run(Launcher.java:106) [modlauncher-10.0.8.jar%2354!/:?]
	at cpw.mods.modlauncher.Launcher.main(Launcher.java:77) [modlauncher-10.0.8.jar%2354!/:?]
	at cpw.mods.modlauncher.BootstrapLaunchConsumer.accept(BootstrapLaunchConsumer.java:26) [modlauncher-10.0.8.jar%2354!/:?]
	at cpw.mods.modlauncher.BootstrapLaunchConsumer.accept(BootstrapLaunchConsumer.java:23) [modlauncher-10.0.8.jar%2354!/:?]
	at cpw.mods.bootstraplauncher.BootstrapLauncher.main(BootstrapLauncher.java:141) [bootstraplauncher-1.1.2.jar:?]
[11Apr2025 16:50:53.486] [main/ERROR] [net.minecraft.world.item.crafting.RecipeManager/]: Parsing error loading recipe mekanism:enriching/conversion/sculk_stone/polished_slabs_to_cut
com.google.gson.JsonSyntaxException: Invalid or unsupported recipe type 'mekanism:enriching'
	at net.minecraft.world.item.crafting.RecipeManager.m_220253_(RecipeManager.java:170) ~[server-1.19.2-20220805.130853-srg.jar%23137!/:?]
	at java.util.Optional.orElseThrow(Optional.java:403) ~[?:?]
	at net.minecraft.world.item.crafting.RecipeManager.fromJson(RecipeManager.java:169) ~[server-1.19.2-20220805.130853-srg.jar%23137!/:?]
	at net.minecraft.world.item.crafting.RecipeManager.m_5787_(RecipeManager.java:67) ~[server-1.19.2-20220805.130853-srg.jar%23137!/:?]
	at net.minecraft.world.item.crafting.RecipeManager.m_5787_(RecipeManager.java:34) ~[server-1.19.2-20220805.130853-srg.jar%23137!/:?]
	at net.minecraft.server.packs.resources.SimplePreparableReloadListener.m_10789_(SimplePreparableReloadListener.java:13) ~[server-1.19.2-20220805.130853-srg.jar%23137!/:?]
	at java.util.concurrent.CompletableFuture$UniAccept.tryFire(CompletableFuture.java:718) ~[?:?]
	at java.util.concurrent.CompletableFuture$Completion.run(CompletableFuture.java:482) ~[?:?]
	at net.minecraft.server.packs.resources.SimpleReloadInstance.m_143940_(SimpleReloadInstance.java:69) ~[server-1.19.2-20220805.130853-srg.jar%23137!/:?]
	at net.minecraft.Util.m_214652_(Util.java:781) ~[server-1.19.2-20220805.130853-srg.jar%23137!/:?]
	at net.minecraft.Util.m_214679_(Util.java:770) ~[server-1.19.2-20220805.130853-srg.jar%23137!/:?]
	at net.minecraft.server.Main.main(Main.java:157) ~[server-1.19.2-20220805.130853-srg.jar%23137!/:?]
	at jdk.internal.reflect.NativeMethodAccessorImpl.invoke0(Native Method) ~[?:?]
	at jdk.internal.reflect.NativeMethodAccessorImpl.invoke(NativeMethodAccessorImpl.java:77) ~[?:?]
	at jdk.internal.reflect.DelegatingMethodAccessorImpl.invoke(DelegatingMethodAccessorImpl.java:43) ~[?:?]
	at java.lang.reflect.Method.invoke(Method.java:569) ~[?:?]
	at net.minecraftforge.fml.loading.targets.CommonServerLaunchHandler.lambda$launchService$0(CommonServerLaunchHandler.java:29) ~[fmlloader-1.19.2-43.4.2.jar%2367!/:?]
	at cpw.mods.modlauncher.LaunchServiceHandlerDecorator.launch(LaunchServiceHandlerDecorator.java:30) [modlauncher-10.0.8.jar%2354!/:?]
	at cpw.mods.modlauncher.LaunchServiceHandler.launch(LaunchServiceHandler.java:53) [modlauncher-10.0.8.jar%2354!/:?]
	at cpw.mods.modlauncher.LaunchServiceHandler.launch(LaunchServiceHandler.java:71) [modlauncher-10.0.8.jar%2354!/:?]
	at cpw.mods.modlauncher.Launcher.run(Launcher.java:106) [modlauncher-10.0.8.jar%2354!/:?]
	at cpw.mods.modlauncher.Launcher.main(Launcher.java:77) [modlauncher-10.0.8.jar%2354!/:?]
	at cpw.mods.modlauncher.BootstrapLaunchConsumer.accept(BootstrapLaunchConsumer.java:26) [modlauncher-10.0.8.jar%2354!/:?]
	at cpw.mods.modlauncher.BootstrapLaunchConsumer.accept(BootstrapLaunchConsumer.java:23) [modlauncher-10.0.8.jar%2354!/:?]
	at cpw.mods.bootstraplauncher.BootstrapLauncher.main(BootstrapLauncher.java:141) [bootstraplauncher-1.1.2.jar:?]
[11Apr2025 16:50:53.487] [main/ERROR] [net.minecraft.world.item.crafting.RecipeManager/]: Parsing error loading recipe mekanism:enriching/conversion/gloomslate/to_smooth
com.google.gson.JsonSyntaxException: Invalid or unsupported recipe type 'mekanism:enriching'
	at net.minecraft.world.item.crafting.RecipeManager.m_220253_(RecipeManager.java:170) ~[server-1.19.2-20220805.130853-srg.jar%23137!/:?]
	at java.util.Optional.orElseThrow(Optional.java:403) ~[?:?]
	at net.minecraft.world.item.crafting.RecipeManager.fromJson(RecipeManager.java:169) ~[server-1.19.2-20220805.130853-srg.jar%23137!/:?]
	at net.minecraft.world.item.crafting.RecipeManager.m_5787_(RecipeManager.java:67) ~[server-1.19.2-20220805.130853-srg.jar%23137!/:?]
	at net.minecraft.world.item.crafting.RecipeManager.m_5787_(RecipeManager.java:34) ~[server-1.19.2-20220805.130853-srg.jar%23137!/:?]
	at net.minecraft.server.packs.resources.SimplePreparableReloadListener.m_10789_(SimplePreparableReloadListener.java:13) ~[server-1.19.2-20220805.130853-srg.jar%23137!/:?]
	at java.util.concurrent.CompletableFuture$UniAccept.tryFire(CompletableFuture.java:718) ~[?:?]
	at java.util.concurrent.CompletableFuture$Completion.run(CompletableFuture.java:482) ~[?:?]
	at net.minecraft.server.packs.resources.SimpleReloadInstance.m_143940_(SimpleReloadInstance.java:69) ~[server-1.19.2-20220805.130853-srg.jar%23137!/:?]
	at net.minecraft.Util.m_214652_(Util.java:781) ~[server-1.19.2-20220805.130853-srg.jar%23137!/:?]
	at net.minecraft.Util.m_214679_(Util.java:770) ~[server-1.19.2-20220805.130853-srg.jar%23137!/:?]
	at net.minecraft.server.Main.main(Main.java:157) ~[server-1.19.2-20220805.130853-srg.jar%23137!/:?]
	at jdk.internal.reflect.NativeMethodAccessorImpl.invoke0(Native Method) ~[?:?]
	at jdk.internal.reflect.NativeMethodAccessorImpl.invoke(NativeMethodAccessorImpl.java:77) ~[?:?]
	at jdk.internal.reflect.DelegatingMethodAccessorImpl.invoke(DelegatingMethodAccessorImpl.java:43) ~[?:?]
	at java.lang.reflect.Method.invoke(Method.java:569) ~[?:?]
	at net.minecraftforge.fml.loading.targets.CommonServerLaunchHandler.lambda$launchService$0(CommonServerLaunchHandler.java:29) ~[fmlloader-1.19.2-43.4.2.jar%2367!/:?]
	at cpw.mods.modlauncher.LaunchServiceHandlerDecorator.launch(LaunchServiceHandlerDecorator.java:30) [modlauncher-10.0.8.jar%2354!/:?]
	at cpw.mods.modlauncher.LaunchServiceHandler.launch(LaunchServiceHandler.java:53) [modlauncher-10.0.8.jar%2354!/:?]
	at cpw.mods.modlauncher.LaunchServiceHandler.launch(LaunchServiceHandler.java:71) [modlauncher-10.0.8.jar%2354!/:?]
	at cpw.mods.modlauncher.Launcher.run(Launcher.java:106) [modlauncher-10.0.8.jar%2354!/:?]
	at cpw.mods.modlauncher.Launcher.main(Launcher.java:77) [modlauncher-10.0.8.jar%2354!/:?]
	at cpw.mods.modlauncher.BootstrapLaunchConsumer.accept(BootstrapLaunchConsumer.java:26) [modlauncher-10.0.8.jar%2354!/:?]
	at cpw.mods.modlauncher.BootstrapLaunchConsumer.accept(BootstrapLaunchConsumer.java:23) [modlauncher-10.0.8.jar%2354!/:?]
	at cpw.mods.bootstraplauncher.BootstrapLauncher.main(BootstrapLauncher.java:141) [bootstraplauncher-1.1.2.jar:?]
[11Apr2025 16:50:53.490] [main/ERROR] [net.minecraft.world.item.crafting.RecipeManager/]: Parsing error loading recipe mekanism:enriching/conversion/sculk_stone/wall_to_smooth
com.google.gson.JsonSyntaxException: Invalid or unsupported recipe type 'mekanism:enriching'
	at net.minecraft.world.item.crafting.RecipeManager.m_220253_(RecipeManager.java:170) ~[server-1.19.2-20220805.130853-srg.jar%23137!/:?]
	at java.util.Optional.orElseThrow(Optional.java:403) ~[?:?]
	at net.minecraft.world.item.crafting.RecipeManager.fromJson(RecipeManager.java:169) ~[server-1.19.2-20220805.130853-srg.jar%23137!/:?]
	at net.minecraft.world.item.crafting.RecipeManager.m_5787_(RecipeManager.java:67) ~[server-1.19.2-20220805.130853-srg.jar%23137!/:?]
	at net.minecraft.world.item.crafting.RecipeManager.m_5787_(RecipeManager.java:34) ~[server-1.19.2-20220805.130853-srg.jar%23137!/:?]
	at net.minecraft.server.packs.resources.SimplePreparableReloadListener.m_10789_(SimplePreparableReloadListener.java:13) ~[server-1.19.2-20220805.130853-srg.jar%23137!/:?]
	at java.util.concurrent.CompletableFuture$UniAccept.tryFire(CompletableFuture.java:718) ~[?:?]
	at java.util.concurrent.CompletableFuture$Completion.run(CompletableFuture.java:482) ~[?:?]
	at net.minecraft.server.packs.resources.SimpleReloadInstance.m_143940_(SimpleReloadInstance.java:69) ~[server-1.19.2-20220805.130853-srg.jar%23137!/:?]
	at net.minecraft.Util.m_214652_(Util.java:781) ~[server-1.19.2-20220805.130853-srg.jar%23137!/:?]
	at net.minecraft.Util.m_214679_(Util.java:770) ~[server-1.19.2-20220805.130853-srg.jar%23137!/:?]
	at net.minecraft.server.Main.main(Main.java:157) ~[server-1.19.2-20220805.130853-srg.jar%23137!/:?]
	at jdk.internal.reflect.NativeMethodAccessorImpl.invoke0(Native Method) ~[?:?]
	at jdk.internal.reflect.NativeMethodAccessorImpl.invoke(NativeMethodAccessorImpl.java:77) ~[?:?]
	at jdk.internal.reflect.DelegatingMethodAccessorImpl.invoke(DelegatingMethodAccessorImpl.java:43) ~[?:?]
	at java.lang.reflect.Method.invoke(Method.java:569) ~[?:?]
	at net.minecraftforge.fml.loading.targets.CommonServerLaunchHandler.lambda$launchService$0(CommonServerLaunchHandler.java:29) ~[fmlloader-1.19.2-43.4.2.jar%2367!/:?]
	at cpw.mods.modlauncher.LaunchServiceHandlerDecorator.launch(LaunchServiceHandlerDecorator.java:30) [modlauncher-10.0.8.jar%2354!/:?]
	at cpw.mods.modlauncher.LaunchServiceHandler.launch(LaunchServiceHandler.java:53) [modlauncher-10.0.8.jar%2354!/:?]
	at cpw.mods.modlauncher.LaunchServiceHandler.launch(LaunchServiceHandler.java:71) [modlauncher-10.0.8.jar%2354!/:?]
	at cpw.mods.modlauncher.Launcher.run(Launcher.java:106) [modlauncher-10.0.8.jar%2354!/:?]
	at cpw.mods.modlauncher.Launcher.main(Launcher.java:77) [modlauncher-10.0.8.jar%2354!/:?]
	at cpw.mods.modlauncher.BootstrapLaunchConsumer.accept(BootstrapLaunchConsumer.java:26) [modlauncher-10.0.8.jar%2354!/:?]
	at cpw.mods.modlauncher.BootstrapLaunchConsumer.accept(BootstrapLaunchConsumer.java:23) [modlauncher-10.0.8.jar%2354!/:?]
	at cpw.mods.bootstraplauncher.BootstrapLauncher.main(BootstrapLauncher.java:141) [bootstraplauncher-1.1.2.jar:?]
[11Apr2025 16:50:53.491] [main/ERROR] [net.minecraft.world.item.crafting.RecipeManager/]: Parsing error loading recipe create:crushing/sculk_stone_redstone_ore
com.google.gson.JsonSyntaxException: Invalid or unsupported recipe type 'create:crushing'
	at net.minecraft.world.item.crafting.RecipeManager.m_220253_(RecipeManager.java:170) ~[server-1.19.2-20220805.130853-srg.jar%23137!/:?]
	at java.util.Optional.orElseThrow(Optional.java:403) ~[?:?]
	at net.minecraft.world.item.crafting.RecipeManager.fromJson(RecipeManager.java:169) ~[server-1.19.2-20220805.130853-srg.jar%23137!/:?]
	at net.minecraft.world.item.crafting.RecipeManager.m_5787_(RecipeManager.java:67) ~[server-1.19.2-20220805.130853-srg.jar%23137!/:?]
	at net.minecraft.world.item.crafting.RecipeManager.m_5787_(RecipeManager.java:34) ~[server-1.19.2-20220805.130853-srg.jar%23137!/:?]
	at net.minecraft.server.packs.resources.SimplePreparableReloadListener.m_10789_(SimplePreparableReloadListener.java:13) ~[server-1.19.2-20220805.130853-srg.jar%23137!/:?]
	at java.util.concurrent.CompletableFuture$UniAccept.tryFire(CompletableFuture.java:718) ~[?:?]
	at java.util.concurrent.CompletableFuture$Completion.run(CompletableFuture.java:482) ~[?:?]
	at net.minecraft.server.packs.resources.SimpleReloadInstance.m_143940_(SimpleReloadInstance.java:69) ~[server-1.19.2-20220805.130853-srg.jar%23137!/:?]
	at net.minecraft.Util.m_214652_(Util.java:781) ~[server-1.19.2-20220805.130853-srg.jar%23137!/:?]
	at net.minecraft.Util.m_214679_(Util.java:770) ~[server-1.19.2-20220805.130853-srg.jar%23137!/:?]
	at net.minecraft.server.Main.main(Main.java:157) ~[server-1.19.2-20220805.130853-srg.jar%23137!/:?]
	at jdk.internal.reflect.NativeMethodAccessorImpl.invoke0(Native Method) ~[?:?]
	at jdk.internal.reflect.NativeMethodAccessorImpl.invoke(NativeMethodAccessorImpl.java:77) ~[?:?]
	at jdk.internal.reflect.DelegatingMethodAccessorImpl.invoke(DelegatingMethodAccessorImpl.java:43) ~[?:?]
	at java.lang.reflect.Method.invoke(Method.java:569) ~[?:?]
	at net.minecraftforge.fml.loading.targets.CommonServerLaunchHandler.lambda$launchService$0(CommonServerLaunchHandler.java:29) ~[fmlloader-1.19.2-43.4.2.jar%2367!/:?]
	at cpw.mods.modlauncher.LaunchServiceHandlerDecorator.launch(LaunchServiceHandlerDecorator.java:30) [modlauncher-10.0.8.jar%2354!/:?]
	at cpw.mods.modlauncher.LaunchServiceHandler.launch(LaunchServiceHandler.java:53) [modlauncher-10.0.8.jar%2354!/:?]
	at cpw.mods.modlauncher.LaunchServiceHandler.launch(LaunchServiceHandler.java:71) [modlauncher-10.0.8.jar%2354!/:?]
	at cpw.mods.modlauncher.Launcher.run(Launcher.java:106) [modlauncher-10.0.8.jar%2354!/:?]
	at cpw.mods.modlauncher.Launcher.main(Launcher.java:77) [modlauncher-10.0.8.jar%2354!/:?]
	at cpw.mods.modlauncher.BootstrapLaunchConsumer.accept(BootstrapLaunchConsumer.java:26) [modlauncher-10.0.8.jar%2354!/:?]
	at cpw.mods.modlauncher.BootstrapLaunchConsumer.accept(BootstrapLaunchConsumer.java:23) [modlauncher-10.0.8.jar%2354!/:?]
	at cpw.mods.bootstraplauncher.BootstrapLauncher.main(BootstrapLauncher.java:141) [bootstraplauncher-1.1.2.jar:?]
[11Apr2025 16:50:53.493] [main/ERROR] [net.minecraft.world.item.crafting.RecipeManager/]: Parsing error loading recipe mekanism:crushing/gloomslate/polished_wall_to_brick
com.google.gson.JsonSyntaxException: Invalid or unsupported recipe type 'mekanism:crushing'
	at net.minecraft.world.item.crafting.RecipeManager.m_220253_(RecipeManager.java:170) ~[server-1.19.2-20220805.130853-srg.jar%23137!/:?]
	at java.util.Optional.orElseThrow(Optional.java:403) ~[?:?]
	at net.minecraft.world.item.crafting.RecipeManager.fromJson(RecipeManager.java:169) ~[server-1.19.2-20220805.130853-srg.jar%23137!/:?]
	at net.minecraft.world.item.crafting.RecipeManager.m_5787_(RecipeManager.java:67) ~[server-1.19.2-20220805.130853-srg.jar%23137!/:?]
	at net.minecraft.world.item.crafting.RecipeManager.m_5787_(RecipeManager.java:34) ~[server-1.19.2-20220805.130853-srg.jar%23137!/:?]
	at net.minecraft.server.packs.resources.SimplePreparableReloadListener.m_10789_(SimplePreparableReloadListener.java:13) ~[server-1.19.2-20220805.130853-srg.jar%23137!/:?]
	at java.util.concurrent.CompletableFuture$UniAccept.tryFire(CompletableFuture.java:718) ~[?:?]
	at java.util.concurrent.CompletableFuture$Completion.run(CompletableFuture.java:482) ~[?:?]
	at net.minecraft.server.packs.resources.SimpleReloadInstance.m_143940_(SimpleReloadInstance.java:69) ~[server-1.19.2-20220805.130853-srg.jar%23137!/:?]
	at net.minecraft.Util.m_214652_(Util.java:781) ~[server-1.19.2-20220805.130853-srg.jar%23137!/:?]
	at net.minecraft.Util.m_214679_(Util.java:770) ~[server-1.19.2-20220805.130853-srg.jar%23137!/:?]
	at net.minecraft.server.Main.main(Main.java:157) ~[server-1.19.2-20220805.130853-srg.jar%23137!/:?]
	at jdk.internal.reflect.NativeMethodAccessorImpl.invoke0(Native Method) ~[?:?]
	at jdk.internal.reflect.NativeMethodAccessorImpl.invoke(NativeMethodAccessorImpl.java:77) ~[?:?]
	at jdk.internal.reflect.DelegatingMethodAccessorImpl.invoke(DelegatingMethodAccessorImpl.java:43) ~[?:?]
	at java.lang.reflect.Method.invoke(Method.java:569) ~[?:?]
	at net.minecraftforge.fml.loading.targets.CommonServerLaunchHandler.lambda$launchService$0(CommonServerLaunchHandler.java:29) ~[fmlloader-1.19.2-43.4.2.jar%2367!/:?]
	at cpw.mods.modlauncher.LaunchServiceHandlerDecorator.launch(LaunchServiceHandlerDecorator.java:30) [modlauncher-10.0.8.jar%2354!/:?]
	at cpw.mods.modlauncher.LaunchServiceHandler.launch(LaunchServiceHandler.java:53) [modlauncher-10.0.8.jar%2354!/:?]
	at cpw.mods.modlauncher.LaunchServiceHandler.launch(LaunchServiceHandler.java:71) [modlauncher-10.0.8.jar%2354!/:?]
	at cpw.mods.modlauncher.Launcher.run(Launcher.java:106) [modlauncher-10.0.8.jar%2354!/:?]
	at cpw.mods.modlauncher.Launcher.main(Launcher.java:77) [modlauncher-10.0.8.jar%2354!/:?]
	at cpw.mods.modlauncher.BootstrapLaunchConsumer.accept(BootstrapLaunchConsumer.java:26) [modlauncher-10.0.8.jar%2354!/:?]
	at cpw.mods.modlauncher.BootstrapLaunchConsumer.accept(BootstrapLaunchConsumer.java:23) [modlauncher-10.0.8.jar%2354!/:?]
	at cpw.mods.bootstraplauncher.BootstrapLauncher.main(BootstrapLauncher.java:141) [bootstraplauncher-1.1.2.jar:?]
[11Apr2025 16:50:53.495] [main/ERROR] [net.minecraft.world.item.crafting.RecipeManager/]: Parsing error loading recipe mekanism:enriching/conversion/gloomslate/cut_wall_to_smooth
com.google.gson.JsonSyntaxException: Invalid or unsupported recipe type 'mekanism:enriching'
	at net.minecraft.world.item.crafting.RecipeManager.m_220253_(RecipeManager.java:170) ~[server-1.19.2-20220805.130853-srg.jar%23137!/:?]
	at java.util.Optional.orElseThrow(Optional.java:403) ~[?:?]
	at net.minecraft.world.item.crafting.RecipeManager.fromJson(RecipeManager.java:169) ~[server-1.19.2-20220805.130853-srg.jar%23137!/:?]
	at net.minecraft.world.item.crafting.RecipeManager.m_5787_(RecipeManager.java:67) ~[server-1.19.2-20220805.130853-srg.jar%23137!/:?]
	at net.minecraft.world.item.crafting.RecipeManager.m_5787_(RecipeManager.java:34) ~[server-1.19.2-20220805.130853-srg.jar%23137!/:?]
	at net.minecraft.server.packs.resources.SimplePreparableReloadListener.m_10789_(SimplePreparableReloadListener.java:13) ~[server-1.19.2-20220805.130853-srg.jar%23137!/:?]
	at java.util.concurrent.CompletableFuture$UniAccept.tryFire(CompletableFuture.java:718) ~[?:?]
	at java.util.concurrent.CompletableFuture$Completion.run(CompletableFuture.java:482) ~[?:?]
	at net.minecraft.server.packs.resources.SimpleReloadInstance.m_143940_(SimpleReloadInstance.java:69) ~[server-1.19.2-20220805.130853-srg.jar%23137!/:?]
	at net.minecraft.Util.m_214652_(Util.java:781) ~[server-1.19.2-20220805.130853-srg.jar%23137!/:?]
	at net.minecraft.Util.m_214679_(Util.java:770) ~[server-1.19.2-20220805.130853-srg.jar%23137!/:?]
	at net.minecraft.server.Main.main(Main.java:157) ~[server-1.19.2-20220805.130853-srg.jar%23137!/:?]
	at jdk.internal.reflect.NativeMethodAccessorImpl.invoke0(Native Method) ~[?:?]
	at jdk.internal.reflect.NativeMethodAccessorImpl.invoke(NativeMethodAccessorImpl.java:77) ~[?:?]
	at jdk.internal.reflect.DelegatingMethodAccessorImpl.invoke(DelegatingMethodAccessorImpl.java:43) ~[?:?]
	at java.lang.reflect.Method.invoke(Method.java:569) ~[?:?]
	at net.minecraftforge.fml.loading.targets.CommonServerLaunchHandler.lambda$launchService$0(CommonServerLaunchHandler.java:29) ~[fmlloader-1.19.2-43.4.2.jar%2367!/:?]
	at cpw.mods.modlauncher.LaunchServiceHandlerDecorator.launch(LaunchServiceHandlerDecorator.java:30) [modlauncher-10.0.8.jar%2354!/:?]
	at cpw.mods.modlauncher.LaunchServiceHandler.launch(LaunchServiceHandler.java:53) [modlauncher-10.0.8.jar%2354!/:?]
	at cpw.mods.modlauncher.LaunchServiceHandler.launch(LaunchServiceHandler.java:71) [modlauncher-10.0.8.jar%2354!/:?]
	at cpw.mods.modlauncher.Launcher.run(Launcher.java:106) [modlauncher-10.0.8.jar%2354!/:?]
	at cpw.mods.modlauncher.Launcher.main(Launcher.java:77) [modlauncher-10.0.8.jar%2354!/:?]
	at cpw.mods.modlauncher.BootstrapLaunchConsumer.accept(BootstrapLaunchConsumer.java:26) [modlauncher-10.0.8.jar%2354!/:?]
	at cpw.mods.modlauncher.BootstrapLaunchConsumer.accept(BootstrapLaunchConsumer.java:23) [modlauncher-10.0.8.jar%2354!/:?]
	at cpw.mods.bootstraplauncher.BootstrapLauncher.main(BootstrapLauncher.java:141) [bootstraplauncher-1.1.2.jar:?]
[11Apr2025 16:50:53.496] [main/ERROR] [net.minecraft.world.item.crafting.RecipeManager/]: Parsing error loading recipe deeperdarker:sculk_affinity
com.google.gson.JsonSyntaxException: Invalid or unsupported recipe type 'jeed:effect_provider'
	at net.minecraft.world.item.crafting.RecipeManager.m_220253_(RecipeManager.java:170) ~[server-1.19.2-20220805.130853-srg.jar%23137!/:?]
	at java.util.Optional.orElseThrow(Optional.java:403) ~[?:?]
	at net.minecraft.world.item.crafting.RecipeManager.fromJson(RecipeManager.java:169) ~[server-1.19.2-20220805.130853-srg.jar%23137!/:?]
	at net.minecraft.world.item.crafting.RecipeManager.m_5787_(RecipeManager.java:67) ~[server-1.19.2-20220805.130853-srg.jar%23137!/:?]
	at net.minecraft.world.item.crafting.RecipeManager.m_5787_(RecipeManager.java:34) ~[server-1.19.2-20220805.130853-srg.jar%23137!/:?]
	at net.minecraft.server.packs.resources.SimplePreparableReloadListener.m_10789_(SimplePreparableReloadListener.java:13) ~[server-1.19.2-20220805.130853-srg.jar%23137!/:?]
	at java.util.concurrent.CompletableFuture$UniAccept.tryFire(CompletableFuture.java:718) ~[?:?]
	at java.util.concurrent.CompletableFuture$Completion.run(CompletableFuture.java:482) ~[?:?]
	at net.minecraft.server.packs.resources.SimpleReloadInstance.m_143940_(SimpleReloadInstance.java:69) ~[server-1.19.2-20220805.130853-srg.jar%23137!/:?]
	at net.minecraft.Util.m_214652_(Util.java:781) ~[server-1.19.2-20220805.130853-srg.jar%23137!/:?]
	at net.minecraft.Util.m_214679_(Util.java:770) ~[server-1.19.2-20220805.130853-srg.jar%23137!/:?]
	at net.minecraft.server.Main.main(Main.java:157) ~[server-1.19.2-20220805.130853-srg.jar%23137!/:?]
	at jdk.internal.reflect.NativeMethodAccessorImpl.invoke0(Native Method) ~[?:?]
	at jdk.internal.reflect.NativeMethodAccessorImpl.invoke(NativeMethodAccessorImpl.java:77) ~[?:?]
	at jdk.internal.reflect.DelegatingMethodAccessorImpl.invoke(DelegatingMethodAccessorImpl.java:43) ~[?:?]
	at java.lang.reflect.Method.invoke(Method.java:569) ~[?:?]
	at net.minecraftforge.fml.loading.targets.CommonServerLaunchHandler.lambda$launchService$0(CommonServerLaunchHandler.java:29) ~[fmlloader-1.19.2-43.4.2.jar%2367!/:?]
	at cpw.mods.modlauncher.LaunchServiceHandlerDecorator.launch(LaunchServiceHandlerDecorator.java:30) [modlauncher-10.0.8.jar%2354!/:?]
	at cpw.mods.modlauncher.LaunchServiceHandler.launch(LaunchServiceHandler.java:53) [modlauncher-10.0.8.jar%2354!/:?]
	at cpw.mods.modlauncher.LaunchServiceHandler.launch(LaunchServiceHandler.java:71) [modlauncher-10.0.8.jar%2354!/:?]
	at cpw.mods.modlauncher.Launcher.run(Launcher.java:106) [modlauncher-10.0.8.jar%2354!/:?]
	at cpw.mods.modlauncher.Launcher.main(Launcher.java:77) [modlauncher-10.0.8.jar%2354!/:?]
	at cpw.mods.modlauncher.BootstrapLaunchConsumer.accept(BootstrapLaunchConsumer.java:26) [modlauncher-10.0.8.jar%2354!/:?]
	at cpw.mods.modlauncher.BootstrapLaunchConsumer.accept(BootstrapLaunchConsumer.java:23) [modlauncher-10.0.8.jar%2354!/:?]
	at cpw.mods.bootstraplauncher.BootstrapLauncher.main(BootstrapLauncher.java:141) [bootstraplauncher-1.1.2.jar:?]
[11Apr2025 16:50:53.498] [main/ERROR] [net.minecraft.world.item.crafting.RecipeManager/]: Parsing error loading recipe create:cutting/stripped_echo_log
com.google.gson.JsonSyntaxException: Invalid or unsupported recipe type 'create:cutting'
	at net.minecraft.world.item.crafting.RecipeManager.m_220253_(RecipeManager.java:170) ~[server-1.19.2-20220805.130853-srg.jar%23137!/:?]
	at java.util.Optional.orElseThrow(Optional.java:403) ~[?:?]
	at net.minecraft.world.item.crafting.RecipeManager.fromJson(RecipeManager.java:169) ~[server-1.19.2-20220805.130853-srg.jar%23137!/:?]
	at net.minecraft.world.item.crafting.RecipeManager.m_5787_(RecipeManager.java:67) ~[server-1.19.2-20220805.130853-srg.jar%23137!/:?]
	at net.minecraft.world.item.crafting.RecipeManager.m_5787_(RecipeManager.java:34) ~[server-1.19.2-20220805.130853-srg.jar%23137!/:?]
	at net.minecraft.server.packs.resources.SimplePreparableReloadListener.m_10789_(SimplePreparableReloadListener.java:13) ~[server-1.19.2-20220805.130853-srg.jar%23137!/:?]
	at java.util.concurrent.CompletableFuture$UniAccept.tryFire(CompletableFuture.java:718) ~[?:?]
	at java.util.concurrent.CompletableFuture$Completion.run(CompletableFuture.java:482) ~[?:?]
	at net.minecraft.server.packs.resources.SimpleReloadInstance.m_143940_(SimpleReloadInstance.java:69) ~[server-1.19.2-20220805.130853-srg.jar%23137!/:?]
	at net.minecraft.Util.m_214652_(Util.java:781) ~[server-1.19.2-20220805.130853-srg.jar%23137!/:?]
	at net.minecraft.Util.m_214679_(Util.java:770) ~[server-1.19.2-20220805.130853-srg.jar%23137!/:?]
	at net.minecraft.server.Main.main(Main.java:157) ~[server-1.19.2-20220805.130853-srg.jar%23137!/:?]
	at jdk.internal.reflect.NativeMethodAccessorImpl.invoke0(Native Method) ~[?:?]
	at jdk.internal.reflect.NativeMethodAccessorImpl.invoke(NativeMethodAccessorImpl.java:77) ~[?:?]
	at jdk.internal.reflect.DelegatingMethodAccessorImpl.invoke(DelegatingMethodAccessorImpl.java:43) ~[?:?]
	at java.lang.reflect.Method.invoke(Method.java:569) ~[?:?]
	at net.minecraftforge.fml.loading.targets.CommonServerLaunchHandler.lambda$launchService$0(CommonServerLaunchHandler.java:29) ~[fmlloader-1.19.2-43.4.2.jar%2367!/:?]
	at cpw.mods.modlauncher.LaunchServiceHandlerDecorator.launch(LaunchServiceHandlerDecorator.java:30) [modlauncher-10.0.8.jar%2354!/:?]
	at cpw.mods.modlauncher.LaunchServiceHandler.launch(LaunchServiceHandler.java:53) [modlauncher-10.0.8.jar%2354!/:?]
	at cpw.mods.modlauncher.LaunchServiceHandler.launch(LaunchServiceHandler.java:71) [modlauncher-10.0.8.jar%2354!/:?]
	at cpw.mods.modlauncher.Launcher.run(Launcher.java:106) [modlauncher-10.0.8.jar%2354!/:?]
	at cpw.mods.modlauncher.Launcher.main(Launcher.java:77) [modlauncher-10.0.8.jar%2354!/:?]
	at cpw.mods.modlauncher.BootstrapLaunchConsumer.accept(BootstrapLaunchConsumer.java:26) [modlauncher-10.0.8.jar%2354!/:?]
	at cpw.mods.modlauncher.BootstrapLaunchConsumer.accept(BootstrapLaunchConsumer.java:23) [modlauncher-10.0.8.jar%2354!/:?]
	at cpw.mods.bootstraplauncher.BootstrapLauncher.main(BootstrapLauncher.java:141) [bootstraplauncher-1.1.2.jar:?]
[11Apr2025 16:50:53.501] [main/ERROR] [net.minecraft.world.item.crafting.RecipeManager/]: Parsing error loading recipe mekanism:crushing/sculk_stone/polished_slabs_to_brick
com.google.gson.JsonSyntaxException: Invalid or unsupported recipe type 'mekanism:crushing'
	at net.minecraft.world.item.crafting.RecipeManager.m_220253_(RecipeManager.java:170) ~[server-1.19.2-20220805.130853-srg.jar%23137!/:?]
	at java.util.Optional.orElseThrow(Optional.java:403) ~[?:?]
	at net.minecraft.world.item.crafting.RecipeManager.fromJson(RecipeManager.java:169) ~[server-1.19.2-20220805.130853-srg.jar%23137!/:?]
	at net.minecraft.world.item.crafting.RecipeManager.m_5787_(RecipeManager.java:67) ~[server-1.19.2-20220805.130853-srg.jar%23137!/:?]
	at net.minecraft.world.item.crafting.RecipeManager.m_5787_(RecipeManager.java:34) ~[server-1.19.2-20220805.130853-srg.jar%23137!/:?]
	at net.minecraft.server.packs.resources.SimplePreparableReloadListener.m_10789_(SimplePreparableReloadListener.java:13) ~[server-1.19.2-20220805.130853-srg.jar%23137!/:?]
	at java.util.concurrent.CompletableFuture$UniAccept.tryFire(CompletableFuture.java:718) ~[?:?]
	at java.util.concurrent.CompletableFuture$Completion.run(CompletableFuture.java:482) ~[?:?]
	at net.minecraft.server.packs.resources.SimpleReloadInstance.m_143940_(SimpleReloadInstance.java:69) ~[server-1.19.2-20220805.130853-srg.jar%23137!/:?]
	at net.minecraft.Util.m_214652_(Util.java:781) ~[server-1.19.2-20220805.130853-srg.jar%23137!/:?]
	at net.minecraft.Util.m_214679_(Util.java:770) ~[server-1.19.2-20220805.130853-srg.jar%23137!/:?]
	at net.minecraft.server.Main.main(Main.java:157) ~[server-1.19.2-20220805.130853-srg.jar%23137!/:?]
	at jdk.internal.reflect.NativeMethodAccessorImpl.invoke0(Native Method) ~[?:?]
	at jdk.internal.reflect.NativeMethodAccessorImpl.invoke(NativeMethodAccessorImpl.java:77) ~[?:?]
	at jdk.internal.reflect.DelegatingMethodAccessorImpl.invoke(DelegatingMethodAccessorImpl.java:43) ~[?:?]
	at java.lang.reflect.Method.invoke(Method.java:569) ~[?:?]
	at net.minecraftforge.fml.loading.targets.CommonServerLaunchHandler.lambda$launchService$0(CommonServerLaunchHandler.java:29) ~[fmlloader-1.19.2-43.4.2.jar%2367!/:?]
	at cpw.mods.modlauncher.LaunchServiceHandlerDecorator.launch(LaunchServiceHandlerDecorator.java:30) [modlauncher-10.0.8.jar%2354!/:?]
	at cpw.mods.modlauncher.LaunchServiceHandler.launch(LaunchServiceHandler.java:53) [modlauncher-10.0.8.jar%2354!/:?]
	at cpw.mods.modlauncher.LaunchServiceHandler.launch(LaunchServiceHandler.java:71) [modlauncher-10.0.8.jar%2354!/:?]
	at cpw.mods.modlauncher.Launcher.run(Launcher.java:106) [modlauncher-10.0.8.jar%2354!/:?]
	at cpw.mods.modlauncher.Launcher.main(Launcher.java:77) [modlauncher-10.0.8.jar%2354!/:?]
	at cpw.mods.modlauncher.BootstrapLaunchConsumer.accept(BootstrapLaunchConsumer.java:26) [modlauncher-10.0.8.jar%2354!/:?]
	at cpw.mods.modlauncher.BootstrapLaunchConsumer.accept(BootstrapLaunchConsumer.java:23) [modlauncher-10.0.8.jar%2354!/:?]
	at cpw.mods.bootstraplauncher.BootstrapLauncher.main(BootstrapLauncher.java:141) [bootstraplauncher-1.1.2.jar:?]
[11Apr2025 16:50:53.503] [main/ERROR] [net.minecraft.world.item.crafting.RecipeManager/]: Parsing error loading recipe mekanism:crushing/sculk_stone/tile_slabs_to_cobbled
com.google.gson.JsonSyntaxException: Invalid or unsupported recipe type 'mekanism:crushing'
	at net.minecraft.world.item.crafting.RecipeManager.m_220253_(RecipeManager.java:170) ~[server-1.19.2-20220805.130853-srg.jar%23137!/:?]
	at java.util.Optional.orElseThrow(Optional.java:403) ~[?:?]
	at net.minecraft.world.item.crafting.RecipeManager.fromJson(RecipeManager.java:169) ~[server-1.19.2-20220805.130853-srg.jar%23137!/:?]
	at net.minecraft.world.item.crafting.RecipeManager.m_5787_(RecipeManager.java:67) ~[server-1.19.2-20220805.130853-srg.jar%23137!/:?]
	at net.minecraft.world.item.crafting.RecipeManager.m_5787_(RecipeManager.java:34) ~[server-1.19.2-20220805.130853-srg.jar%23137!/:?]
	at net.minecraft.server.packs.resources.SimplePreparableReloadListener.m_10789_(SimplePreparableReloadListener.java:13) ~[server-1.19.2-20220805.130853-srg.jar%23137!/:?]
	at java.util.concurrent.CompletableFuture$UniAccept.tryFire(CompletableFuture.java:718) ~[?:?]
	at java.util.concurrent.CompletableFuture$Completion.run(CompletableFuture.java:482) ~[?:?]
	at net.minecraft.server.packs.resources.SimpleReloadInstance.m_143940_(SimpleReloadInstance.java:69) ~[server-1.19.2-20220805.130853-srg.jar%23137!/:?]
	at net.minecraft.Util.m_214652_(Util.java:781) ~[server-1.19.2-20220805.130853-srg.jar%23137!/:?]
	at net.minecraft.Util.m_214679_(Util.java:770) ~[server-1.19.2-20220805.130853-srg.jar%23137!/:?]
	at net.minecraft.server.Main.main(Main.java:157) ~[server-1.19.2-20220805.130853-srg.jar%23137!/:?]
	at jdk.internal.reflect.NativeMethodAccessorImpl.invoke0(Native Method) ~[?:?]
	at jdk.internal.reflect.NativeMethodAccessorImpl.invoke(NativeMethodAccessorImpl.java:77) ~[?:?]
	at jdk.internal.reflect.DelegatingMethodAccessorImpl.invoke(DelegatingMethodAccessorImpl.java:43) ~[?:?]
	at java.lang.reflect.Method.invoke(Method.java:569) ~[?:?]
	at net.minecraftforge.fml.loading.targets.CommonServerLaunchHandler.lambda$launchService$0(CommonServerLaunchHandler.java:29) ~[fmlloader-1.19.2-43.4.2.jar%2367!/:?]
	at cpw.mods.modlauncher.LaunchServiceHandlerDecorator.launch(LaunchServiceHandlerDecorator.java:30) [modlauncher-10.0.8.jar%2354!/:?]
	at cpw.mods.modlauncher.LaunchServiceHandler.launch(LaunchServiceHandler.java:53) [modlauncher-10.0.8.jar%2354!/:?]
	at cpw.mods.modlauncher.LaunchServiceHandler.launch(LaunchServiceHandler.java:71) [modlauncher-10.0.8.jar%2354!/:?]
	at cpw.mods.modlauncher.Launcher.run(Launcher.java:106) [modlauncher-10.0.8.jar%2354!/:?]
	at cpw.mods.modlauncher.Launcher.main(Launcher.java:77) [modlauncher-10.0.8.jar%2354!/:?]
	at cpw.mods.modlauncher.BootstrapLaunchConsumer.accept(BootstrapLaunchConsumer.java:26) [modlauncher-10.0.8.jar%2354!/:?]
	at cpw.mods.modlauncher.BootstrapLaunchConsumer.accept(BootstrapLaunchConsumer.java:23) [modlauncher-10.0.8.jar%2354!/:?]
	at cpw.mods.bootstraplauncher.BootstrapLauncher.main(BootstrapLauncher.java:141) [bootstraplauncher-1.1.2.jar:?]
[11Apr2025 16:50:53.507] [main/ERROR] [net.minecraft.world.item.crafting.RecipeManager/]: Parsing error loading recipe mekanism:enriching/conversion/gloomslate/cut_stairs_to_smooth
com.google.gson.JsonSyntaxException: Invalid or unsupported recipe type 'mekanism:enriching'
	at net.minecraft.world.item.crafting.RecipeManager.m_220253_(RecipeManager.java:170) ~[server-1.19.2-20220805.130853-srg.jar%23137!/:?]
	at java.util.Optional.orElseThrow(Optional.java:403) ~[?:?]
	at net.minecraft.world.item.crafting.RecipeManager.fromJson(RecipeManager.java:169) ~[server-1.19.2-20220805.130853-srg.jar%23137!/:?]
	at net.minecraft.world.item.crafting.RecipeManager.m_5787_(RecipeManager.java:67) ~[server-1.19.2-20220805.130853-srg.jar%23137!/:?]
	at net.minecraft.world.item.crafting.RecipeManager.m_5787_(RecipeManager.java:34) ~[server-1.19.2-20220805.130853-srg.jar%23137!/:?]
	at net.minecraft.server.packs.resources.SimplePreparableReloadListener.m_10789_(SimplePreparableReloadListener.java:13) ~[server-1.19.2-20220805.130853-srg.jar%23137!/:?]
	at java.util.concurrent.CompletableFuture$UniAccept.tryFire(CompletableFuture.java:718) ~[?:?]
	at java.util.concurrent.CompletableFuture$Completion.run(CompletableFuture.java:482) ~[?:?]
	at net.minecraft.server.packs.resources.SimpleReloadInstance.m_143940_(SimpleReloadInstance.java:69) ~[server-1.19.2-20220805.130853-srg.jar%23137!/:?]
	at net.minecraft.Util.m_214652_(Util.java:781) ~[server-1.19.2-20220805.130853-srg.jar%23137!/:?]
	at net.minecraft.Util.m_214679_(Util.java:770) ~[server-1.19.2-20220805.130853-srg.jar%23137!/:?]
	at net.minecraft.server.Main.main(Main.java:157) ~[server-1.19.2-20220805.130853-srg.jar%23137!/:?]
	at jdk.internal.reflect.NativeMethodAccessorImpl.invoke0(Native Method) ~[?:?]
	at jdk.internal.reflect.NativeMethodAccessorImpl.invoke(NativeMethodAccessorImpl.java:77) ~[?:?]
	at jdk.internal.reflect.DelegatingMethodAccessorImpl.invoke(DelegatingMethodAccessorImpl.java:43) ~[?:?]
	at java.lang.reflect.Method.invoke(Method.java:569) ~[?:?]
	at net.minecraftforge.fml.loading.targets.CommonServerLaunchHandler.lambda$launchService$0(CommonServerLaunchHandler.java:29) ~[fmlloader-1.19.2-43.4.2.jar%2367!/:?]
	at cpw.mods.modlauncher.LaunchServiceHandlerDecorator.launch(LaunchServiceHandlerDecorator.java:30) [modlauncher-10.0.8.jar%2354!/:?]
	at cpw.mods.modlauncher.LaunchServiceHandler.launch(LaunchServiceHandler.java:53) [modlauncher-10.0.8.jar%2354!/:?]
	at cpw.mods.modlauncher.LaunchServiceHandler.launch(LaunchServiceHandler.java:71) [modlauncher-10.0.8.jar%2354!/:?]
	at cpw.mods.modlauncher.Launcher.run(Launcher.java:106) [modlauncher-10.0.8.jar%2354!/:?]
	at cpw.mods.modlauncher.Launcher.main(Launcher.java:77) [modlauncher-10.0.8.jar%2354!/:?]
	at cpw.mods.modlauncher.BootstrapLaunchConsumer.accept(BootstrapLaunchConsumer.java:26) [modlauncher-10.0.8.jar%2354!/:?]
	at cpw.mods.modlauncher.BootstrapLaunchConsumer.accept(BootstrapLaunchConsumer.java:23) [modlauncher-10.0.8.jar%2354!/:?]
	at cpw.mods.bootstraplauncher.BootstrapLauncher.main(BootstrapLauncher.java:141) [bootstraplauncher-1.1.2.jar:?]
[11Apr2025 16:50:53.508] [main/ERROR] [net.minecraft.world.item.crafting.RecipeManager/]: Parsing error loading recipe mekanism:crushing/gloomslate/cut_slabs_to_polished
com.google.gson.JsonSyntaxException: Invalid or unsupported recipe type 'mekanism:crushing'
	at net.minecraft.world.item.crafting.RecipeManager.m_220253_(RecipeManager.java:170) ~[server-1.19.2-20220805.130853-srg.jar%23137!/:?]
	at java.util.Optional.orElseThrow(Optional.java:403) ~[?:?]
	at net.minecraft.world.item.crafting.RecipeManager.fromJson(RecipeManager.java:169) ~[server-1.19.2-20220805.130853-srg.jar%23137!/:?]
	at net.minecraft.world.item.crafting.RecipeManager.m_5787_(RecipeManager.java:67) ~[server-1.19.2-20220805.130853-srg.jar%23137!/:?]
	at net.minecraft.world.item.crafting.RecipeManager.m_5787_(RecipeManager.java:34) ~[server-1.19.2-20220805.130853-srg.jar%23137!/:?]
	at net.minecraft.server.packs.resources.SimplePreparableReloadListener.m_10789_(SimplePreparableReloadListener.java:13) ~[server-1.19.2-20220805.130853-srg.jar%23137!/:?]
	at java.util.concurrent.CompletableFuture$UniAccept.tryFire(CompletableFuture.java:718) ~[?:?]
	at java.util.concurrent.CompletableFuture$Completion.run(CompletableFuture.java:482) ~[?:?]
	at net.minecraft.server.packs.resources.SimpleReloadInstance.m_143940_(SimpleReloadInstance.java:69) ~[server-1.19.2-20220805.130853-srg.jar%23137!/:?]
	at net.minecraft.Util.m_214652_(Util.java:781) ~[server-1.19.2-20220805.130853-srg.jar%23137!/:?]
	at net.minecraft.Util.m_214679_(Util.java:770) ~[server-1.19.2-20220805.130853-srg.jar%23137!/:?]
	at net.minecraft.server.Main.main(Main.java:157) ~[server-1.19.2-20220805.130853-srg.jar%23137!/:?]
	at jdk.internal.reflect.NativeMethodAccessorImpl.invoke0(Native Method) ~[?:?]
	at jdk.internal.reflect.NativeMethodAccessorImpl.invoke(NativeMethodAccessorImpl.java:77) ~[?:?]
	at jdk.internal.reflect.DelegatingMethodAccessorImpl.invoke(DelegatingMethodAccessorImpl.java:43) ~[?:?]
	at java.lang.reflect.Method.invoke(Method.java:569) ~[?:?]
	at net.minecraftforge.fml.loading.targets.CommonServerLaunchHandler.lambda$launchService$0(CommonServerLaunchHandler.java:29) ~[fmlloader-1.19.2-43.4.2.jar%2367!/:?]
	at cpw.mods.modlauncher.LaunchServiceHandlerDecorator.launch(LaunchServiceHandlerDecorator.java:30) [modlauncher-10.0.8.jar%2354!/:?]
	at cpw.mods.modlauncher.LaunchServiceHandler.launch(LaunchServiceHandler.java:53) [modlauncher-10.0.8.jar%2354!/:?]
	at cpw.mods.modlauncher.LaunchServiceHandler.launch(LaunchServiceHandler.java:71) [modlauncher-10.0.8.jar%2354!/:?]
	at cpw.mods.modlauncher.Launcher.run(Launcher.java:106) [modlauncher-10.0.8.jar%2354!/:?]
	at cpw.mods.modlauncher.Launcher.main(Launcher.java:77) [modlauncher-10.0.8.jar%2354!/:?]
	at cpw.mods.modlauncher.BootstrapLaunchConsumer.accept(BootstrapLaunchConsumer.java:26) [modlauncher-10.0.8.jar%2354!/:?]
	at cpw.mods.modlauncher.BootstrapLaunchConsumer.accept(BootstrapLaunchConsumer.java:23) [modlauncher-10.0.8.jar%2354!/:?]
	at cpw.mods.bootstraplauncher.BootstrapLauncher.main(BootstrapLauncher.java:141) [bootstraplauncher-1.1.2.jar:?]
[11Apr2025 16:50:53.510] [main/ERROR] [net.minecraft.world.item.crafting.RecipeManager/]: Parsing error loading recipe mekanism:enriching/conversion/gloomslate/polished_to_cut
com.google.gson.JsonSyntaxException: Invalid or unsupported recipe type 'mekanism:enriching'
	at net.minecraft.world.item.crafting.RecipeManager.m_220253_(RecipeManager.java:170) ~[server-1.19.2-20220805.130853-srg.jar%23137!/:?]
	at java.util.Optional.orElseThrow(Optional.java:403) ~[?:?]
	at net.minecraft.world.item.crafting.RecipeManager.fromJson(RecipeManager.java:169) ~[server-1.19.2-20220805.130853-srg.jar%23137!/:?]
	at net.minecraft.world.item.crafting.RecipeManager.m_5787_(RecipeManager.java:67) ~[server-1.19.2-20220805.130853-srg.jar%23137!/:?]
	at net.minecraft.world.item.crafting.RecipeManager.m_5787_(RecipeManager.java:34) ~[server-1.19.2-20220805.130853-srg.jar%23137!/:?]
	at net.minecraft.server.packs.resources.SimplePreparableReloadListener.m_10789_(SimplePreparableReloadListener.java:13) ~[server-1.19.2-20220805.130853-srg.jar%23137!/:?]
	at java.util.concurrent.CompletableFuture$UniAccept.tryFire(CompletableFuture.java:718) ~[?:?]
	at java.util.concurrent.CompletableFuture$Completion.run(CompletableFuture.java:482) ~[?:?]
	at net.minecraft.server.packs.resources.SimpleReloadInstance.m_143940_(SimpleReloadInstance.java:69) ~[server-1.19.2-20220805.130853-srg.jar%23137!/:?]
	at net.minecraft.Util.m_214652_(Util.java:781) ~[server-1.19.2-20220805.130853-srg.jar%23137!/:?]
	at net.minecraft.Util.m_214679_(Util.java:770) ~[server-1.19.2-20220805.130853-srg.jar%23137!/:?]
	at net.minecraft.server.Main.main(Main.java:157) ~[server-1.19.2-20220805.130853-srg.jar%23137!/:?]
	at jdk.internal.reflect.NativeMethodAccessorImpl.invoke0(Native Method) ~[?:?]
	at jdk.internal.reflect.NativeMethodAccessorImpl.invoke(NativeMethodAccessorImpl.java:77) ~[?:?]
	at jdk.internal.reflect.DelegatingMethodAccessorImpl.invoke(DelegatingMethodAccessorImpl.java:43) ~[?:?]
	at java.lang.reflect.Method.invoke(Method.java:569) ~[?:?]
	at net.minecraftforge.fml.loading.targets.CommonServerLaunchHandler.lambda$launchService$0(CommonServerLaunchHandler.java:29) ~[fmlloader-1.19.2-43.4.2.jar%2367!/:?]
	at cpw.mods.modlauncher.LaunchServiceHandlerDecorator.launch(LaunchServiceHandlerDecorator.java:30) [modlauncher-10.0.8.jar%2354!/:?]
	at cpw.mods.modlauncher.LaunchServiceHandler.launch(LaunchServiceHandler.java:53) [modlauncher-10.0.8.jar%2354!/:?]
	at cpw.mods.modlauncher.LaunchServiceHandler.launch(LaunchServiceHandler.java:71) [modlauncher-10.0.8.jar%2354!/:?]
	at cpw.mods.modlauncher.Launcher.run(Launcher.java:106) [modlauncher-10.0.8.jar%2354!/:?]
	at cpw.mods.modlauncher.Launcher.main(Launcher.java:77) [modlauncher-10.0.8.jar%2354!/:?]
	at cpw.mods.modlauncher.BootstrapLaunchConsumer.accept(BootstrapLaunchConsumer.java:26) [modlauncher-10.0.8.jar%2354!/:?]
	at cpw.mods.modlauncher.BootstrapLaunchConsumer.accept(BootstrapLaunchConsumer.java:23) [modlauncher-10.0.8.jar%2354!/:?]
	at cpw.mods.bootstraplauncher.BootstrapLauncher.main(BootstrapLauncher.java:141) [bootstraplauncher-1.1.2.jar:?]
[11Apr2025 16:50:53.512] [main/ERROR] [net.minecraft.world.item.crafting.RecipeManager/]: Parsing error loading recipe create:crushing/sculk_stone_lapis_ore
com.google.gson.JsonSyntaxException: Invalid or unsupported recipe type 'create:crushing'
	at net.minecraft.world.item.crafting.RecipeManager.m_220253_(RecipeManager.java:170) ~[server-1.19.2-20220805.130853-srg.jar%23137!/:?]
	at java.util.Optional.orElseThrow(Optional.java:403) ~[?:?]
	at net.minecraft.world.item.crafting.RecipeManager.fromJson(RecipeManager.java:169) ~[server-1.19.2-20220805.130853-srg.jar%23137!/:?]
	at net.minecraft.world.item.crafting.RecipeManager.m_5787_(RecipeManager.java:67) ~[server-1.19.2-20220805.130853-srg.jar%23137!/:?]
	at net.minecraft.world.item.crafting.RecipeManager.m_5787_(RecipeManager.java:34) ~[server-1.19.2-20220805.130853-srg.jar%23137!/:?]
	at net.minecraft.server.packs.resources.SimplePreparableReloadListener.m_10789_(SimplePreparableReloadListener.java:13) ~[server-1.19.2-20220805.130853-srg.jar%23137!/:?]
	at java.util.concurrent.CompletableFuture$UniAccept.tryFire(CompletableFuture.java:718) ~[?:?]
	at java.util.concurrent.CompletableFuture$Completion.run(CompletableFuture.java:482) ~[?:?]
	at net.minecraft.server.packs.resources.SimpleReloadInstance.m_143940_(SimpleReloadInstance.java:69) ~[server-1.19.2-20220805.130853-srg.jar%23137!/:?]
	at net.minecraft.Util.m_214652_(Util.java:781) ~[server-1.19.2-20220805.130853-srg.jar%23137!/:?]
	at net.minecraft.Util.m_214679_(Util.java:770) ~[server-1.19.2-20220805.130853-srg.jar%23137!/:?]
	at net.minecraft.server.Main.main(Main.java:157) ~[server-1.19.2-20220805.130853-srg.jar%23137!/:?]
	at jdk.internal.reflect.NativeMethodAccessorImpl.invoke0(Native Method) ~[?:?]
	at jdk.internal.reflect.NativeMethodAccessorImpl.invoke(NativeMethodAccessorImpl.java:77) ~[?:?]
	at jdk.internal.reflect.DelegatingMethodAccessorImpl.invoke(DelegatingMethodAccessorImpl.java:43) ~[?:?]
	at java.lang.reflect.Method.invoke(Method.java:569) ~[?:?]
	at net.minecraftforge.fml.loading.targets.CommonServerLaunchHandler.lambda$launchService$0(CommonServerLaunchHandler.java:29) ~[fmlloader-1.19.2-43.4.2.jar%2367!/:?]
	at cpw.mods.modlauncher.LaunchServiceHandlerDecorator.launch(LaunchServiceHandlerDecorator.java:30) [modlauncher-10.0.8.jar%2354!/:?]
	at cpw.mods.modlauncher.LaunchServiceHandler.launch(LaunchServiceHandler.java:53) [modlauncher-10.0.8.jar%2354!/:?]
	at cpw.mods.modlauncher.LaunchServiceHandler.launch(LaunchServiceHandler.java:71) [modlauncher-10.0.8.jar%2354!/:?]
	at cpw.mods.modlauncher.Launcher.run(Launcher.java:106) [modlauncher-10.0.8.jar%2354!/:?]
	at cpw.mods.modlauncher.Launcher.main(Launcher.java:77) [modlauncher-10.0.8.jar%2354!/:?]
	at cpw.mods.modlauncher.BootstrapLaunchConsumer.accept(BootstrapLaunchConsumer.java:26) [modlauncher-10.0.8.jar%2354!/:?]
	at cpw.mods.modlauncher.BootstrapLaunchConsumer.accept(BootstrapLaunchConsumer.java:23) [modlauncher-10.0.8.jar%2354!/:?]
	at cpw.mods.bootstraplauncher.BootstrapLauncher.main(BootstrapLauncher.java:141) [bootstraplauncher-1.1.2.jar:?]
[11Apr2025 16:50:53.515] [main/ERROR] [net.minecraft.world.item.crafting.RecipeManager/]: Parsing error loading recipe mekanism:sawing/boat/echo
com.google.gson.JsonSyntaxException: Invalid or unsupported recipe type 'mekanism:sawing'
	at net.minecraft.world.item.crafting.RecipeManager.m_220253_(RecipeManager.java:170) ~[server-1.19.2-20220805.130853-srg.jar%23137!/:?]
	at java.util.Optional.orElseThrow(Optional.java:403) ~[?:?]
	at net.minecraft.world.item.crafting.RecipeManager.fromJson(RecipeManager.java:169) ~[server-1.19.2-20220805.130853-srg.jar%23137!/:?]
	at net.minecraft.world.item.crafting.RecipeManager.m_5787_(RecipeManager.java:67) ~[server-1.19.2-20220805.130853-srg.jar%23137!/:?]
	at net.minecraft.world.item.crafting.RecipeManager.m_5787_(RecipeManager.java:34) ~[server-1.19.2-20220805.130853-srg.jar%23137!/:?]
	at net.minecraft.server.packs.resources.SimplePreparableReloadListener.m_10789_(SimplePreparableReloadListener.java:13) ~[server-1.19.2-20220805.130853-srg.jar%23137!/:?]
	at java.util.concurrent.CompletableFuture$UniAccept.tryFire(CompletableFuture.java:718) ~[?:?]
	at java.util.concurrent.CompletableFuture$Completion.run(CompletableFuture.java:482) ~[?:?]
	at net.minecraft.server.packs.resources.SimpleReloadInstance.m_143940_(SimpleReloadInstance.java:69) ~[server-1.19.2-20220805.130853-srg.jar%23137!/:?]
	at net.minecraft.Util.m_214652_(Util.java:781) ~[server-1.19.2-20220805.130853-srg.jar%23137!/:?]
	at net.minecraft.Util.m_214679_(Util.java:770) ~[server-1.19.2-20220805.130853-srg.jar%23137!/:?]
	at net.minecraft.server.Main.main(Main.java:157) ~[server-1.19.2-20220805.130853-srg.jar%23137!/:?]
	at jdk.internal.reflect.NativeMethodAccessorImpl.invoke0(Native Method) ~[?:?]
	at jdk.internal.reflect.NativeMethodAccessorImpl.invoke(NativeMethodAccessorImpl.java:77) ~[?:?]
	at jdk.internal.reflect.DelegatingMethodAccessorImpl.invoke(DelegatingMethodAccessorImpl.java:43) ~[?:?]
	at java.lang.reflect.Method.invoke(Method.java:569) ~[?:?]
	at net.minecraftforge.fml.loading.targets.CommonServerLaunchHandler.lambda$launchService$0(CommonServerLaunchHandler.java:29) ~[fmlloader-1.19.2-43.4.2.jar%2367!/:?]
	at cpw.mods.modlauncher.LaunchServiceHandlerDecorator.launch(LaunchServiceHandlerDecorator.java:30) [modlauncher-10.0.8.jar%2354!/:?]
	at cpw.mods.modlauncher.LaunchServiceHandler.launch(LaunchServiceHandler.java:53) [modlauncher-10.0.8.jar%2354!/:?]
	at cpw.mods.modlauncher.LaunchServiceHandler.launch(LaunchServiceHandler.java:71) [modlauncher-10.0.8.jar%2354!/:?]
	at cpw.mods.modlauncher.Launcher.run(Launcher.java:106) [modlauncher-10.0.8.jar%2354!/:?]
	at cpw.mods.modlauncher.Launcher.main(Launcher.java:77) [modlauncher-10.0.8.jar%2354!/:?]
	at cpw.mods.modlauncher.BootstrapLaunchConsumer.accept(BootstrapLaunchConsumer.java:26) [modlauncher-10.0.8.jar%2354!/:?]
	at cpw.mods.modlauncher.BootstrapLaunchConsumer.accept(BootstrapLaunchConsumer.java:23) [modlauncher-10.0.8.jar%2354!/:?]
	at cpw.mods.bootstraplauncher.BootstrapLauncher.main(BootstrapLauncher.java:141) [bootstraplauncher-1.1.2.jar:?]
[11Apr2025 16:50:53.518] [main/ERROR] [net.minecraft.world.item.crafting.RecipeManager/]: Parsing error loading recipe mekanism:enriching/conversion/gloomslate/polished_slabs_to_cut
com.google.gson.JsonSyntaxException: Invalid or unsupported recipe type 'mekanism:enriching'
	at net.minecraft.world.item.crafting.RecipeManager.m_220253_(RecipeManager.java:170) ~[server-1.19.2-20220805.130853-srg.jar%23137!/:?]
	at java.util.Optional.orElseThrow(Optional.java:403) ~[?:?]
	at net.minecraft.world.item.crafting.RecipeManager.fromJson(RecipeManager.java:169) ~[server-1.19.2-20220805.130853-srg.jar%23137!/:?]
	at net.minecraft.world.item.crafting.RecipeManager.m_5787_(RecipeManager.java:67) ~[server-1.19.2-20220805.130853-srg.jar%23137!/:?]
	at net.minecraft.world.item.crafting.RecipeManager.m_5787_(RecipeManager.java:34) ~[server-1.19.2-20220805.130853-srg.jar%23137!/:?]
	at net.minecraft.server.packs.resources.SimplePreparableReloadListener.m_10789_(SimplePreparableReloadListener.java:13) ~[server-1.19.2-20220805.130853-srg.jar%23137!/:?]
	at java.util.concurrent.CompletableFuture$UniAccept.tryFire(CompletableFuture.java:718) ~[?:?]
	at java.util.concurrent.CompletableFuture$Completion.run(CompletableFuture.java:482) ~[?:?]
	at net.minecraft.server.packs.resources.SimpleReloadInstance.m_143940_(SimpleReloadInstance.java:69) ~[server-1.19.2-20220805.130853-srg.jar%23137!/:?]
	at net.minecraft.Util.m_214652_(Util.java:781) ~[server-1.19.2-20220805.130853-srg.jar%23137!/:?]
	at net.minecraft.Util.m_214679_(Util.java:770) ~[server-1.19.2-20220805.130853-srg.jar%23137!/:?]
	at net.minecraft.server.Main.main(Main.java:157) ~[server-1.19.2-20220805.130853-srg.jar%23137!/:?]
	at jdk.internal.reflect.NativeMethodAccessorImpl.invoke0(Native Method) ~[?:?]
	at jdk.internal.reflect.NativeMethodAccessorImpl.invoke(NativeMethodAccessorImpl.java:77) ~[?:?]
	at jdk.internal.reflect.DelegatingMethodAccessorImpl.invoke(DelegatingMethodAccessorImpl.java:43) ~[?:?]
	at java.lang.reflect.Method.invoke(Method.java:569) ~[?:?]
	at net.minecraftforge.fml.loading.targets.CommonServerLaunchHandler.lambda$launchService$0(CommonServerLaunchHandler.java:29) ~[fmlloader-1.19.2-43.4.2.jar%2367!/:?]
	at cpw.mods.modlauncher.LaunchServiceHandlerDecorator.launch(LaunchServiceHandlerDecorator.java:30) [modlauncher-10.0.8.jar%2354!/:?]
	at cpw.mods.modlauncher.LaunchServiceHandler.launch(LaunchServiceHandler.java:53) [modlauncher-10.0.8.jar%2354!/:?]
	at cpw.mods.modlauncher.LaunchServiceHandler.launch(LaunchServiceHandler.java:71) [modlauncher-10.0.8.jar%2354!/:?]
	at cpw.mods.modlauncher.Launcher.run(Launcher.java:106) [modlauncher-10.0.8.jar%2354!/:?]
	at cpw.mods.modlauncher.Launcher.main(Launcher.java:77) [modlauncher-10.0.8.jar%2354!/:?]
	at cpw.mods.modlauncher.BootstrapLaunchConsumer.accept(BootstrapLaunchConsumer.java:26) [modlauncher-10.0.8.jar%2354!/:?]
	at cpw.mods.modlauncher.BootstrapLaunchConsumer.accept(BootstrapLaunchConsumer.java:23) [modlauncher-10.0.8.jar%2354!/:?]
	at cpw.mods.bootstraplauncher.BootstrapLauncher.main(BootstrapLauncher.java:141) [bootstraplauncher-1.1.2.jar:?]
[11Apr2025 16:50:53.519] [main/ERROR] [net.minecraft.world.item.crafting.RecipeManager/]: Parsing error loading recipe mekanism:enriching/conversion/gloomslate/from_cobbled_wall
com.google.gson.JsonSyntaxException: Invalid or unsupported recipe type 'mekanism:enriching'
	at net.minecraft.world.item.crafting.RecipeManager.m_220253_(RecipeManager.java:170) ~[server-1.19.2-20220805.130853-srg.jar%23137!/:?]
	at java.util.Optional.orElseThrow(Optional.java:403) ~[?:?]
	at net.minecraft.world.item.crafting.RecipeManager.fromJson(RecipeManager.java:169) ~[server-1.19.2-20220805.130853-srg.jar%23137!/:?]
	at net.minecraft.world.item.crafting.RecipeManager.m_5787_(RecipeManager.java:67) ~[server-1.19.2-20220805.130853-srg.jar%23137!/:?]
	at net.minecraft.world.item.crafting.RecipeManager.m_5787_(RecipeManager.java:34) ~[server-1.19.2-20220805.130853-srg.jar%23137!/:?]
	at net.minecraft.server.packs.resources.SimplePreparableReloadListener.m_10789_(SimplePreparableReloadListener.java:13) ~[server-1.19.2-20220805.130853-srg.jar%23137!/:?]
	at java.util.concurrent.CompletableFuture$UniAccept.tryFire(CompletableFuture.java:718) ~[?:?]
	at java.util.concurrent.CompletableFuture$Completion.run(CompletableFuture.java:482) ~[?:?]
	at net.minecraft.server.packs.resources.SimpleReloadInstance.m_143940_(SimpleReloadInstance.java:69) ~[server-1.19.2-20220805.130853-srg.jar%23137!/:?]
	at net.minecraft.Util.m_214652_(Util.java:781) ~[server-1.19.2-20220805.130853-srg.jar%23137!/:?]
	at net.minecraft.Util.m_214679_(Util.java:770) ~[server-1.19.2-20220805.130853-srg.jar%23137!/:?]
	at net.minecraft.server.Main.main(Main.java:157) ~[server-1.19.2-20220805.130853-srg.jar%23137!/:?]
	at jdk.internal.reflect.NativeMethodAccessorImpl.invoke0(Native Method) ~[?:?]
	at jdk.internal.reflect.NativeMethodAccessorImpl.invoke(NativeMethodAccessorImpl.java:77) ~[?:?]
	at jdk.internal.reflect.DelegatingMethodAccessorImpl.invoke(DelegatingMethodAccessorImpl.java:43) ~[?:?]
	at java.lang.reflect.Method.invoke(Method.java:569) ~[?:?]
	at net.minecraftforge.fml.loading.targets.CommonServerLaunchHandler.lambda$launchService$0(CommonServerLaunchHandler.java:29) ~[fmlloader-1.19.2-43.4.2.jar%2367!/:?]
	at cpw.mods.modlauncher.LaunchServiceHandlerDecorator.launch(LaunchServiceHandlerDecorator.java:30) [modlauncher-10.0.8.jar%2354!/:?]
	at cpw.mods.modlauncher.LaunchServiceHandler.launch(LaunchServiceHandler.java:53) [modlauncher-10.0.8.jar%2354!/:?]
	at cpw.mods.modlauncher.LaunchServiceHandler.launch(LaunchServiceHandler.java:71) [modlauncher-10.0.8.jar%2354!/:?]
	at cpw.mods.modlauncher.Launcher.run(Launcher.java:106) [modlauncher-10.0.8.jar%2354!/:?]
	at cpw.mods.modlauncher.Launcher.main(Launcher.java:77) [modlauncher-10.0.8.jar%2354!/:?]
	at cpw.mods.modlauncher.BootstrapLaunchConsumer.accept(BootstrapLaunchConsumer.java:26) [modlauncher-10.0.8.jar%2354!/:?]
	at cpw.mods.modlauncher.BootstrapLaunchConsumer.accept(BootstrapLaunchConsumer.java:23) [modlauncher-10.0.8.jar%2354!/:?]
	at cpw.mods.bootstraplauncher.BootstrapLauncher.main(BootstrapLauncher.java:141) [bootstraplauncher-1.1.2.jar:?]
[11Apr2025 16:50:53.521] [main/ERROR] [net.minecraft.world.item.crafting.RecipeManager/]: Parsing error loading recipe mekanism:crushing/sculk_stone/polished_to_bricks
com.google.gson.JsonSyntaxException: Invalid or unsupported recipe type 'mekanism:crushing'
	at net.minecraft.world.item.crafting.RecipeManager.m_220253_(RecipeManager.java:170) ~[server-1.19.2-20220805.130853-srg.jar%23137!/:?]
	at java.util.Optional.orElseThrow(Optional.java:403) ~[?:?]
	at net.minecraft.world.item.crafting.RecipeManager.fromJson(RecipeManager.java:169) ~[server-1.19.2-20220805.130853-srg.jar%23137!/:?]
	at net.minecraft.world.item.crafting.RecipeManager.m_5787_(RecipeManager.java:67) ~[server-1.19.2-20220805.130853-srg.jar%23137!/:?]
	at net.minecraft.world.item.crafting.RecipeManager.m_5787_(RecipeManager.java:34) ~[server-1.19.2-20220805.130853-srg.jar%23137!/:?]
	at net.minecraft.server.packs.resources.SimplePreparableReloadListener.m_10789_(SimplePreparableReloadListener.java:13) ~[server-1.19.2-20220805.130853-srg.jar%23137!/:?]
	at java.util.concurrent.CompletableFuture$UniAccept.tryFire(CompletableFuture.java:718) ~[?:?]
	at java.util.concurrent.CompletableFuture$Completion.run(CompletableFuture.java:482) ~[?:?]
	at net.minecraft.server.packs.resources.SimpleReloadInstance.m_143940_(SimpleReloadInstance.java:69) ~[server-1.19.2-20220805.130853-srg.jar%23137!/:?]
	at net.minecraft.Util.m_214652_(Util.java:781) ~[server-1.19.2-20220805.130853-srg.jar%23137!/:?]
	at net.minecraft.Util.m_214679_(Util.java:770) ~[server-1.19.2-20220805.130853-srg.jar%23137!/:?]
	at net.minecraft.server.Main.main(Main.java:157) ~[server-1.19.2-20220805.130853-srg.jar%23137!/:?]
	at jdk.internal.reflect.NativeMethodAccessorImpl.invoke0(Native Method) ~[?:?]
	at jdk.internal.reflect.NativeMethodAccessorImpl.invoke(NativeMethodAccessorImpl.java:77) ~[?:?]
	at jdk.internal.reflect.DelegatingMethodAccessorImpl.invoke(DelegatingMethodAccessorImpl.java:43) ~[?:?]
	at java.lang.reflect.Method.invoke(Method.java:569) ~[?:?]
	at net.minecraftforge.fml.loading.targets.CommonServerLaunchHandler.lambda$launchService$0(CommonServerLaunchHandler.java:29) ~[fmlloader-1.19.2-43.4.2.jar%2367!/:?]
	at cpw.mods.modlauncher.LaunchServiceHandlerDecorator.launch(LaunchServiceHandlerDecorator.java:30) [modlauncher-10.0.8.jar%2354!/:?]
	at cpw.mods.modlauncher.LaunchServiceHandler.launch(LaunchServiceHandler.java:53) [modlauncher-10.0.8.jar%2354!/:?]
	at cpw.mods.modlauncher.LaunchServiceHandler.launch(LaunchServiceHandler.java:71) [modlauncher-10.0.8.jar%2354!/:?]
	at cpw.mods.modlauncher.Launcher.run(Launcher.java:106) [modlauncher-10.0.8.jar%2354!/:?]
	at cpw.mods.modlauncher.Launcher.main(Launcher.java:77) [modlauncher-10.0.8.jar%2354!/:?]
	at cpw.mods.modlauncher.BootstrapLaunchConsumer.accept(BootstrapLaunchConsumer.java:26) [modlauncher-10.0.8.jar%2354!/:?]
	at cpw.mods.modlauncher.BootstrapLaunchConsumer.accept(BootstrapLaunchConsumer.java:23) [modlauncher-10.0.8.jar%2354!/:?]
	at cpw.mods.bootstraplauncher.BootstrapLauncher.main(BootstrapLauncher.java:141) [bootstraplauncher-1.1.2.jar:?]
[11Apr2025 16:50:53.522] [main/ERROR] [net.minecraft.world.item.crafting.RecipeManager/]: Parsing error loading recipe immersiveengineering:sawmill/echo_log
com.google.gson.JsonSyntaxException: Invalid or unsupported recipe type 'immersiveengineering:sawmill'
	at net.minecraft.world.item.crafting.RecipeManager.m_220253_(RecipeManager.java:170) ~[server-1.19.2-20220805.130853-srg.jar%23137!/:?]
	at java.util.Optional.orElseThrow(Optional.java:403) ~[?:?]
	at net.minecraft.world.item.crafting.RecipeManager.fromJson(RecipeManager.java:169) ~[server-1.19.2-20220805.130853-srg.jar%23137!/:?]
	at net.minecraft.world.item.crafting.RecipeManager.m_5787_(RecipeManager.java:67) ~[server-1.19.2-20220805.130853-srg.jar%23137!/:?]
	at net.minecraft.world.item.crafting.RecipeManager.m_5787_(RecipeManager.java:34) ~[server-1.19.2-20220805.130853-srg.jar%23137!/:?]
	at net.minecraft.server.packs.resources.SimplePreparableReloadListener.m_10789_(SimplePreparableReloadListener.java:13) ~[server-1.19.2-20220805.130853-srg.jar%23137!/:?]
	at java.util.concurrent.CompletableFuture$UniAccept.tryFire(CompletableFuture.java:718) ~[?:?]
	at java.util.concurrent.CompletableFuture$Completion.run(CompletableFuture.java:482) ~[?:?]
	at net.minecraft.server.packs.resources.SimpleReloadInstance.m_143940_(SimpleReloadInstance.java:69) ~[server-1.19.2-20220805.130853-srg.jar%23137!/:?]
	at net.minecraft.Util.m_214652_(Util.java:781) ~[server-1.19.2-20220805.130853-srg.jar%23137!/:?]
	at net.minecraft.Util.m_214679_(Util.java:770) ~[server-1.19.2-20220805.130853-srg.jar%23137!/:?]
	at net.minecraft.server.Main.main(Main.java:157) ~[server-1.19.2-20220805.130853-srg.jar%23137!/:?]
	at jdk.internal.reflect.NativeMethodAccessorImpl.invoke0(Native Method) ~[?:?]
	at jdk.internal.reflect.NativeMethodAccessorImpl.invoke(NativeMethodAccessorImpl.java:77) ~[?:?]
	at jdk.internal.reflect.DelegatingMethodAccessorImpl.invoke(DelegatingMethodAccessorImpl.java:43) ~[?:?]
	at java.lang.reflect.Method.invoke(Method.java:569) ~[?:?]
	at net.minecraftforge.fml.loading.targets.CommonServerLaunchHandler.lambda$launchService$0(CommonServerLaunchHandler.java:29) ~[fmlloader-1.19.2-43.4.2.jar%2367!/:?]
	at cpw.mods.modlauncher.LaunchServiceHandlerDecorator.launch(LaunchServiceHandlerDecorator.java:30) [modlauncher-10.0.8.jar%2354!/:?]
	at cpw.mods.modlauncher.LaunchServiceHandler.launch(LaunchServiceHandler.java:53) [modlauncher-10.0.8.jar%2354!/:?]
	at cpw.mods.modlauncher.LaunchServiceHandler.launch(LaunchServiceHandler.java:71) [modlauncher-10.0.8.jar%2354!/:?]
	at cpw.mods.modlauncher.Launcher.run(Launcher.java:106) [modlauncher-10.0.8.jar%2354!/:?]
	at cpw.mods.modlauncher.Launcher.main(Launcher.java:77) [modlauncher-10.0.8.jar%2354!/:?]
	at cpw.mods.modlauncher.BootstrapLaunchConsumer.accept(BootstrapLaunchConsumer.java:26) [modlauncher-10.0.8.jar%2354!/:?]
	at cpw.mods.modlauncher.BootstrapLaunchConsumer.accept(BootstrapLaunchConsumer.java:23) [modlauncher-10.0.8.jar%2354!/:?]
	at cpw.mods.bootstraplauncher.BootstrapLauncher.main(BootstrapLauncher.java:141) [bootstraplauncher-1.1.2.jar:?]
[11Apr2025 16:50:53.524] [main/ERROR] [net.minecraft.world.item.crafting.RecipeManager/]: Parsing error loading recipe mekanism:enriching/conversion/sculk_stone/brick_stairs_to_polished
com.google.gson.JsonSyntaxException: Invalid or unsupported recipe type 'mekanism:enriching'
	at net.minecraft.world.item.crafting.RecipeManager.m_220253_(RecipeManager.java:170) ~[server-1.19.2-20220805.130853-srg.jar%23137!/:?]
	at java.util.Optional.orElseThrow(Optional.java:403) ~[?:?]
	at net.minecraft.world.item.crafting.RecipeManager.fromJson(RecipeManager.java:169) ~[server-1.19.2-20220805.130853-srg.jar%23137!/:?]
	at net.minecraft.world.item.crafting.RecipeManager.m_5787_(RecipeManager.java:67) ~[server-1.19.2-20220805.130853-srg.jar%23137!/:?]
	at net.minecraft.world.item.crafting.RecipeManager.m_5787_(RecipeManager.java:34) ~[server-1.19.2-20220805.130853-srg.jar%23137!/:?]
	at net.minecraft.server.packs.resources.SimplePreparableReloadListener.m_10789_(SimplePreparableReloadListener.java:13) ~[server-1.19.2-20220805.130853-srg.jar%23137!/:?]
	at java.util.concurrent.CompletableFuture$UniAccept.tryFire(CompletableFuture.java:718) ~[?:?]
	at java.util.concurrent.CompletableFuture$Completion.run(CompletableFuture.java:482) ~[?:?]
	at net.minecraft.server.packs.resources.SimpleReloadInstance.m_143940_(SimpleReloadInstance.java:69) ~[server-1.19.2-20220805.130853-srg.jar%23137!/:?]
	at net.minecraft.Util.m_214652_(Util.java:781) ~[server-1.19.2-20220805.130853-srg.jar%23137!/:?]
	at net.minecraft.Util.m_214679_(Util.java:770) ~[server-1.19.2-20220805.130853-srg.jar%23137!/:?]
	at net.minecraft.server.Main.main(Main.java:157) ~[server-1.19.2-20220805.130853-srg.jar%23137!/:?]
	at jdk.internal.reflect.NativeMethodAccessorImpl.invoke0(Native Method) ~[?:?]
	at jdk.internal.reflect.NativeMethodAccessorImpl.invoke(NativeMethodAccessorImpl.java:77) ~[?:?]
	at jdk.internal.reflect.DelegatingMethodAccessorImpl.invoke(DelegatingMethodAccessorImpl.java:43) ~[?:?]
	at java.lang.reflect.Method.invoke(Method.java:569) ~[?:?]
	at net.minecraftforge.fml.loading.targets.CommonServerLaunchHandler.lambda$launchService$0(CommonServerLaunchHandler.java:29) ~[fmlloader-1.19.2-43.4.2.jar%2367!/:?]
	at cpw.mods.modlauncher.LaunchServiceHandlerDecorator.launch(LaunchServiceHandlerDecorator.java:30) [modlauncher-10.0.8.jar%2354!/:?]
	at cpw.mods.modlauncher.LaunchServiceHandler.launch(LaunchServiceHandler.java:53) [modlauncher-10.0.8.jar%2354!/:?]
	at cpw.mods.modlauncher.LaunchServiceHandler.launch(LaunchServiceHandler.java:71) [modlauncher-10.0.8.jar%2354!/:?]
	at cpw.mods.modlauncher.Launcher.run(Launcher.java:106) [modlauncher-10.0.8.jar%2354!/:?]
	at cpw.mods.modlauncher.Launcher.main(Launcher.java:77) [modlauncher-10.0.8.jar%2354!/:?]
	at cpw.mods.modlauncher.BootstrapLaunchConsumer.accept(BootstrapLaunchConsumer.java:26) [modlauncher-10.0.8.jar%2354!/:?]
	at cpw.mods.modlauncher.BootstrapLaunchConsumer.accept(BootstrapLaunchConsumer.java:23) [modlauncher-10.0.8.jar%2354!/:?]
	at cpw.mods.bootstraplauncher.BootstrapLauncher.main(BootstrapLauncher.java:141) [bootstraplauncher-1.1.2.jar:?]
[11Apr2025 16:50:53.526] [main/ERROR] [net.minecraft.world.item.crafting.RecipeManager/]: Parsing error loading recipe mekanism:sawing/door/echo
com.google.gson.JsonSyntaxException: Invalid or unsupported recipe type 'mekanism:sawing'
	at net.minecraft.world.item.crafting.RecipeManager.m_220253_(RecipeManager.java:170) ~[server-1.19.2-20220805.130853-srg.jar%23137!/:?]
	at java.util.Optional.orElseThrow(Optional.java:403) ~[?:?]
	at net.minecraft.world.item.crafting.RecipeManager.fromJson(RecipeManager.java:169) ~[server-1.19.2-20220805.130853-srg.jar%23137!/:?]
	at net.minecraft.world.item.crafting.RecipeManager.m_5787_(RecipeManager.java:67) ~[server-1.19.2-20220805.130853-srg.jar%23137!/:?]
	at net.minecraft.world.item.crafting.RecipeManager.m_5787_(RecipeManager.java:34) ~[server-1.19.2-20220805.130853-srg.jar%23137!/:?]
	at net.minecraft.server.packs.resources.SimplePreparableReloadListener.m_10789_(SimplePreparableReloadListener.java:13) ~[server-1.19.2-20220805.130853-srg.jar%23137!/:?]
	at java.util.concurrent.CompletableFuture$UniAccept.tryFire(CompletableFuture.java:718) ~[?:?]
	at java.util.concurrent.CompletableFuture$Completion.run(CompletableFuture.java:482) ~[?:?]
	at net.minecraft.server.packs.resources.SimpleReloadInstance.m_143940_(SimpleReloadInstance.java:69) ~[server-1.19.2-20220805.130853-srg.jar%23137!/:?]
	at net.minecraft.Util.m_214652_(Util.java:781) ~[server-1.19.2-20220805.130853-srg.jar%23137!/:?]
	at net.minecraft.Util.m_214679_(Util.java:770) ~[server-1.19.2-20220805.130853-srg.jar%23137!/:?]
	at net.minecraft.server.Main.main(Main.java:157) ~[server-1.19.2-20220805.130853-srg.jar%23137!/:?]
	at jdk.internal.reflect.NativeMethodAccessorImpl.invoke0(Native Method) ~[?:?]
	at jdk.internal.reflect.NativeMethodAccessorImpl.invoke(NativeMethodAccessorImpl.java:77) ~[?:?]
	at jdk.internal.reflect.DelegatingMethodAccessorImpl.invoke(DelegatingMethodAccessorImpl.java:43) ~[?:?]
	at java.lang.reflect.Method.invoke(Method.java:569) ~[?:?]
	at net.minecraftforge.fml.loading.targets.CommonServerLaunchHandler.lambda$launchService$0(CommonServerLaunchHandler.java:29) ~[fmlloader-1.19.2-43.4.2.jar%2367!/:?]
	at cpw.mods.modlauncher.LaunchServiceHandlerDecorator.launch(LaunchServiceHandlerDecorator.java:30) [modlauncher-10.0.8.jar%2354!/:?]
	at cpw.mods.modlauncher.LaunchServiceHandler.launch(LaunchServiceHandler.java:53) [modlauncher-10.0.8.jar%2354!/:?]
	at cpw.mods.modlauncher.LaunchServiceHandler.launch(LaunchServiceHandler.java:71) [modlauncher-10.0.8.jar%2354!/:?]
	at cpw.mods.modlauncher.Launcher.run(Launcher.java:106) [modlauncher-10.0.8.jar%2354!/:?]
	at cpw.mods.modlauncher.Launcher.main(Launcher.java:77) [modlauncher-10.0.8.jar%2354!/:?]
	at cpw.mods.modlauncher.BootstrapLaunchConsumer.accept(BootstrapLaunchConsumer.java:26) [modlauncher-10.0.8.jar%2354!/:?]
	at cpw.mods.modlauncher.BootstrapLaunchConsumer.accept(BootstrapLaunchConsumer.java:23) [modlauncher-10.0.8.jar%2354!/:?]
	at cpw.mods.bootstraplauncher.BootstrapLauncher.main(BootstrapLauncher.java:141) [bootstraplauncher-1.1.2.jar:?]
[11Apr2025 16:50:53.527] [main/ERROR] [net.minecraft.world.item.crafting.RecipeManager/]: Parsing error loading recipe mekanism:enriching/conversion/gloomslate/bricks_to_polished
com.google.gson.JsonSyntaxException: Invalid or unsupported recipe type 'mekanism:enriching'
	at net.minecraft.world.item.crafting.RecipeManager.m_220253_(RecipeManager.java:170) ~[server-1.19.2-20220805.130853-srg.jar%23137!/:?]
	at java.util.Optional.orElseThrow(Optional.java:403) ~[?:?]
	at net.minecraft.world.item.crafting.RecipeManager.fromJson(RecipeManager.java:169) ~[server-1.19.2-20220805.130853-srg.jar%23137!/:?]
	at net.minecraft.world.item.crafting.RecipeManager.m_5787_(RecipeManager.java:67) ~[server-1.19.2-20220805.130853-srg.jar%23137!/:?]
	at net.minecraft.world.item.crafting.RecipeManager.m_5787_(RecipeManager.java:34) ~[server-1.19.2-20220805.130853-srg.jar%23137!/:?]
	at net.minecraft.server.packs.resources.SimplePreparableReloadListener.m_10789_(SimplePreparableReloadListener.java:13) ~[server-1.19.2-20220805.130853-srg.jar%23137!/:?]
	at java.util.concurrent.CompletableFuture$UniAccept.tryFire(CompletableFuture.java:718) ~[?:?]
	at java.util.concurrent.CompletableFuture$Completion.run(CompletableFuture.java:482) ~[?:?]
	at net.minecraft.server.packs.resources.SimpleReloadInstance.m_143940_(SimpleReloadInstance.java:69) ~[server-1.19.2-20220805.130853-srg.jar%23137!/:?]
	at net.minecraft.Util.m_214652_(Util.java:781) ~[server-1.19.2-20220805.130853-srg.jar%23137!/:?]
	at net.minecraft.Util.m_214679_(Util.java:770) ~[server-1.19.2-20220805.130853-srg.jar%23137!/:?]
	at net.minecraft.server.Main.main(Main.java:157) ~[server-1.19.2-20220805.130853-srg.jar%23137!/:?]
	at jdk.internal.reflect.NativeMethodAccessorImpl.invoke0(Native Method) ~[?:?]
	at jdk.internal.reflect.NativeMethodAccessorImpl.invoke(NativeMethodAccessorImpl.java:77) ~[?:?]
	at jdk.internal.reflect.DelegatingMethodAccessorImpl.invoke(DelegatingMethodAccessorImpl.java:43) ~[?:?]
	at java.lang.reflect.Method.invoke(Method.java:569) ~[?:?]
	at net.minecraftforge.fml.loading.targets.CommonServerLaunchHandler.lambda$launchService$0(CommonServerLaunchHandler.java:29) ~[fmlloader-1.19.2-43.4.2.jar%2367!/:?]
	at cpw.mods.modlauncher.LaunchServiceHandlerDecorator.launch(LaunchServiceHandlerDecorator.java:30) [modlauncher-10.0.8.jar%2354!/:?]
	at cpw.mods.modlauncher.LaunchServiceHandler.launch(LaunchServiceHandler.java:53) [modlauncher-10.0.8.jar%2354!/:?]
	at cpw.mods.modlauncher.LaunchServiceHandler.launch(LaunchServiceHandler.java:71) [modlauncher-10.0.8.jar%2354!/:?]
	at cpw.mods.modlauncher.Launcher.run(Launcher.java:106) [modlauncher-10.0.8.jar%2354!/:?]
	at cpw.mods.modlauncher.Launcher.main(Launcher.java:77) [modlauncher-10.0.8.jar%2354!/:?]
	at cpw.mods.modlauncher.BootstrapLaunchConsumer.accept(BootstrapLaunchConsumer.java:26) [modlauncher-10.0.8.jar%2354!/:?]
	at cpw.mods.modlauncher.BootstrapLaunchConsumer.accept(BootstrapLaunchConsumer.java:23) [modlauncher-10.0.8.jar%2354!/:?]
	at cpw.mods.bootstraplauncher.BootstrapLauncher.main(BootstrapLauncher.java:141) [bootstraplauncher-1.1.2.jar:?]
[11Apr2025 16:50:53.530] [main/ERROR] [net.minecraft.world.item.crafting.RecipeManager/]: Parsing error loading recipe mekanism:enriching/conversion/sculk_stone/cut_to_smooth
com.google.gson.JsonSyntaxException: Invalid or unsupported recipe type 'mekanism:enriching'
	at net.minecraft.world.item.crafting.RecipeManager.m_220253_(RecipeManager.java:170) ~[server-1.19.2-20220805.130853-srg.jar%23137!/:?]
	at java.util.Optional.orElseThrow(Optional.java:403) ~[?:?]
	at net.minecraft.world.item.crafting.RecipeManager.fromJson(RecipeManager.java:169) ~[server-1.19.2-20220805.130853-srg.jar%23137!/:?]
	at net.minecraft.world.item.crafting.RecipeManager.m_5787_(RecipeManager.java:67) ~[server-1.19.2-20220805.130853-srg.jar%23137!/:?]
	at net.minecraft.world.item.crafting.RecipeManager.m_5787_(RecipeManager.java:34) ~[server-1.19.2-20220805.130853-srg.jar%23137!/:?]
	at net.minecraft.server.packs.resources.SimplePreparableReloadListener.m_10789_(SimplePreparableReloadListener.java:13) ~[server-1.19.2-20220805.130853-srg.jar%23137!/:?]
	at java.util.concurrent.CompletableFuture$UniAccept.tryFire(CompletableFuture.java:718) ~[?:?]
	at java.util.concurrent.CompletableFuture$Completion.run(CompletableFuture.java:482) ~[?:?]
	at net.minecraft.server.packs.resources.SimpleReloadInstance.m_143940_(SimpleReloadInstance.java:69) ~[server-1.19.2-20220805.130853-srg.jar%23137!/:?]
	at net.minecraft.Util.m_214652_(Util.java:781) ~[server-1.19.2-20220805.130853-srg.jar%23137!/:?]
	at net.minecraft.Util.m_214679_(Util.java:770) ~[server-1.19.2-20220805.130853-srg.jar%23137!/:?]
	at net.minecraft.server.Main.main(Main.java:157) ~[server-1.19.2-20220805.130853-srg.jar%23137!/:?]
	at jdk.internal.reflect.NativeMethodAccessorImpl.invoke0(Native Method) ~[?:?]
	at jdk.internal.reflect.NativeMethodAccessorImpl.invoke(NativeMethodAccessorImpl.java:77) ~[?:?]
	at jdk.internal.reflect.DelegatingMethodAccessorImpl.invoke(DelegatingMethodAccessorImpl.java:43) ~[?:?]
	at java.lang.reflect.Method.invoke(Method.java:569) ~[?:?]
	at net.minecraftforge.fml.loading.targets.CommonServerLaunchHandler.lambda$launchService$0(CommonServerLaunchHandler.java:29) ~[fmlloader-1.19.2-43.4.2.jar%2367!/:?]
	at cpw.mods.modlauncher.LaunchServiceHandlerDecorator.launch(LaunchServiceHandlerDecorator.java:30) [modlauncher-10.0.8.jar%2354!/:?]
	at cpw.mods.modlauncher.LaunchServiceHandler.launch(LaunchServiceHandler.java:53) [modlauncher-10.0.8.jar%2354!/:?]
	at cpw.mods.modlauncher.LaunchServiceHandler.launch(LaunchServiceHandler.java:71) [modlauncher-10.0.8.jar%2354!/:?]
	at cpw.mods.modlauncher.Launcher.run(Launcher.java:106) [modlauncher-10.0.8.jar%2354!/:?]
	at cpw.mods.modlauncher.Launcher.main(Launcher.java:77) [modlauncher-10.0.8.jar%2354!/:?]
	at cpw.mods.modlauncher.BootstrapLaunchConsumer.accept(BootstrapLaunchConsumer.java:26) [modlauncher-10.0.8.jar%2354!/:?]
	at cpw.mods.modlauncher.BootstrapLaunchConsumer.accept(BootstrapLaunchConsumer.java:23) [modlauncher-10.0.8.jar%2354!/:?]
	at cpw.mods.bootstraplauncher.BootstrapLauncher.main(BootstrapLauncher.java:141) [bootstraplauncher-1.1.2.jar:?]
[11Apr2025 16:50:53.532] [main/ERROR] [net.minecraft.world.item.crafting.RecipeManager/]: Parsing error loading recipe mekanism:enriching/conversion/gloomslate/from_cobbled
com.google.gson.JsonSyntaxException: Invalid or unsupported recipe type 'mekanism:enriching'
	at net.minecraft.world.item.crafting.RecipeManager.m_220253_(RecipeManager.java:170) ~[server-1.19.2-20220805.130853-srg.jar%23137!/:?]
	at java.util.Optional.orElseThrow(Optional.java:403) ~[?:?]
	at net.minecraft.world.item.crafting.RecipeManager.fromJson(RecipeManager.java:169) ~[server-1.19.2-20220805.130853-srg.jar%23137!/:?]
	at net.minecraft.world.item.crafting.RecipeManager.m_5787_(RecipeManager.java:67) ~[server-1.19.2-20220805.130853-srg.jar%23137!/:?]
	at net.minecraft.world.item.crafting.RecipeManager.m_5787_(RecipeManager.java:34) ~[server-1.19.2-20220805.130853-srg.jar%23137!/:?]
	at net.minecraft.server.packs.resources.SimplePreparableReloadListener.m_10789_(SimplePreparableReloadListener.java:13) ~[server-1.19.2-20220805.130853-srg.jar%23137!/:?]
	at java.util.concurrent.CompletableFuture$UniAccept.tryFire(CompletableFuture.java:718) ~[?:?]
	at java.util.concurrent.CompletableFuture$Completion.run(CompletableFuture.java:482) ~[?:?]
	at net.minecraft.server.packs.resources.SimpleReloadInstance.m_143940_(SimpleReloadInstance.java:69) ~[server-1.19.2-20220805.130853-srg.jar%23137!/:?]
	at net.minecraft.Util.m_214652_(Util.java:781) ~[server-1.19.2-20220805.130853-srg.jar%23137!/:?]
	at net.minecraft.Util.m_214679_(Util.java:770) ~[server-1.19.2-20220805.130853-srg.jar%23137!/:?]
	at net.minecraft.server.Main.main(Main.java:157) ~[server-1.19.2-20220805.130853-srg.jar%23137!/:?]
	at jdk.internal.reflect.NativeMethodAccessorImpl.invoke0(Native Method) ~[?:?]
	at jdk.internal.reflect.NativeMethodAccessorImpl.invoke(NativeMethodAccessorImpl.java:77) ~[?:?]
	at jdk.internal.reflect.DelegatingMethodAccessorImpl.invoke(DelegatingMethodAccessorImpl.java:43) ~[?:?]
	at java.lang.reflect.Method.invoke(Method.java:569) ~[?:?]
	at net.minecraftforge.fml.loading.targets.CommonServerLaunchHandler.lambda$launchService$0(CommonServerLaunchHandler.java:29) ~[fmlloader-1.19.2-43.4.2.jar%2367!/:?]
	at cpw.mods.modlauncher.LaunchServiceHandlerDecorator.launch(LaunchServiceHandlerDecorator.java:30) [modlauncher-10.0.8.jar%2354!/:?]
	at cpw.mods.modlauncher.LaunchServiceHandler.launch(LaunchServiceHandler.java:53) [modlauncher-10.0.8.jar%2354!/:?]
	at cpw.mods.modlauncher.LaunchServiceHandler.launch(LaunchServiceHandler.java:71) [modlauncher-10.0.8.jar%2354!/:?]
	at cpw.mods.modlauncher.Launcher.run(Launcher.java:106) [modlauncher-10.0.8.jar%2354!/:?]
	at cpw.mods.modlauncher.Launcher.main(Launcher.java:77) [modlauncher-10.0.8.jar%2354!/:?]
	at cpw.mods.modlauncher.BootstrapLaunchConsumer.accept(BootstrapLaunchConsumer.java:26) [modlauncher-10.0.8.jar%2354!/:?]
	at cpw.mods.modlauncher.BootstrapLaunchConsumer.accept(BootstrapLaunchConsumer.java:23) [modlauncher-10.0.8.jar%2354!/:?]
	at cpw.mods.bootstraplauncher.BootstrapLauncher.main(BootstrapLauncher.java:141) [bootstraplauncher-1.1.2.jar:?]
[11Apr2025 16:50:53.533] [main/ERROR] [net.minecraft.world.item.crafting.RecipeManager/]: Parsing error loading recipe mekanism:enriching/conversion/gloomslate/polished_wall_to_cut
com.google.gson.JsonSyntaxException: Invalid or unsupported recipe type 'mekanism:enriching'
	at net.minecraft.world.item.crafting.RecipeManager.m_220253_(RecipeManager.java:170) ~[server-1.19.2-20220805.130853-srg.jar%23137!/:?]
	at java.util.Optional.orElseThrow(Optional.java:403) ~[?:?]
	at net.minecraft.world.item.crafting.RecipeManager.fromJson(RecipeManager.java:169) ~[server-1.19.2-20220805.130853-srg.jar%23137!/:?]
	at net.minecraft.world.item.crafting.RecipeManager.m_5787_(RecipeManager.java:67) ~[server-1.19.2-20220805.130853-srg.jar%23137!/:?]
	at net.minecraft.world.item.crafting.RecipeManager.m_5787_(RecipeManager.java:34) ~[server-1.19.2-20220805.130853-srg.jar%23137!/:?]
	at net.minecraft.server.packs.resources.SimplePreparableReloadListener.m_10789_(SimplePreparableReloadListener.java:13) ~[server-1.19.2-20220805.130853-srg.jar%23137!/:?]
	at java.util.concurrent.CompletableFuture$UniAccept.tryFire(CompletableFuture.java:718) ~[?:?]
	at java.util.concurrent.CompletableFuture$Completion.run(CompletableFuture.java:482) ~[?:?]
	at net.minecraft.server.packs.resources.SimpleReloadInstance.m_143940_(SimpleReloadInstance.java:69) ~[server-1.19.2-20220805.130853-srg.jar%23137!/:?]
	at net.minecraft.Util.m_214652_(Util.java:781) ~[server-1.19.2-20220805.130853-srg.jar%23137!/:?]
	at net.minecraft.Util.m_214679_(Util.java:770) ~[server-1.19.2-20220805.130853-srg.jar%23137!/:?]
	at net.minecraft.server.Main.main(Main.java:157) ~[server-1.19.2-20220805.130853-srg.jar%23137!/:?]
	at jdk.internal.reflect.NativeMethodAccessorImpl.invoke0(Native Method) ~[?:?]
	at jdk.internal.reflect.NativeMethodAccessorImpl.invoke(NativeMethodAccessorImpl.java:77) ~[?:?]
	at jdk.internal.reflect.DelegatingMethodAccessorImpl.invoke(DelegatingMethodAccessorImpl.java:43) ~[?:?]
	at java.lang.reflect.Method.invoke(Method.java:569) ~[?:?]
	at net.minecraftforge.fml.loading.targets.CommonServerLaunchHandler.lambda$launchService$0(CommonServerLaunchHandler.java:29) ~[fmlloader-1.19.2-43.4.2.jar%2367!/:?]
	at cpw.mods.modlauncher.LaunchServiceHandlerDecorator.launch(LaunchServiceHandlerDecorator.java:30) [modlauncher-10.0.8.jar%2354!/:?]
	at cpw.mods.modlauncher.LaunchServiceHandler.launch(LaunchServiceHandler.java:53) [modlauncher-10.0.8.jar%2354!/:?]
	at cpw.mods.modlauncher.LaunchServiceHandler.launch(LaunchServiceHandler.java:71) [modlauncher-10.0.8.jar%2354!/:?]
	at cpw.mods.modlauncher.Launcher.run(Launcher.java:106) [modlauncher-10.0.8.jar%2354!/:?]
	at cpw.mods.modlauncher.Launcher.main(Launcher.java:77) [modlauncher-10.0.8.jar%2354!/:?]
	at cpw.mods.modlauncher.BootstrapLaunchConsumer.accept(BootstrapLaunchConsumer.java:26) [modlauncher-10.0.8.jar%2354!/:?]
	at cpw.mods.modlauncher.BootstrapLaunchConsumer.accept(BootstrapLaunchConsumer.java:23) [modlauncher-10.0.8.jar%2354!/:?]
	at cpw.mods.bootstraplauncher.BootstrapLauncher.main(BootstrapLauncher.java:141) [bootstraplauncher-1.1.2.jar:?]
[11Apr2025 16:50:53.535] [main/ERROR] [net.minecraft.world.item.crafting.RecipeManager/]: Parsing error loading recipe mekanism:enriching/conversion/gloomslate/cut_to_smooth
com.google.gson.JsonSyntaxException: Invalid or unsupported recipe type 'mekanism:enriching'
	at net.minecraft.world.item.crafting.RecipeManager.m_220253_(RecipeManager.java:170) ~[server-1.19.2-20220805.130853-srg.jar%23137!/:?]
	at java.util.Optional.orElseThrow(Optional.java:403) ~[?:?]
	at net.minecraft.world.item.crafting.RecipeManager.fromJson(RecipeManager.java:169) ~[server-1.19.2-20220805.130853-srg.jar%23137!/:?]
	at net.minecraft.world.item.crafting.RecipeManager.m_5787_(RecipeManager.java:67) ~[server-1.19.2-20220805.130853-srg.jar%23137!/:?]
	at net.minecraft.world.item.crafting.RecipeManager.m_5787_(RecipeManager.java:34) ~[server-1.19.2-20220805.130853-srg.jar%23137!/:?]
	at net.minecraft.server.packs.resources.SimplePreparableReloadListener.m_10789_(SimplePreparableReloadListener.java:13) ~[server-1.19.2-20220805.130853-srg.jar%23137!/:?]
	at java.util.concurrent.CompletableFuture$UniAccept.tryFire(CompletableFuture.java:718) ~[?:?]
	at java.util.concurrent.CompletableFuture$Completion.run(CompletableFuture.java:482) ~[?:?]
	at net.minecraft.server.packs.resources.SimpleReloadInstance.m_143940_(SimpleReloadInstance.java:69) ~[server-1.19.2-20220805.130853-srg.jar%23137!/:?]
	at net.minecraft.Util.m_214652_(Util.java:781) ~[server-1.19.2-20220805.130853-srg.jar%23137!/:?]
	at net.minecraft.Util.m_214679_(Util.java:770) ~[server-1.19.2-20220805.130853-srg.jar%23137!/:?]
	at net.minecraft.server.Main.main(Main.java:157) ~[server-1.19.2-20220805.130853-srg.jar%23137!/:?]
	at jdk.internal.reflect.NativeMethodAccessorImpl.invoke0(Native Method) ~[?:?]
	at jdk.internal.reflect.NativeMethodAccessorImpl.invoke(NativeMethodAccessorImpl.java:77) ~[?:?]
	at jdk.internal.reflect.DelegatingMethodAccessorImpl.invoke(DelegatingMethodAccessorImpl.java:43) ~[?:?]
	at java.lang.reflect.Method.invoke(Method.java:569) ~[?:?]
	at net.minecraftforge.fml.loading.targets.CommonServerLaunchHandler.lambda$launchService$0(CommonServerLaunchHandler.java:29) ~[fmlloader-1.19.2-43.4.2.jar%2367!/:?]
	at cpw.mods.modlauncher.LaunchServiceHandlerDecorator.launch(LaunchServiceHandlerDecorator.java:30) [modlauncher-10.0.8.jar%2354!/:?]
	at cpw.mods.modlauncher.LaunchServiceHandler.launch(LaunchServiceHandler.java:53) [modlauncher-10.0.8.jar%2354!/:?]
	at cpw.mods.modlauncher.LaunchServiceHandler.launch(LaunchServiceHandler.java:71) [modlauncher-10.0.8.jar%2354!/:?]
	at cpw.mods.modlauncher.Launcher.run(Launcher.java:106) [modlauncher-10.0.8.jar%2354!/:?]
	at cpw.mods.modlauncher.Launcher.main(Launcher.java:77) [modlauncher-10.0.8.jar%2354!/:?]
	at cpw.mods.modlauncher.BootstrapLaunchConsumer.accept(BootstrapLaunchConsumer.java:26) [modlauncher-10.0.8.jar%2354!/:?]
	at cpw.mods.modlauncher.BootstrapLaunchConsumer.accept(BootstrapLaunchConsumer.java:23) [modlauncher-10.0.8.jar%2354!/:?]
	at cpw.mods.bootstraplauncher.BootstrapLauncher.main(BootstrapLauncher.java:141) [bootstraplauncher-1.1.2.jar:?]
[11Apr2025 16:50:53.537] [main/ERROR] [net.minecraft.world.item.crafting.RecipeManager/]: Parsing error loading recipe mekanism:enriching/conversion/gloomslate/brick_stairs_to_polished
com.google.gson.JsonSyntaxException: Invalid or unsupported recipe type 'mekanism:enriching'
	at net.minecraft.world.item.crafting.RecipeManager.m_220253_(RecipeManager.java:170) ~[server-1.19.2-20220805.130853-srg.jar%23137!/:?]
	at java.util.Optional.orElseThrow(Optional.java:403) ~[?:?]
	at net.minecraft.world.item.crafting.RecipeManager.fromJson(RecipeManager.java:169) ~[server-1.19.2-20220805.130853-srg.jar%23137!/:?]
	at net.minecraft.world.item.crafting.RecipeManager.m_5787_(RecipeManager.java:67) ~[server-1.19.2-20220805.130853-srg.jar%23137!/:?]
	at net.minecraft.world.item.crafting.RecipeManager.m_5787_(RecipeManager.java:34) ~[server-1.19.2-20220805.130853-srg.jar%23137!/:?]
	at net.minecraft.server.packs.resources.SimplePreparableReloadListener.m_10789_(SimplePreparableReloadListener.java:13) ~[server-1.19.2-20220805.130853-srg.jar%23137!/:?]
	at java.util.concurrent.CompletableFuture$UniAccept.tryFire(CompletableFuture.java:718) ~[?:?]
	at java.util.concurrent.CompletableFuture$Completion.run(CompletableFuture.java:482) ~[?:?]
	at net.minecraft.server.packs.resources.SimpleReloadInstance.m_143940_(SimpleReloadInstance.java:69) ~[server-1.19.2-20220805.130853-srg.jar%23137!/:?]
	at net.minecraft.Util.m_214652_(Util.java:781) ~[server-1.19.2-20220805.130853-srg.jar%23137!/:?]
	at net.minecraft.Util.m_214679_(Util.java:770) ~[server-1.19.2-20220805.130853-srg.jar%23137!/:?]
	at net.minecraft.server.Main.main(Main.java:157) ~[server-1.19.2-20220805.130853-srg.jar%23137!/:?]
	at jdk.internal.reflect.NativeMethodAccessorImpl.invoke0(Native Method) ~[?:?]
	at jdk.internal.reflect.NativeMethodAccessorImpl.invoke(NativeMethodAccessorImpl.java:77) ~[?:?]
	at jdk.internal.reflect.DelegatingMethodAccessorImpl.invoke(DelegatingMethodAccessorImpl.java:43) ~[?:?]
	at java.lang.reflect.Method.invoke(Method.java:569) ~[?:?]
	at net.minecraftforge.fml.loading.targets.CommonServerLaunchHandler.lambda$launchService$0(CommonServerLaunchHandler.java:29) ~[fmlloader-1.19.2-43.4.2.jar%2367!/:?]
	at cpw.mods.modlauncher.LaunchServiceHandlerDecorator.launch(LaunchServiceHandlerDecorator.java:30) [modlauncher-10.0.8.jar%2354!/:?]
	at cpw.mods.modlauncher.LaunchServiceHandler.launch(LaunchServiceHandler.java:53) [modlauncher-10.0.8.jar%2354!/:?]
	at cpw.mods.modlauncher.LaunchServiceHandler.launch(LaunchServiceHandler.java:71) [modlauncher-10.0.8.jar%2354!/:?]
	at cpw.mods.modlauncher.Launcher.run(Launcher.java:106) [modlauncher-10.0.8.jar%2354!/:?]
	at cpw.mods.modlauncher.Launcher.main(Launcher.java:77) [modlauncher-10.0.8.jar%2354!/:?]
	at cpw.mods.modlauncher.BootstrapLaunchConsumer.accept(BootstrapLaunchConsumer.java:26) [modlauncher-10.0.8.jar%2354!/:?]
	at cpw.mods.modlauncher.BootstrapLaunchConsumer.accept(BootstrapLaunchConsumer.java:23) [modlauncher-10.0.8.jar%2354!/:?]
	at cpw.mods.bootstraplauncher.BootstrapLauncher.main(BootstrapLauncher.java:141) [bootstraplauncher-1.1.2.jar:?]
[11Apr2025 16:50:53.539] [main/ERROR] [net.minecraft.world.item.crafting.RecipeManager/]: Parsing error loading recipe mekanism:sawing/chest_boat/echo
com.google.gson.JsonSyntaxException: Invalid or unsupported recipe type 'mekanism:sawing'
	at net.minecraft.world.item.crafting.RecipeManager.m_220253_(RecipeManager.java:170) ~[server-1.19.2-20220805.130853-srg.jar%23137!/:?]
	at java.util.Optional.orElseThrow(Optional.java:403) ~[?:?]
	at net.minecraft.world.item.crafting.RecipeManager.fromJson(RecipeManager.java:169) ~[server-1.19.2-20220805.130853-srg.jar%23137!/:?]
	at net.minecraft.world.item.crafting.RecipeManager.m_5787_(RecipeManager.java:67) ~[server-1.19.2-20220805.130853-srg.jar%23137!/:?]
	at net.minecraft.world.item.crafting.RecipeManager.m_5787_(RecipeManager.java:34) ~[server-1.19.2-20220805.130853-srg.jar%23137!/:?]
	at net.minecraft.server.packs.resources.SimplePreparableReloadListener.m_10789_(SimplePreparableReloadListener.java:13) ~[server-1.19.2-20220805.130853-srg.jar%23137!/:?]
	at java.util.concurrent.CompletableFuture$UniAccept.tryFire(CompletableFuture.java:718) ~[?:?]
	at java.util.concurrent.CompletableFuture$Completion.run(CompletableFuture.java:482) ~[?:?]
	at net.minecraft.server.packs.resources.SimpleReloadInstance.m_143940_(SimpleReloadInstance.java:69) ~[server-1.19.2-20220805.130853-srg.jar%23137!/:?]
	at net.minecraft.Util.m_214652_(Util.java:781) ~[server-1.19.2-20220805.130853-srg.jar%23137!/:?]
	at net.minecraft.Util.m_214679_(Util.java:770) ~[server-1.19.2-20220805.130853-srg.jar%23137!/:?]
	at net.minecraft.server.Main.main(Main.java:157) ~[server-1.19.2-20220805.130853-srg.jar%23137!/:?]
	at jdk.internal.reflect.NativeMethodAccessorImpl.invoke0(Native Method) ~[?:?]
	at jdk.internal.reflect.NativeMethodAccessorImpl.invoke(NativeMethodAccessorImpl.java:77) ~[?:?]
	at jdk.internal.reflect.DelegatingMethodAccessorImpl.invoke(DelegatingMethodAccessorImpl.java:43) ~[?:?]
	at java.lang.reflect.Method.invoke(Method.java:569) ~[?:?]
	at net.minecraftforge.fml.loading.targets.CommonServerLaunchHandler.lambda$launchService$0(CommonServerLaunchHandler.java:29) ~[fmlloader-1.19.2-43.4.2.jar%2367!/:?]
	at cpw.mods.modlauncher.LaunchServiceHandlerDecorator.launch(LaunchServiceHandlerDecorator.java:30) [modlauncher-10.0.8.jar%2354!/:?]
	at cpw.mods.modlauncher.LaunchServiceHandler.launch(LaunchServiceHandler.java:53) [modlauncher-10.0.8.jar%2354!/:?]
	at cpw.mods.modlauncher.LaunchServiceHandler.launch(LaunchServiceHandler.java:71) [modlauncher-10.0.8.jar%2354!/:?]
	at cpw.mods.modlauncher.Launcher.run(Launcher.java:106) [modlauncher-10.0.8.jar%2354!/:?]
	at cpw.mods.modlauncher.Launcher.main(Launcher.java:77) [modlauncher-10.0.8.jar%2354!/:?]
	at cpw.mods.modlauncher.BootstrapLaunchConsumer.accept(BootstrapLaunchConsumer.java:26) [modlauncher-10.0.8.jar%2354!/:?]
	at cpw.mods.modlauncher.BootstrapLaunchConsumer.accept(BootstrapLaunchConsumer.java:23) [modlauncher-10.0.8.jar%2354!/:?]
	at cpw.mods.bootstraplauncher.BootstrapLauncher.main(BootstrapLauncher.java:141) [bootstraplauncher-1.1.2.jar:?]
[11Apr2025 16:50:53.541] [main/ERROR] [net.minecraft.world.item.crafting.RecipeManager/]: Parsing error loading recipe mekanism:enriching/conversion/gloomslate/stairs_to_smooth
com.google.gson.JsonSyntaxException: Invalid or unsupported recipe type 'mekanism:enriching'
	at net.minecraft.world.item.crafting.RecipeManager.m_220253_(RecipeManager.java:170) ~[server-1.19.2-20220805.130853-srg.jar%23137!/:?]
	at java.util.Optional.orElseThrow(Optional.java:403) ~[?:?]
	at net.minecraft.world.item.crafting.RecipeManager.fromJson(RecipeManager.java:169) ~[server-1.19.2-20220805.130853-srg.jar%23137!/:?]
	at net.minecraft.world.item.crafting.RecipeManager.m_5787_(RecipeManager.java:67) ~[server-1.19.2-20220805.130853-srg.jar%23137!/:?]
	at net.minecraft.world.item.crafting.RecipeManager.m_5787_(RecipeManager.java:34) ~[server-1.19.2-20220805.130853-srg.jar%23137!/:?]
	at net.minecraft.server.packs.resources.SimplePreparableReloadListener.m_10789_(SimplePreparableReloadListener.java:13) ~[server-1.19.2-20220805.130853-srg.jar%23137!/:?]
	at java.util.concurrent.CompletableFuture$UniAccept.tryFire(CompletableFuture.java:718) ~[?:?]
	at java.util.concurrent.CompletableFuture$Completion.run(CompletableFuture.java:482) ~[?:?]
	at net.minecraft.server.packs.resources.SimpleReloadInstance.m_143940_(SimpleReloadInstance.java:69) ~[server-1.19.2-20220805.130853-srg.jar%23137!/:?]
	at net.minecraft.Util.m_214652_(Util.java:781) ~[server-1.19.2-20220805.130853-srg.jar%23137!/:?]
	at net.minecraft.Util.m_214679_(Util.java:770) ~[server-1.19.2-20220805.130853-srg.jar%23137!/:?]
	at net.minecraft.server.Main.main(Main.java:157) ~[server-1.19.2-20220805.130853-srg.jar%23137!/:?]
	at jdk.internal.reflect.NativeMethodAccessorImpl.invoke0(Native Method) ~[?:?]
	at jdk.internal.reflect.NativeMethodAccessorImpl.invoke(NativeMethodAccessorImpl.java:77) ~[?:?]
	at jdk.internal.reflect.DelegatingMethodAccessorImpl.invoke(DelegatingMethodAccessorImpl.java:43) ~[?:?]
	at java.lang.reflect.Method.invoke(Method.java:569) ~[?:?]
	at net.minecraftforge.fml.loading.targets.CommonServerLaunchHandler.lambda$launchService$0(CommonServerLaunchHandler.java:29) ~[fmlloader-1.19.2-43.4.2.jar%2367!/:?]
	at cpw.mods.modlauncher.LaunchServiceHandlerDecorator.launch(LaunchServiceHandlerDecorator.java:30) [modlauncher-10.0.8.jar%2354!/:?]
	at cpw.mods.modlauncher.LaunchServiceHandler.launch(LaunchServiceHandler.java:53) [modlauncher-10.0.8.jar%2354!/:?]
	at cpw.mods.modlauncher.LaunchServiceHandler.launch(LaunchServiceHandler.java:71) [modlauncher-10.0.8.jar%2354!/:?]
	at cpw.mods.modlauncher.Launcher.run(Launcher.java:106) [modlauncher-10.0.8.jar%2354!/:?]
	at cpw.mods.modlauncher.Launcher.main(Launcher.java:77) [modlauncher-10.0.8.jar%2354!/:?]
	at cpw.mods.modlauncher.BootstrapLaunchConsumer.accept(BootstrapLaunchConsumer.java:26) [modlauncher-10.0.8.jar%2354!/:?]
	at cpw.mods.modlauncher.BootstrapLaunchConsumer.accept(BootstrapLaunchConsumer.java:23) [modlauncher-10.0.8.jar%2354!/:?]
	at cpw.mods.bootstraplauncher.BootstrapLauncher.main(BootstrapLauncher.java:141) [bootstraplauncher-1.1.2.jar:?]
[11Apr2025 16:50:53.542] [main/ERROR] [net.minecraft.world.item.crafting.RecipeManager/]: Parsing error loading recipe mekanism:crushing/gloomslate/cut_to_polished
com.google.gson.JsonSyntaxException: Invalid or unsupported recipe type 'mekanism:crushing'
	at net.minecraft.world.item.crafting.RecipeManager.m_220253_(RecipeManager.java:170) ~[server-1.19.2-20220805.130853-srg.jar%23137!/:?]
	at java.util.Optional.orElseThrow(Optional.java:403) ~[?:?]
	at net.minecraft.world.item.crafting.RecipeManager.fromJson(RecipeManager.java:169) ~[server-1.19.2-20220805.130853-srg.jar%23137!/:?]
	at net.minecraft.world.item.crafting.RecipeManager.m_5787_(RecipeManager.java:67) ~[server-1.19.2-20220805.130853-srg.jar%23137!/:?]
	at net.minecraft.world.item.crafting.RecipeManager.m_5787_(RecipeManager.java:34) ~[server-1.19.2-20220805.130853-srg.jar%23137!/:?]
	at net.minecraft.server.packs.resources.SimplePreparableReloadListener.m_10789_(SimplePreparableReloadListener.java:13) ~[server-1.19.2-20220805.130853-srg.jar%23137!/:?]
	at java.util.concurrent.CompletableFuture$UniAccept.tryFire(CompletableFuture.java:718) ~[?:?]
	at java.util.concurrent.CompletableFuture$Completion.run(CompletableFuture.java:482) ~[?:?]
	at net.minecraft.server.packs.resources.SimpleReloadInstance.m_143940_(SimpleReloadInstance.java:69) ~[server-1.19.2-20220805.130853-srg.jar%23137!/:?]
	at net.minecraft.Util.m_214652_(Util.java:781) ~[server-1.19.2-20220805.130853-srg.jar%23137!/:?]
	at net.minecraft.Util.m_214679_(Util.java:770) ~[server-1.19.2-20220805.130853-srg.jar%23137!/:?]
	at net.minecraft.server.Main.main(Main.java:157) ~[server-1.19.2-20220805.130853-srg.jar%23137!/:?]
	at jdk.internal.reflect.NativeMethodAccessorImpl.invoke0(Native Method) ~[?:?]
	at jdk.internal.reflect.NativeMethodAccessorImpl.invoke(NativeMethodAccessorImpl.java:77) ~[?:?]
	at jdk.internal.reflect.DelegatingMethodAccessorImpl.invoke(DelegatingMethodAccessorImpl.java:43) ~[?:?]
	at java.lang.reflect.Method.invoke(Method.java:569) ~[?:?]
	at net.minecraftforge.fml.loading.targets.CommonServerLaunchHandler.lambda$launchService$0(CommonServerLaunchHandler.java:29) ~[fmlloader-1.19.2-43.4.2.jar%2367!/:?]
	at cpw.mods.modlauncher.LaunchServiceHandlerDecorator.launch(LaunchServiceHandlerDecorator.java:30) [modlauncher-10.0.8.jar%2354!/:?]
	at cpw.mods.modlauncher.LaunchServiceHandler.launch(LaunchServiceHandler.java:53) [modlauncher-10.0.8.jar%2354!/:?]
	at cpw.mods.modlauncher.LaunchServiceHandler.launch(LaunchServiceHandler.java:71) [modlauncher-10.0.8.jar%2354!/:?]
	at cpw.mods.modlauncher.Launcher.run(Launcher.java:106) [modlauncher-10.0.8.jar%2354!/:?]
	at cpw.mods.modlauncher.Launcher.main(Launcher.java:77) [modlauncher-10.0.8.jar%2354!/:?]
	at cpw.mods.modlauncher.BootstrapLaunchConsumer.accept(BootstrapLaunchConsumer.java:26) [modlauncher-10.0.8.jar%2354!/:?]
	at cpw.mods.modlauncher.BootstrapLaunchConsumer.accept(BootstrapLaunchConsumer.java:23) [modlauncher-10.0.8.jar%2354!/:?]
	at cpw.mods.bootstraplauncher.BootstrapLauncher.main(BootstrapLauncher.java:141) [bootstraplauncher-1.1.2.jar:?]
[11Apr2025 16:50:53.543] [main/ERROR] [net.minecraft.world.item.crafting.RecipeManager/]: Parsing error loading recipe mekanism:crushing/sculk_stone/brick_stairs_to_tile
com.google.gson.JsonSyntaxException: Invalid or unsupported recipe type 'mekanism:crushing'
	at net.minecraft.world.item.crafting.RecipeManager.m_220253_(RecipeManager.java:170) ~[server-1.19.2-20220805.130853-srg.jar%23137!/:?]
	at java.util.Optional.orElseThrow(Optional.java:403) ~[?:?]
	at net.minecraft.world.item.crafting.RecipeManager.fromJson(RecipeManager.java:169) ~[server-1.19.2-20220805.130853-srg.jar%23137!/:?]
	at net.minecraft.world.item.crafting.RecipeManager.m_5787_(RecipeManager.java:67) ~[server-1.19.2-20220805.130853-srg.jar%23137!/:?]
	at net.minecraft.world.item.crafting.RecipeManager.m_5787_(RecipeManager.java:34) ~[server-1.19.2-20220805.130853-srg.jar%23137!/:?]
	at net.minecraft.server.packs.resources.SimplePreparableReloadListener.m_10789_(SimplePreparableReloadListener.java:13) ~[server-1.19.2-20220805.130853-srg.jar%23137!/:?]
	at java.util.concurrent.CompletableFuture$UniAccept.tryFire(CompletableFuture.java:718) ~[?:?]
	at java.util.concurrent.CompletableFuture$Completion.run(CompletableFuture.java:482) ~[?:?]
	at net.minecraft.server.packs.resources.SimpleReloadInstance.m_143940_(SimpleReloadInstance.java:69) ~[server-1.19.2-20220805.130853-srg.jar%23137!/:?]
	at net.minecraft.Util.m_214652_(Util.java:781) ~[server-1.19.2-20220805.130853-srg.jar%23137!/:?]
	at net.minecraft.Util.m_214679_(Util.java:770) ~[server-1.19.2-20220805.130853-srg.jar%23137!/:?]
	at net.minecraft.server.Main.main(Main.java:157) ~[server-1.19.2-20220805.130853-srg.jar%23137!/:?]
	at jdk.internal.reflect.NativeMethodAccessorImpl.invoke0(Native Method) ~[?:?]
	at jdk.internal.reflect.NativeMethodAccessorImpl.invoke(NativeMethodAccessorImpl.java:77) ~[?:?]
	at jdk.internal.reflect.DelegatingMethodAccessorImpl.invoke(DelegatingMethodAccessorImpl.java:43) ~[?:?]
	at java.lang.reflect.Method.invoke(Method.java:569) ~[?:?]
	at net.minecraftforge.fml.loading.targets.CommonServerLaunchHandler.lambda$launchService$0(CommonServerLaunchHandler.java:29) ~[fmlloader-1.19.2-43.4.2.jar%2367!/:?]
	at cpw.mods.modlauncher.LaunchServiceHandlerDecorator.launch(LaunchServiceHandlerDecorator.java:30) [modlauncher-10.0.8.jar%2354!/:?]
	at cpw.mods.modlauncher.LaunchServiceHandler.launch(LaunchServiceHandler.java:53) [modlauncher-10.0.8.jar%2354!/:?]
	at cpw.mods.modlauncher.LaunchServiceHandler.launch(LaunchServiceHandler.java:71) [modlauncher-10.0.8.jar%2354!/:?]
	at cpw.mods.modlauncher.Launcher.run(Launcher.java:106) [modlauncher-10.0.8.jar%2354!/:?]
	at cpw.mods.modlauncher.Launcher.main(Launcher.java:77) [modlauncher-10.0.8.jar%2354!/:?]
	at cpw.mods.modlauncher.BootstrapLaunchConsumer.accept(BootstrapLaunchConsumer.java:26) [modlauncher-10.0.8.jar%2354!/:?]
	at cpw.mods.modlauncher.BootstrapLaunchConsumer.accept(BootstrapLaunchConsumer.java:23) [modlauncher-10.0.8.jar%2354!/:?]
	at cpw.mods.bootstraplauncher.BootstrapLauncher.main(BootstrapLauncher.java:141) [bootstraplauncher-1.1.2.jar:?]
[11Apr2025 16:50:53.545] [main/ERROR] [net.minecraft.world.item.crafting.RecipeManager/]: Parsing error loading recipe mekanism:crushing/sculk_stone/brick_slabs_to_tile
com.google.gson.JsonSyntaxException: Invalid or unsupported recipe type 'mekanism:crushing'
	at net.minecraft.world.item.crafting.RecipeManager.m_220253_(RecipeManager.java:170) ~[server-1.19.2-20220805.130853-srg.jar%23137!/:?]
	at java.util.Optional.orElseThrow(Optional.java:403) ~[?:?]
	at net.minecraft.world.item.crafting.RecipeManager.fromJson(RecipeManager.java:169) ~[server-1.19.2-20220805.130853-srg.jar%23137!/:?]
	at net.minecraft.world.item.crafting.RecipeManager.m_5787_(RecipeManager.java:67) ~[server-1.19.2-20220805.130853-srg.jar%23137!/:?]
	at net.minecraft.world.item.crafting.RecipeManager.m_5787_(RecipeManager.java:34) ~[server-1.19.2-20220805.130853-srg.jar%23137!/:?]
	at net.minecraft.server.packs.resources.SimplePreparableReloadListener.m_10789_(SimplePreparableReloadListener.java:13) ~[server-1.19.2-20220805.130853-srg.jar%23137!/:?]
	at java.util.concurrent.CompletableFuture$UniAccept.tryFire(CompletableFuture.java:718) ~[?:?]
	at java.util.concurrent.CompletableFuture$Completion.run(CompletableFuture.java:482) ~[?:?]
	at net.minecraft.server.packs.resources.SimpleReloadInstance.m_143940_(SimpleReloadInstance.java:69) ~[server-1.19.2-20220805.130853-srg.jar%23137!/:?]
	at net.minecraft.Util.m_214652_(Util.java:781) ~[server-1.19.2-20220805.130853-srg.jar%23137!/:?]
	at net.minecraft.Util.m_214679_(Util.java:770) ~[server-1.19.2-20220805.130853-srg.jar%23137!/:?]
	at net.minecraft.server.Main.main(Main.java:157) ~[server-1.19.2-20220805.130853-srg.jar%23137!/:?]
	at jdk.internal.reflect.NativeMethodAccessorImpl.invoke0(Native Method) ~[?:?]
	at jdk.internal.reflect.NativeMethodAccessorImpl.invoke(NativeMethodAccessorImpl.java:77) ~[?:?]
	at jdk.internal.reflect.DelegatingMethodAccessorImpl.invoke(DelegatingMethodAccessorImpl.java:43) ~[?:?]
	at java.lang.reflect.Method.invoke(Method.java:569) ~[?:?]
	at net.minecraftforge.fml.loading.targets.CommonServerLaunchHandler.lambda$launchService$0(CommonServerLaunchHandler.java:29) ~[fmlloader-1.19.2-43.4.2.jar%2367!/:?]
	at cpw.mods.modlauncher.LaunchServiceHandlerDecorator.launch(LaunchServiceHandlerDecorator.java:30) [modlauncher-10.0.8.jar%2354!/:?]
	at cpw.mods.modlauncher.LaunchServiceHandler.launch(LaunchServiceHandler.java:53) [modlauncher-10.0.8.jar%2354!/:?]
	at cpw.mods.modlauncher.LaunchServiceHandler.launch(LaunchServiceHandler.java:71) [modlauncher-10.0.8.jar%2354!/:?]
	at cpw.mods.modlauncher.Launcher.run(Launcher.java:106) [modlauncher-10.0.8.jar%2354!/:?]
	at cpw.mods.modlauncher.Launcher.main(Launcher.java:77) [modlauncher-10.0.8.jar%2354!/:?]
	at cpw.mods.modlauncher.BootstrapLaunchConsumer.accept(BootstrapLaunchConsumer.java:26) [modlauncher-10.0.8.jar%2354!/:?]
	at cpw.mods.modlauncher.BootstrapLaunchConsumer.accept(BootstrapLaunchConsumer.java:23) [modlauncher-10.0.8.jar%2354!/:?]
	at cpw.mods.bootstraplauncher.BootstrapLauncher.main(BootstrapLauncher.java:141) [bootstraplauncher-1.1.2.jar:?]
[11Apr2025 16:50:53.547] [main/ERROR] [net.minecraft.world.item.crafting.RecipeManager/]: Parsing error loading recipe mekanism:crushing/sculk_stone/cut_to_polished
com.google.gson.JsonSyntaxException: Invalid or unsupported recipe type 'mekanism:crushing'
	at net.minecraft.world.item.crafting.RecipeManager.m_220253_(RecipeManager.java:170) ~[server-1.19.2-20220805.130853-srg.jar%23137!/:?]
	at java.util.Optional.orElseThrow(Optional.java:403) ~[?:?]
	at net.minecraft.world.item.crafting.RecipeManager.fromJson(RecipeManager.java:169) ~[server-1.19.2-20220805.130853-srg.jar%23137!/:?]
	at net.minecraft.world.item.crafting.RecipeManager.m_5787_(RecipeManager.java:67) ~[server-1.19.2-20220805.130853-srg.jar%23137!/:?]
	at net.minecraft.world.item.crafting.RecipeManager.m_5787_(RecipeManager.java:34) ~[server-1.19.2-20220805.130853-srg.jar%23137!/:?]
	at net.minecraft.server.packs.resources.SimplePreparableReloadListener.m_10789_(SimplePreparableReloadListener.java:13) ~[server-1.19.2-20220805.130853-srg.jar%23137!/:?]
	at java.util.concurrent.CompletableFuture$UniAccept.tryFire(CompletableFuture.java:718) ~[?:?]
	at java.util.concurrent.CompletableFuture$Completion.run(CompletableFuture.java:482) ~[?:?]
	at net.minecraft.server.packs.resources.SimpleReloadInstance.m_143940_(SimpleReloadInstance.java:69) ~[server-1.19.2-20220805.130853-srg.jar%23137!/:?]
	at net.minecraft.Util.m_214652_(Util.java:781) ~[server-1.19.2-20220805.130853-srg.jar%23137!/:?]
	at net.minecraft.Util.m_214679_(Util.java:770) ~[server-1.19.2-20220805.130853-srg.jar%23137!/:?]
	at net.minecraft.server.Main.main(Main.java:157) ~[server-1.19.2-20220805.130853-srg.jar%23137!/:?]
	at jdk.internal.reflect.NativeMethodAccessorImpl.invoke0(Native Method) ~[?:?]
	at jdk.internal.reflect.NativeMethodAccessorImpl.invoke(NativeMethodAccessorImpl.java:77) ~[?:?]
	at jdk.internal.reflect.DelegatingMethodAccessorImpl.invoke(DelegatingMethodAccessorImpl.java:43) ~[?:?]
	at java.lang.reflect.Method.invoke(Method.java:569) ~[?:?]
	at net.minecraftforge.fml.loading.targets.CommonServerLaunchHandler.lambda$launchService$0(CommonServerLaunchHandler.java:29) ~[fmlloader-1.19.2-43.4.2.jar%2367!/:?]
	at cpw.mods.modlauncher.LaunchServiceHandlerDecorator.launch(LaunchServiceHandlerDecorator.java:30) [modlauncher-10.0.8.jar%2354!/:?]
	at cpw.mods.modlauncher.LaunchServiceHandler.launch(LaunchServiceHandler.java:53) [modlauncher-10.0.8.jar%2354!/:?]
	at cpw.mods.modlauncher.LaunchServiceHandler.launch(LaunchServiceHandler.java:71) [modlauncher-10.0.8.jar%2354!/:?]
	at cpw.mods.modlauncher.Launcher.run(Launcher.java:106) [modlauncher-10.0.8.jar%2354!/:?]
	at cpw.mods.modlauncher.Launcher.main(Launcher.java:77) [modlauncher-10.0.8.jar%2354!/:?]
	at cpw.mods.modlauncher.BootstrapLaunchConsumer.accept(BootstrapLaunchConsumer.java:26) [modlauncher-10.0.8.jar%2354!/:?]
	at cpw.mods.modlauncher.BootstrapLaunchConsumer.accept(BootstrapLaunchConsumer.java:23) [modlauncher-10.0.8.jar%2354!/:?]
	at cpw.mods.bootstraplauncher.BootstrapLauncher.main(BootstrapLauncher.java:141) [bootstraplauncher-1.1.2.jar:?]
[11Apr2025 16:50:53.548] [main/ERROR] [net.minecraft.world.item.crafting.RecipeManager/]: Parsing error loading recipe mekanism:enriching/conversion/sculk_stone/cut_slabs_to_smooth
com.google.gson.JsonSyntaxException: Invalid or unsupported recipe type 'mekanism:enriching'
	at net.minecraft.world.item.crafting.RecipeManager.m_220253_(RecipeManager.java:170) ~[server-1.19.2-20220805.130853-srg.jar%23137!/:?]
	at java.util.Optional.orElseThrow(Optional.java:403) ~[?:?]
	at net.minecraft.world.item.crafting.RecipeManager.fromJson(RecipeManager.java:169) ~[server-1.19.2-20220805.130853-srg.jar%23137!/:?]
	at net.minecraft.world.item.crafting.RecipeManager.m_5787_(RecipeManager.java:67) ~[server-1.19.2-20220805.130853-srg.jar%23137!/:?]
	at net.minecraft.world.item.crafting.RecipeManager.m_5787_(RecipeManager.java:34) ~[server-1.19.2-20220805.130853-srg.jar%23137!/:?]
	at net.minecraft.server.packs.resources.SimplePreparableReloadListener.m_10789_(SimplePreparableReloadListener.java:13) ~[server-1.19.2-20220805.130853-srg.jar%23137!/:?]
	at java.util.concurrent.CompletableFuture$UniAccept.tryFire(CompletableFuture.java:718) ~[?:?]
	at java.util.concurrent.CompletableFuture$Completion.run(CompletableFuture.java:482) ~[?:?]
	at net.minecraft.server.packs.resources.SimpleReloadInstance.m_143940_(SimpleReloadInstance.java:69) ~[server-1.19.2-20220805.130853-srg.jar%23137!/:?]
	at net.minecraft.Util.m_214652_(Util.java:781) ~[server-1.19.2-20220805.130853-srg.jar%23137!/:?]
	at net.minecraft.Util.m_214679_(Util.java:770) ~[server-1.19.2-20220805.130853-srg.jar%23137!/:?]
	at net.minecraft.server.Main.main(Main.java:157) ~[server-1.19.2-20220805.130853-srg.jar%23137!/:?]
	at jdk.internal.reflect.NativeMethodAccessorImpl.invoke0(Native Method) ~[?:?]
	at jdk.internal.reflect.NativeMethodAccessorImpl.invoke(NativeMethodAccessorImpl.java:77) ~[?:?]
	at jdk.internal.reflect.DelegatingMethodAccessorImpl.invoke(DelegatingMethodAccessorImpl.java:43) ~[?:?]
	at java.lang.reflect.Method.invoke(Method.java:569) ~[?:?]
	at net.minecraftforge.fml.loading.targets.CommonServerLaunchHandler.lambda$launchService$0(CommonServerLaunchHandler.java:29) ~[fmlloader-1.19.2-43.4.2.jar%2367!/:?]
	at cpw.mods.modlauncher.LaunchServiceHandlerDecorator.launch(LaunchServiceHandlerDecorator.java:30) [modlauncher-10.0.8.jar%2354!/:?]
	at cpw.mods.modlauncher.LaunchServiceHandler.launch(LaunchServiceHandler.java:53) [modlauncher-10.0.8.jar%2354!/:?]
	at cpw.mods.modlauncher.LaunchServiceHandler.launch(LaunchServiceHandler.java:71) [modlauncher-10.0.8.jar%2354!/:?]
	at cpw.mods.modlauncher.Launcher.run(Launcher.java:106) [modlauncher-10.0.8.jar%2354!/:?]
	at cpw.mods.modlauncher.Launcher.main(Launcher.java:77) [modlauncher-10.0.8.jar%2354!/:?]
	at cpw.mods.modlauncher.BootstrapLaunchConsumer.accept(BootstrapLaunchConsumer.java:26) [modlauncher-10.0.8.jar%2354!/:?]
	at cpw.mods.modlauncher.BootstrapLaunchConsumer.accept(BootstrapLaunchConsumer.java:23) [modlauncher-10.0.8.jar%2354!/:?]
	at cpw.mods.bootstraplauncher.BootstrapLauncher.main(BootstrapLauncher.java:141) [bootstraplauncher-1.1.2.jar:?]
[11Apr2025 16:50:53.551] [main/ERROR] [net.minecraft.world.item.crafting.RecipeManager/]: Parsing error loading recipe mekanism:crushing/sculk_stone/stairs_to_cobbled
com.google.gson.JsonSyntaxException: Invalid or unsupported recipe type 'mekanism:crushing'
	at net.minecraft.world.item.crafting.RecipeManager.m_220253_(RecipeManager.java:170) ~[server-1.19.2-20220805.130853-srg.jar%23137!/:?]
	at java.util.Optional.orElseThrow(Optional.java:403) ~[?:?]
	at net.minecraft.world.item.crafting.RecipeManager.fromJson(RecipeManager.java:169) ~[server-1.19.2-20220805.130853-srg.jar%23137!/:?]
	at net.minecraft.world.item.crafting.RecipeManager.m_5787_(RecipeManager.java:67) ~[server-1.19.2-20220805.130853-srg.jar%23137!/:?]
	at net.minecraft.world.item.crafting.RecipeManager.m_5787_(RecipeManager.java:34) ~[server-1.19.2-20220805.130853-srg.jar%23137!/:?]
	at net.minecraft.server.packs.resources.SimplePreparableReloadListener.m_10789_(SimplePreparableReloadListener.java:13) ~[server-1.19.2-20220805.130853-srg.jar%23137!/:?]
	at java.util.concurrent.CompletableFuture$UniAccept.tryFire(CompletableFuture.java:718) ~[?:?]
	at java.util.concurrent.CompletableFuture$Completion.run(CompletableFuture.java:482) ~[?:?]
	at net.minecraft.server.packs.resources.SimpleReloadInstance.m_143940_(SimpleReloadInstance.java:69) ~[server-1.19.2-20220805.130853-srg.jar%23137!/:?]
	at net.minecraft.Util.m_214652_(Util.java:781) ~[server-1.19.2-20220805.130853-srg.jar%23137!/:?]
	at net.minecraft.Util.m_214679_(Util.java:770) ~[server-1.19.2-20220805.130853-srg.jar%23137!/:?]
	at net.minecraft.server.Main.main(Main.java:157) ~[server-1.19.2-20220805.130853-srg.jar%23137!/:?]
	at jdk.internal.reflect.NativeMethodAccessorImpl.invoke0(Native Method) ~[?:?]
	at jdk.internal.reflect.NativeMethodAccessorImpl.invoke(NativeMethodAccessorImpl.java:77) ~[?:?]
	at jdk.internal.reflect.DelegatingMethodAccessorImpl.invoke(DelegatingMethodAccessorImpl.java:43) ~[?:?]
	at java.lang.reflect.Method.invoke(Method.java:569) ~[?:?]
	at net.minecraftforge.fml.loading.targets.CommonServerLaunchHandler.lambda$launchService$0(CommonServerLaunchHandler.java:29) ~[fmlloader-1.19.2-43.4.2.jar%2367!/:?]
	at cpw.mods.modlauncher.LaunchServiceHandlerDecorator.launch(LaunchServiceHandlerDecorator.java:30) [modlauncher-10.0.8.jar%2354!/:?]
	at cpw.mods.modlauncher.LaunchServiceHandler.launch(LaunchServiceHandler.java:53) [modlauncher-10.0.8.jar%2354!/:?]
	at cpw.mods.modlauncher.LaunchServiceHandler.launch(LaunchServiceHandler.java:71) [modlauncher-10.0.8.jar%2354!/:?]
	at cpw.mods.modlauncher.Launcher.run(Launcher.java:106) [modlauncher-10.0.8.jar%2354!/:?]
	at cpw.mods.modlauncher.Launcher.main(Launcher.java:77) [modlauncher-10.0.8.jar%2354!/:?]
	at cpw.mods.modlauncher.BootstrapLaunchConsumer.accept(BootstrapLaunchConsumer.java:26) [modlauncher-10.0.8.jar%2354!/:?]
	at cpw.mods.modlauncher.BootstrapLaunchConsumer.accept(BootstrapLaunchConsumer.java:23) [modlauncher-10.0.8.jar%2354!/:?]
	at cpw.mods.bootstraplauncher.BootstrapLauncher.main(BootstrapLauncher.java:141) [bootstraplauncher-1.1.2.jar:?]
[11Apr2025 16:50:53.552] [main/ERROR] [net.minecraft.world.item.crafting.RecipeManager/]: Parsing error loading recipe mekanism:crushing/gloomslate/polished_stairs_to_brick
com.google.gson.JsonSyntaxException: Invalid or unsupported recipe type 'mekanism:crushing'
	at net.minecraft.world.item.crafting.RecipeManager.m_220253_(RecipeManager.java:170) ~[server-1.19.2-20220805.130853-srg.jar%23137!/:?]
	at java.util.Optional.orElseThrow(Optional.java:403) ~[?:?]
	at net.minecraft.world.item.crafting.RecipeManager.fromJson(RecipeManager.java:169) ~[server-1.19.2-20220805.130853-srg.jar%23137!/:?]
	at net.minecraft.world.item.crafting.RecipeManager.m_5787_(RecipeManager.java:67) ~[server-1.19.2-20220805.130853-srg.jar%23137!/:?]
	at net.minecraft.world.item.crafting.RecipeManager.m_5787_(RecipeManager.java:34) ~[server-1.19.2-20220805.130853-srg.jar%23137!/:?]
	at net.minecraft.server.packs.resources.SimplePreparableReloadListener.m_10789_(SimplePreparableReloadListener.java:13) ~[server-1.19.2-20220805.130853-srg.jar%23137!/:?]
	at java.util.concurrent.CompletableFuture$UniAccept.tryFire(CompletableFuture.java:718) ~[?:?]
	at java.util.concurrent.CompletableFuture$Completion.run(CompletableFuture.java:482) ~[?:?]
	at net.minecraft.server.packs.resources.SimpleReloadInstance.m_143940_(SimpleReloadInstance.java:69) ~[server-1.19.2-20220805.130853-srg.jar%23137!/:?]
	at net.minecraft.Util.m_214652_(Util.java:781) ~[server-1.19.2-20220805.130853-srg.jar%23137!/:?]
	at net.minecraft.Util.m_214679_(Util.java:770) ~[server-1.19.2-20220805.130853-srg.jar%23137!/:?]
	at net.minecraft.server.Main.main(Main.java:157) ~[server-1.19.2-20220805.130853-srg.jar%23137!/:?]
	at jdk.internal.reflect.NativeMethodAccessorImpl.invoke0(Native Method) ~[?:?]
	at jdk.internal.reflect.NativeMethodAccessorImpl.invoke(NativeMethodAccessorImpl.java:77) ~[?:?]
	at jdk.internal.reflect.DelegatingMethodAccessorImpl.invoke(DelegatingMethodAccessorImpl.java:43) ~[?:?]
	at java.lang.reflect.Method.invoke(Method.java:569) ~[?:?]
	at net.minecraftforge.fml.loading.targets.CommonServerLaunchHandler.lambda$launchService$0(CommonServerLaunchHandler.java:29) ~[fmlloader-1.19.2-43.4.2.jar%2367!/:?]
	at cpw.mods.modlauncher.LaunchServiceHandlerDecorator.launch(LaunchServiceHandlerDecorator.java:30) [modlauncher-10.0.8.jar%2354!/:?]
	at cpw.mods.modlauncher.LaunchServiceHandler.launch(LaunchServiceHandler.java:53) [modlauncher-10.0.8.jar%2354!/:?]
	at cpw.mods.modlauncher.LaunchServiceHandler.launch(LaunchServiceHandler.java:71) [modlauncher-10.0.8.jar%2354!/:?]
	at cpw.mods.modlauncher.Launcher.run(Launcher.java:106) [modlauncher-10.0.8.jar%2354!/:?]
	at cpw.mods.modlauncher.Launcher.main(Launcher.java:77) [modlauncher-10.0.8.jar%2354!/:?]
	at cpw.mods.modlauncher.BootstrapLaunchConsumer.accept(BootstrapLaunchConsumer.java:26) [modlauncher-10.0.8.jar%2354!/:?]
	at cpw.mods.modlauncher.BootstrapLaunchConsumer.accept(BootstrapLaunchConsumer.java:23) [modlauncher-10.0.8.jar%2354!/:?]
	at cpw.mods.bootstraplauncher.BootstrapLauncher.main(BootstrapLauncher.java:141) [bootstraplauncher-1.1.2.jar:?]
[11Apr2025 16:50:53.556] [main/ERROR] [net.minecraft.world.item.crafting.RecipeManager/]: Parsing error loading recipe mekanism:enriching/conversion/sculk_stone/cut_wall_to_smooth
com.google.gson.JsonSyntaxException: Invalid or unsupported recipe type 'mekanism:enriching'
	at net.minecraft.world.item.crafting.RecipeManager.m_220253_(RecipeManager.java:170) ~[server-1.19.2-20220805.130853-srg.jar%23137!/:?]
	at java.util.Optional.orElseThrow(Optional.java:403) ~[?:?]
	at net.minecraft.world.item.crafting.RecipeManager.fromJson(RecipeManager.java:169) ~[server-1.19.2-20220805.130853-srg.jar%23137!/:?]
	at net.minecraft.world.item.crafting.RecipeManager.m_5787_(RecipeManager.java:67) ~[server-1.19.2-20220805.130853-srg.jar%23137!/:?]
	at net.minecraft.world.item.crafting.RecipeManager.m_5787_(RecipeManager.java:34) ~[server-1.19.2-20220805.130853-srg.jar%23137!/:?]
	at net.minecraft.server.packs.resources.SimplePreparableReloadListener.m_10789_(SimplePreparableReloadListener.java:13) ~[server-1.19.2-20220805.130853-srg.jar%23137!/:?]
	at java.util.concurrent.CompletableFuture$UniAccept.tryFire(CompletableFuture.java:718) ~[?:?]
	at java.util.concurrent.CompletableFuture$Completion.run(CompletableFuture.java:482) ~[?:?]
	at net.minecraft.server.packs.resources.SimpleReloadInstance.m_143940_(SimpleReloadInstance.java:69) ~[server-1.19.2-20220805.130853-srg.jar%23137!/:?]
	at net.minecraft.Util.m_214652_(Util.java:781) ~[server-1.19.2-20220805.130853-srg.jar%23137!/:?]
	at net.minecraft.Util.m_214679_(Util.java:770) ~[server-1.19.2-20220805.130853-srg.jar%23137!/:?]
	at net.minecraft.server.Main.main(Main.java:157) ~[server-1.19.2-20220805.130853-srg.jar%23137!/:?]
	at jdk.internal.reflect.NativeMethodAccessorImpl.invoke0(Native Method) ~[?:?]
	at jdk.internal.reflect.NativeMethodAccessorImpl.invoke(NativeMethodAccessorImpl.java:77) ~[?:?]
	at jdk.internal.reflect.DelegatingMethodAccessorImpl.invoke(DelegatingMethodAccessorImpl.java:43) ~[?:?]
	at java.lang.reflect.Method.invoke(Method.java:569) ~[?:?]
	at net.minecraftforge.fml.loading.targets.CommonServerLaunchHandler.lambda$launchService$0(CommonServerLaunchHandler.java:29) ~[fmlloader-1.19.2-43.4.2.jar%2367!/:?]
	at cpw.mods.modlauncher.LaunchServiceHandlerDecorator.launch(LaunchServiceHandlerDecorator.java:30) [modlauncher-10.0.8.jar%2354!/:?]
	at cpw.mods.modlauncher.LaunchServiceHandler.launch(LaunchServiceHandler.java:53) [modlauncher-10.0.8.jar%2354!/:?]
	at cpw.mods.modlauncher.LaunchServiceHandler.launch(LaunchServiceHandler.java:71) [modlauncher-10.0.8.jar%2354!/:?]
	at cpw.mods.modlauncher.Launcher.run(Launcher.java:106) [modlauncher-10.0.8.jar%2354!/:?]
	at cpw.mods.modlauncher.Launcher.main(Launcher.java:77) [modlauncher-10.0.8.jar%2354!/:?]
	at cpw.mods.modlauncher.BootstrapLaunchConsumer.accept(BootstrapLaunchConsumer.java:26) [modlauncher-10.0.8.jar%2354!/:?]
	at cpw.mods.modlauncher.BootstrapLaunchConsumer.accept(BootstrapLaunchConsumer.java:23) [modlauncher-10.0.8.jar%2354!/:?]
	at cpw.mods.bootstraplauncher.BootstrapLauncher.main(BootstrapLauncher.java:141) [bootstraplauncher-1.1.2.jar:?]
[11Apr2025 16:50:53.558] [main/ERROR] [net.minecraft.world.item.crafting.RecipeManager/]: Parsing error loading recipe mekanism:enriching/conversion/sculk_stone/polished_stairs_to_cut
com.google.gson.JsonSyntaxException: Invalid or unsupported recipe type 'mekanism:enriching'
	at net.minecraft.world.item.crafting.RecipeManager.m_220253_(RecipeManager.java:170) ~[server-1.19.2-20220805.130853-srg.jar%23137!/:?]
	at java.util.Optional.orElseThrow(Optional.java:403) ~[?:?]
	at net.minecraft.world.item.crafting.RecipeManager.fromJson(RecipeManager.java:169) ~[server-1.19.2-20220805.130853-srg.jar%23137!/:?]
	at net.minecraft.world.item.crafting.RecipeManager.m_5787_(RecipeManager.java:67) ~[server-1.19.2-20220805.130853-srg.jar%23137!/:?]
	at net.minecraft.world.item.crafting.RecipeManager.m_5787_(RecipeManager.java:34) ~[server-1.19.2-20220805.130853-srg.jar%23137!/:?]
	at net.minecraft.server.packs.resources.SimplePreparableReloadListener.m_10789_(SimplePreparableReloadListener.java:13) ~[server-1.19.2-20220805.130853-srg.jar%23137!/:?]
	at java.util.concurrent.CompletableFuture$UniAccept.tryFire(CompletableFuture.java:718) ~[?:?]
	at java.util.concurrent.CompletableFuture$Completion.run(CompletableFuture.java:482) ~[?:?]
	at net.minecraft.server.packs.resources.SimpleReloadInstance.m_143940_(SimpleReloadInstance.java:69) ~[server-1.19.2-20220805.130853-srg.jar%23137!/:?]
	at net.minecraft.Util.m_214652_(Util.java:781) ~[server-1.19.2-20220805.130853-srg.jar%23137!/:?]
	at net.minecraft.Util.m_214679_(Util.java:770) ~[server-1.19.2-20220805.130853-srg.jar%23137!/:?]
	at net.minecraft.server.Main.main(Main.java:157) ~[server-1.19.2-20220805.130853-srg.jar%23137!/:?]
	at jdk.internal.reflect.NativeMethodAccessorImpl.invoke0(Native Method) ~[?:?]
	at jdk.internal.reflect.NativeMethodAccessorImpl.invoke(NativeMethodAccessorImpl.java:77) ~[?:?]
	at jdk.internal.reflect.DelegatingMethodAccessorImpl.invoke(DelegatingMethodAccessorImpl.java:43) ~[?:?]
	at java.lang.reflect.Method.invoke(Method.java:569) ~[?:?]
	at net.minecraftforge.fml.loading.targets.CommonServerLaunchHandler.lambda$launchService$0(CommonServerLaunchHandler.java:29) ~[fmlloader-1.19.2-43.4.2.jar%2367!/:?]
	at cpw.mods.modlauncher.LaunchServiceHandlerDecorator.launch(LaunchServiceHandlerDecorator.java:30) [modlauncher-10.0.8.jar%2354!/:?]
	at cpw.mods.modlauncher.LaunchServiceHandler.launch(LaunchServiceHandler.java:53) [modlauncher-10.0.8.jar%2354!/:?]
	at cpw.mods.modlauncher.LaunchServiceHandler.launch(LaunchServiceHandler.java:71) [modlauncher-10.0.8.jar%2354!/:?]
	at cpw.mods.modlauncher.Launcher.run(Launcher.java:106) [modlauncher-10.0.8.jar%2354!/:?]
	at cpw.mods.modlauncher.Launcher.main(Launcher.java:77) [modlauncher-10.0.8.jar%2354!/:?]
	at cpw.mods.modlauncher.BootstrapLaunchConsumer.accept(BootstrapLaunchConsumer.java:26) [modlauncher-10.0.8.jar%2354!/:?]
	at cpw.mods.modlauncher.BootstrapLaunchConsumer.accept(BootstrapLaunchConsumer.java:23) [modlauncher-10.0.8.jar%2354!/:?]
	at cpw.mods.bootstraplauncher.BootstrapLauncher.main(BootstrapLauncher.java:141) [bootstraplauncher-1.1.2.jar:?]
[11Apr2025 16:50:53.560] [main/ERROR] [net.minecraft.world.item.crafting.RecipeManager/]: Parsing error loading recipe mekanism:crushing/gloomslate/smooth_wall_to_cut
com.google.gson.JsonSyntaxException: Invalid or unsupported recipe type 'mekanism:crushing'
	at net.minecraft.world.item.crafting.RecipeManager.m_220253_(RecipeManager.java:170) ~[server-1.19.2-20220805.130853-srg.jar%23137!/:?]
	at java.util.Optional.orElseThrow(Optional.java:403) ~[?:?]
	at net.minecraft.world.item.crafting.RecipeManager.fromJson(RecipeManager.java:169) ~[server-1.19.2-20220805.130853-srg.jar%23137!/:?]
	at net.minecraft.world.item.crafting.RecipeManager.m_5787_(RecipeManager.java:67) ~[server-1.19.2-20220805.130853-srg.jar%23137!/:?]
	at net.minecraft.world.item.crafting.RecipeManager.m_5787_(RecipeManager.java:34) ~[server-1.19.2-20220805.130853-srg.jar%23137!/:?]
	at net.minecraft.server.packs.resources.SimplePreparableReloadListener.m_10789_(SimplePreparableReloadListener.java:13) ~[server-1.19.2-20220805.130853-srg.jar%23137!/:?]
	at java.util.concurrent.CompletableFuture$UniAccept.tryFire(CompletableFuture.java:718) ~[?:?]
	at java.util.concurrent.CompletableFuture$Completion.run(CompletableFuture.java:482) ~[?:?]
	at net.minecraft.server.packs.resources.SimpleReloadInstance.m_143940_(SimpleReloadInstance.java:69) ~[server-1.19.2-20220805.130853-srg.jar%23137!/:?]
	at net.minecraft.Util.m_214652_(Util.java:781) ~[server-1.19.2-20220805.130853-srg.jar%23137!/:?]
	at net.minecraft.Util.m_214679_(Util.java:770) ~[server-1.19.2-20220805.130853-srg.jar%23137!/:?]
	at net.minecraft.server.Main.main(Main.java:157) ~[server-1.19.2-20220805.130853-srg.jar%23137!/:?]
	at jdk.internal.reflect.NativeMethodAccessorImpl.invoke0(Native Method) ~[?:?]
	at jdk.internal.reflect.NativeMethodAccessorImpl.invoke(NativeMethodAccessorImpl.java:77) ~[?:?]
	at jdk.internal.reflect.DelegatingMethodAccessorImpl.invoke(DelegatingMethodAccessorImpl.java:43) ~[?:?]
	at java.lang.reflect.Method.invoke(Method.java:569) ~[?:?]
	at net.minecraftforge.fml.loading.targets.CommonServerLaunchHandler.lambda$launchService$0(CommonServerLaunchHandler.java:29) ~[fmlloader-1.19.2-43.4.2.jar%2367!/:?]
	at cpw.mods.modlauncher.LaunchServiceHandlerDecorator.launch(LaunchServiceHandlerDecorator.java:30) [modlauncher-10.0.8.jar%2354!/:?]
	at cpw.mods.modlauncher.LaunchServiceHandler.launch(LaunchServiceHandler.java:53) [modlauncher-10.0.8.jar%2354!/:?]
	at cpw.mods.modlauncher.LaunchServiceHandler.launch(LaunchServiceHandler.java:71) [modlauncher-10.0.8.jar%2354!/:?]
	at cpw.mods.modlauncher.Launcher.run(Launcher.java:106) [modlauncher-10.0.8.jar%2354!/:?]
	at cpw.mods.modlauncher.Launcher.main(Launcher.java:77) [modlauncher-10.0.8.jar%2354!/:?]
	at cpw.mods.modlauncher.BootstrapLaunchConsumer.accept(BootstrapLaunchConsumer.java:26) [modlauncher-10.0.8.jar%2354!/:?]
	at cpw.mods.modlauncher.BootstrapLaunchConsumer.accept(BootstrapLaunchConsumer.java:23) [modlauncher-10.0.8.jar%2354!/:?]
	at cpw.mods.bootstraplauncher.BootstrapLauncher.main(BootstrapLauncher.java:141) [bootstraplauncher-1.1.2.jar:?]
[11Apr2025 16:50:53.561] [main/ERROR] [net.minecraft.world.item.crafting.RecipeManager/]: Parsing error loading recipe mekanism:crushing/sculk_stone/smooth_to_cut
com.google.gson.JsonSyntaxException: Invalid or unsupported recipe type 'mekanism:crushing'
	at net.minecraft.world.item.crafting.RecipeManager.m_220253_(RecipeManager.java:170) ~[server-1.19.2-20220805.130853-srg.jar%23137!/:?]
	at java.util.Optional.orElseThrow(Optional.java:403) ~[?:?]
	at net.minecraft.world.item.crafting.RecipeManager.fromJson(RecipeManager.java:169) ~[server-1.19.2-20220805.130853-srg.jar%23137!/:?]
	at net.minecraft.world.item.crafting.RecipeManager.m_5787_(RecipeManager.java:67) ~[server-1.19.2-20220805.130853-srg.jar%23137!/:?]
	at net.minecraft.world.item.crafting.RecipeManager.m_5787_(RecipeManager.java:34) ~[server-1.19.2-20220805.130853-srg.jar%23137!/:?]
	at net.minecraft.server.packs.resources.SimplePreparableReloadListener.m_10789_(SimplePreparableReloadListener.java:13) ~[server-1.19.2-20220805.130853-srg.jar%23137!/:?]
	at java.util.concurrent.CompletableFuture$UniAccept.tryFire(CompletableFuture.java:718) ~[?:?]
	at java.util.concurrent.CompletableFuture$Completion.run(CompletableFuture.java:482) ~[?:?]
	at net.minecraft.server.packs.resources.SimpleReloadInstance.m_143940_(SimpleReloadInstance.java:69) ~[server-1.19.2-20220805.130853-srg.jar%23137!/:?]
	at net.minecraft.Util.m_214652_(Util.java:781) ~[server-1.19.2-20220805.130853-srg.jar%23137!/:?]
	at net.minecraft.Util.m_214679_(Util.java:770) ~[server-1.19.2-20220805.130853-srg.jar%23137!/:?]
	at net.minecraft.server.Main.main(Main.java:157) ~[server-1.19.2-20220805.130853-srg.jar%23137!/:?]
	at jdk.internal.reflect.NativeMethodAccessorImpl.invoke0(Native Method) ~[?:?]
	at jdk.internal.reflect.NativeMethodAccessorImpl.invoke(NativeMethodAccessorImpl.java:77) ~[?:?]
	at jdk.internal.reflect.DelegatingMethodAccessorImpl.invoke(DelegatingMethodAccessorImpl.java:43) ~[?:?]
	at java.lang.reflect.Method.invoke(Method.java:569) ~[?:?]
	at net.minecraftforge.fml.loading.targets.CommonServerLaunchHandler.lambda$launchService$0(CommonServerLaunchHandler.java:29) ~[fmlloader-1.19.2-43.4.2.jar%2367!/:?]
	at cpw.mods.modlauncher.LaunchServiceHandlerDecorator.launch(LaunchServiceHandlerDecorator.java:30) [modlauncher-10.0.8.jar%2354!/:?]
	at cpw.mods.modlauncher.LaunchServiceHandler.launch(LaunchServiceHandler.java:53) [modlauncher-10.0.8.jar%2354!/:?]
	at cpw.mods.modlauncher.LaunchServiceHandler.launch(LaunchServiceHandler.java:71) [modlauncher-10.0.8.jar%2354!/:?]
	at cpw.mods.modlauncher.Launcher.run(Launcher.java:106) [modlauncher-10.0.8.jar%2354!/:?]
	at cpw.mods.modlauncher.Launcher.main(Launcher.java:77) [modlauncher-10.0.8.jar%2354!/:?]
	at cpw.mods.modlauncher.BootstrapLaunchConsumer.accept(BootstrapLaunchConsumer.java:26) [modlauncher-10.0.8.jar%2354!/:?]
	at cpw.mods.modlauncher.BootstrapLaunchConsumer.accept(BootstrapLaunchConsumer.java:23) [modlauncher-10.0.8.jar%2354!/:?]
	at cpw.mods.bootstraplauncher.BootstrapLauncher.main(BootstrapLauncher.java:141) [bootstraplauncher-1.1.2.jar:?]
[11Apr2025 16:50:53.562] [main/ERROR] [net.minecraft.world.item.crafting.RecipeManager/]: Parsing error loading recipe mekanism:crushing/gloomslate/smooth_slabs_to_cut
com.google.gson.JsonSyntaxException: Invalid or unsupported recipe type 'mekanism:crushing'
	at net.minecraft.world.item.crafting.RecipeManager.m_220253_(RecipeManager.java:170) ~[server-1.19.2-20220805.130853-srg.jar%23137!/:?]
	at java.util.Optional.orElseThrow(Optional.java:403) ~[?:?]
	at net.minecraft.world.item.crafting.RecipeManager.fromJson(RecipeManager.java:169) ~[server-1.19.2-20220805.130853-srg.jar%23137!/:?]
	at net.minecraft.world.item.crafting.RecipeManager.m_5787_(RecipeManager.java:67) ~[server-1.19.2-20220805.130853-srg.jar%23137!/:?]
	at net.minecraft.world.item.crafting.RecipeManager.m_5787_(RecipeManager.java:34) ~[server-1.19.2-20220805.130853-srg.jar%23137!/:?]
	at net.minecraft.server.packs.resources.SimplePreparableReloadListener.m_10789_(SimplePreparableReloadListener.java:13) ~[server-1.19.2-20220805.130853-srg.jar%23137!/:?]
	at java.util.concurrent.CompletableFuture$UniAccept.tryFire(CompletableFuture.java:718) ~[?:?]
	at java.util.concurrent.CompletableFuture$Completion.run(CompletableFuture.java:482) ~[?:?]
	at net.minecraft.server.packs.resources.SimpleReloadInstance.m_143940_(SimpleReloadInstance.java:69) ~[server-1.19.2-20220805.130853-srg.jar%23137!/:?]
	at net.minecraft.Util.m_214652_(Util.java:781) ~[server-1.19.2-20220805.130853-srg.jar%23137!/:?]
	at net.minecraft.Util.m_214679_(Util.java:770) ~[server-1.19.2-20220805.130853-srg.jar%23137!/:?]
	at net.minecraft.server.Main.main(Main.java:157) ~[server-1.19.2-20220805.130853-srg.jar%23137!/:?]
	at jdk.internal.reflect.NativeMethodAccessorImpl.invoke0(Native Method) ~[?:?]
	at jdk.internal.reflect.NativeMethodAccessorImpl.invoke(NativeMethodAccessorImpl.java:77) ~[?:?]
	at jdk.internal.reflect.DelegatingMethodAccessorImpl.invoke(DelegatingMethodAccessorImpl.java:43) ~[?:?]
	at java.lang.reflect.Method.invoke(Method.java:569) ~[?:?]
	at net.minecraftforge.fml.loading.targets.CommonServerLaunchHandler.lambda$launchService$0(CommonServerLaunchHandler.java:29) ~[fmlloader-1.19.2-43.4.2.jar%2367!/:?]
	at cpw.mods.modlauncher.LaunchServiceHandlerDecorator.launch(LaunchServiceHandlerDecorator.java:30) [modlauncher-10.0.8.jar%2354!/:?]
	at cpw.mods.modlauncher.LaunchServiceHandler.launch(LaunchServiceHandler.java:53) [modlauncher-10.0.8.jar%2354!/:?]
	at cpw.mods.modlauncher.LaunchServiceHandler.launch(LaunchServiceHandler.java:71) [modlauncher-10.0.8.jar%2354!/:?]
	at cpw.mods.modlauncher.Launcher.run(Launcher.java:106) [modlauncher-10.0.8.jar%2354!/:?]
	at cpw.mods.modlauncher.Launcher.main(Launcher.java:77) [modlauncher-10.0.8.jar%2354!/:?]
	at cpw.mods.modlauncher.BootstrapLaunchConsumer.accept(BootstrapLaunchConsumer.java:26) [modlauncher-10.0.8.jar%2354!/:?]
	at cpw.mods.modlauncher.BootstrapLaunchConsumer.accept(BootstrapLaunchConsumer.java:23) [modlauncher-10.0.8.jar%2354!/:?]
	at cpw.mods.bootstraplauncher.BootstrapLauncher.main(BootstrapLauncher.java:141) [bootstraplauncher-1.1.2.jar:?]
[11Apr2025 16:50:53.564] [main/ERROR] [net.minecraft.world.item.crafting.RecipeManager/]: Parsing error loading recipe mekanism:enriching/conversion/sculk_stone/tile_stairs_to_brick
com.google.gson.JsonSyntaxException: Invalid or unsupported recipe type 'mekanism:enriching'
	at net.minecraft.world.item.crafting.RecipeManager.m_220253_(RecipeManager.java:170) ~[server-1.19.2-20220805.130853-srg.jar%23137!/:?]
	at java.util.Optional.orElseThrow(Optional.java:403) ~[?:?]
	at net.minecraft.world.item.crafting.RecipeManager.fromJson(RecipeManager.java:169) ~[server-1.19.2-20220805.130853-srg.jar%23137!/:?]
	at net.minecraft.world.item.crafting.RecipeManager.m_5787_(RecipeManager.java:67) ~[server-1.19.2-20220805.130853-srg.jar%23137!/:?]
	at net.minecraft.world.item.crafting.RecipeManager.m_5787_(RecipeManager.java:34) ~[server-1.19.2-20220805.130853-srg.jar%23137!/:?]
	at net.minecraft.server.packs.resources.SimplePreparableReloadListener.m_10789_(SimplePreparableReloadListener.java:13) ~[server-1.19.2-20220805.130853-srg.jar%23137!/:?]
	at java.util.concurrent.CompletableFuture$UniAccept.tryFire(CompletableFuture.java:718) ~[?:?]
	at java.util.concurrent.CompletableFuture$Completion.run(CompletableFuture.java:482) ~[?:?]
	at net.minecraft.server.packs.resources.SimpleReloadInstance.m_143940_(SimpleReloadInstance.java:69) ~[server-1.19.2-20220805.130853-srg.jar%23137!/:?]
	at net.minecraft.Util.m_214652_(Util.java:781) ~[server-1.19.2-20220805.130853-srg.jar%23137!/:?]
	at net.minecraft.Util.m_214679_(Util.java:770) ~[server-1.19.2-20220805.130853-srg.jar%23137!/:?]
	at net.minecraft.server.Main.main(Main.java:157) ~[server-1.19.2-20220805.130853-srg.jar%23137!/:?]
	at jdk.internal.reflect.NativeMethodAccessorImpl.invoke0(Native Method) ~[?:?]
	at jdk.internal.reflect.NativeMethodAccessorImpl.invoke(NativeMethodAccessorImpl.java:77) ~[?:?]
	at jdk.internal.reflect.DelegatingMethodAccessorImpl.invoke(DelegatingMethodAccessorImpl.java:43) ~[?:?]
	at java.lang.reflect.Method.invoke(Method.java:569) ~[?:?]
	at net.minecraftforge.fml.loading.targets.CommonServerLaunchHandler.lambda$launchService$0(CommonServerLaunchHandler.java:29) ~[fmlloader-1.19.2-43.4.2.jar%2367!/:?]
	at cpw.mods.modlauncher.LaunchServiceHandlerDecorator.launch(LaunchServiceHandlerDecorator.java:30) [modlauncher-10.0.8.jar%2354!/:?]
	at cpw.mods.modlauncher.LaunchServiceHandler.launch(LaunchServiceHandler.java:53) [modlauncher-10.0.8.jar%2354!/:?]
	at cpw.mods.modlauncher.LaunchServiceHandler.launch(LaunchServiceHandler.java:71) [modlauncher-10.0.8.jar%2354!/:?]
	at cpw.mods.modlauncher.Launcher.run(Launcher.java:106) [modlauncher-10.0.8.jar%2354!/:?]
	at cpw.mods.modlauncher.Launcher.main(Launcher.java:77) [modlauncher-10.0.8.jar%2354!/:?]
	at cpw.mods.modlauncher.BootstrapLaunchConsumer.accept(BootstrapLaunchConsumer.java:26) [modlauncher-10.0.8.jar%2354!/:?]
	at cpw.mods.modlauncher.BootstrapLaunchConsumer.accept(BootstrapLaunchConsumer.java:23) [modlauncher-10.0.8.jar%2354!/:?]
	at cpw.mods.bootstraplauncher.BootstrapLauncher.main(BootstrapLauncher.java:141) [bootstraplauncher-1.1.2.jar:?]
[11Apr2025 16:50:53.565] [main/ERROR] [net.minecraft.world.item.crafting.RecipeManager/]: Parsing error loading recipe mekanism:crushing/gloomslate/to_cobbled
com.google.gson.JsonSyntaxException: Invalid or unsupported recipe type 'mekanism:crushing'
	at net.minecraft.world.item.crafting.RecipeManager.m_220253_(RecipeManager.java:170) ~[server-1.19.2-20220805.130853-srg.jar%23137!/:?]
	at java.util.Optional.orElseThrow(Optional.java:403) ~[?:?]
	at net.minecraft.world.item.crafting.RecipeManager.fromJson(RecipeManager.java:169) ~[server-1.19.2-20220805.130853-srg.jar%23137!/:?]
	at net.minecraft.world.item.crafting.RecipeManager.m_5787_(RecipeManager.java:67) ~[server-1.19.2-20220805.130853-srg.jar%23137!/:?]
	at net.minecraft.world.item.crafting.RecipeManager.m_5787_(RecipeManager.java:34) ~[server-1.19.2-20220805.130853-srg.jar%23137!/:?]
	at net.minecraft.server.packs.resources.SimplePreparableReloadListener.m_10789_(SimplePreparableReloadListener.java:13) ~[server-1.19.2-20220805.130853-srg.jar%23137!/:?]
	at java.util.concurrent.CompletableFuture$UniAccept.tryFire(CompletableFuture.java:718) ~[?:?]
	at java.util.concurrent.CompletableFuture$Completion.run(CompletableFuture.java:482) ~[?:?]
	at net.minecraft.server.packs.resources.SimpleReloadInstance.m_143940_(SimpleReloadInstance.java:69) ~[server-1.19.2-20220805.130853-srg.jar%23137!/:?]
	at net.minecraft.Util.m_214652_(Util.java:781) ~[server-1.19.2-20220805.130853-srg.jar%23137!/:?]
	at net.minecraft.Util.m_214679_(Util.java:770) ~[server-1.19.2-20220805.130853-srg.jar%23137!/:?]
	at net.minecraft.server.Main.main(Main.java:157) ~[server-1.19.2-20220805.130853-srg.jar%23137!/:?]
	at jdk.internal.reflect.NativeMethodAccessorImpl.invoke0(Native Method) ~[?:?]
	at jdk.internal.reflect.NativeMethodAccessorImpl.invoke(NativeMethodAccessorImpl.java:77) ~[?:?]
	at jdk.internal.reflect.DelegatingMethodAccessorImpl.invoke(DelegatingMethodAccessorImpl.java:43) ~[?:?]
	at java.lang.reflect.Method.invoke(Method.java:569) ~[?:?]
	at net.minecraftforge.fml.loading.targets.CommonServerLaunchHandler.lambda$launchService$0(CommonServerLaunchHandler.java:29) ~[fmlloader-1.19.2-43.4.2.jar%2367!/:?]
	at cpw.mods.modlauncher.LaunchServiceHandlerDecorator.launch(LaunchServiceHandlerDecorator.java:30) [modlauncher-10.0.8.jar%2354!/:?]
	at cpw.mods.modlauncher.LaunchServiceHandler.launch(LaunchServiceHandler.java:53) [modlauncher-10.0.8.jar%2354!/:?]
	at cpw.mods.modlauncher.LaunchServiceHandler.launch(LaunchServiceHandler.java:71) [modlauncher-10.0.8.jar%2354!/:?]
	at cpw.mods.modlauncher.Launcher.run(Launcher.java:106) [modlauncher-10.0.8.jar%2354!/:?]
	at cpw.mods.modlauncher.Launcher.main(Launcher.java:77) [modlauncher-10.0.8.jar%2354!/:?]
	at cpw.mods.modlauncher.BootstrapLaunchConsumer.accept(BootstrapLaunchConsumer.java:26) [modlauncher-10.0.8.jar%2354!/:?]
	at cpw.mods.modlauncher.BootstrapLaunchConsumer.accept(BootstrapLaunchConsumer.java:23) [modlauncher-10.0.8.jar%2354!/:?]
	at cpw.mods.bootstraplauncher.BootstrapLauncher.main(BootstrapLauncher.java:141) [bootstraplauncher-1.1.2.jar:?]
[11Apr2025 16:50:53.566] [main/ERROR] [net.minecraft.world.item.crafting.RecipeManager/]: Parsing error loading recipe mekanism:crushing/sculk_stone/smooth_stairs_to_cut
com.google.gson.JsonSyntaxException: Invalid or unsupported recipe type 'mekanism:crushing'
	at net.minecraft.world.item.crafting.RecipeManager.m_220253_(RecipeManager.java:170) ~[server-1.19.2-20220805.130853-srg.jar%23137!/:?]
	at java.util.Optional.orElseThrow(Optional.java:403) ~[?:?]
	at net.minecraft.world.item.crafting.RecipeManager.fromJson(RecipeManager.java:169) ~[server-1.19.2-20220805.130853-srg.jar%23137!/:?]
	at net.minecraft.world.item.crafting.RecipeManager.m_5787_(RecipeManager.java:67) ~[server-1.19.2-20220805.130853-srg.jar%23137!/:?]
	at net.minecraft.world.item.crafting.RecipeManager.m_5787_(RecipeManager.java:34) ~[server-1.19.2-20220805.130853-srg.jar%23137!/:?]
	at net.minecraft.server.packs.resources.SimplePreparableReloadListener.m_10789_(SimplePreparableReloadListener.java:13) ~[server-1.19.2-20220805.130853-srg.jar%23137!/:?]
	at java.util.concurrent.CompletableFuture$UniAccept.tryFire(CompletableFuture.java:718) ~[?:?]
	at java.util.concurrent.CompletableFuture$Completion.run(CompletableFuture.java:482) ~[?:?]
	at net.minecraft.server.packs.resources.SimpleReloadInstance.m_143940_(SimpleReloadInstance.java:69) ~[server-1.19.2-20220805.130853-srg.jar%23137!/:?]
	at net.minecraft.Util.m_214652_(Util.java:781) ~[server-1.19.2-20220805.130853-srg.jar%23137!/:?]
	at net.minecraft.Util.m_214679_(Util.java:770) ~[server-1.19.2-20220805.130853-srg.jar%23137!/:?]
	at net.minecraft.server.Main.main(Main.java:157) ~[server-1.19.2-20220805.130853-srg.jar%23137!/:?]
	at jdk.internal.reflect.NativeMethodAccessorImpl.invoke0(Native Method) ~[?:?]
	at jdk.internal.reflect.NativeMethodAccessorImpl.invoke(NativeMethodAccessorImpl.java:77) ~[?:?]
	at jdk.internal.reflect.DelegatingMethodAccessorImpl.invoke(DelegatingMethodAccessorImpl.java:43) ~[?:?]
	at java.lang.reflect.Method.invoke(Method.java:569) ~[?:?]
	at net.minecraftforge.fml.loading.targets.CommonServerLaunchHandler.lambda$launchService$0(CommonServerLaunchHandler.java:29) ~[fmlloader-1.19.2-43.4.2.jar%2367!/:?]
	at cpw.mods.modlauncher.LaunchServiceHandlerDecorator.launch(LaunchServiceHandlerDecorator.java:30) [modlauncher-10.0.8.jar%2354!/:?]
	at cpw.mods.modlauncher.LaunchServiceHandler.launch(LaunchServiceHandler.java:53) [modlauncher-10.0.8.jar%2354!/:?]
	at cpw.mods.modlauncher.LaunchServiceHandler.launch(LaunchServiceHandler.java:71) [modlauncher-10.0.8.jar%2354!/:?]
	at cpw.mods.modlauncher.Launcher.run(Launcher.java:106) [modlauncher-10.0.8.jar%2354!/:?]
	at cpw.mods.modlauncher.Launcher.main(Launcher.java:77) [modlauncher-10.0.8.jar%2354!/:?]
	at cpw.mods.modlauncher.BootstrapLaunchConsumer.accept(BootstrapLaunchConsumer.java:26) [modlauncher-10.0.8.jar%2354!/:?]
	at cpw.mods.modlauncher.BootstrapLaunchConsumer.accept(BootstrapLaunchConsumer.java:23) [modlauncher-10.0.8.jar%2354!/:?]
	at cpw.mods.bootstraplauncher.BootstrapLauncher.main(BootstrapLauncher.java:141) [bootstraplauncher-1.1.2.jar:?]
[11Apr2025 16:50:53.567] [main/ERROR] [net.minecraft.world.item.crafting.RecipeManager/]: Parsing error loading recipe mekanism:crushing/gloomslate/brick_stairs_to_tile
com.google.gson.JsonSyntaxException: Invalid or unsupported recipe type 'mekanism:crushing'
	at net.minecraft.world.item.crafting.RecipeManager.m_220253_(RecipeManager.java:170) ~[server-1.19.2-20220805.130853-srg.jar%23137!/:?]
	at java.util.Optional.orElseThrow(Optional.java:403) ~[?:?]
	at net.minecraft.world.item.crafting.RecipeManager.fromJson(RecipeManager.java:169) ~[server-1.19.2-20220805.130853-srg.jar%23137!/:?]
	at net.minecraft.world.item.crafting.RecipeManager.m_5787_(RecipeManager.java:67) ~[server-1.19.2-20220805.130853-srg.jar%23137!/:?]
	at net.minecraft.world.item.crafting.RecipeManager.m_5787_(RecipeManager.java:34) ~[server-1.19.2-20220805.130853-srg.jar%23137!/:?]
	at net.minecraft.server.packs.resources.SimplePreparableReloadListener.m_10789_(SimplePreparableReloadListener.java:13) ~[server-1.19.2-20220805.130853-srg.jar%23137!/:?]
	at java.util.concurrent.CompletableFuture$UniAccept.tryFire(CompletableFuture.java:718) ~[?:?]
	at java.util.concurrent.CompletableFuture$Completion.run(CompletableFuture.java:482) ~[?:?]
	at net.minecraft.server.packs.resources.SimpleReloadInstance.m_143940_(SimpleReloadInstance.java:69) ~[server-1.19.2-20220805.130853-srg.jar%23137!/:?]
	at net.minecraft.Util.m_214652_(Util.java:781) ~[server-1.19.2-20220805.130853-srg.jar%23137!/:?]
	at net.minecraft.Util.m_214679_(Util.java:770) ~[server-1.19.2-20220805.130853-srg.jar%23137!/:?]
	at net.minecraft.server.Main.main(Main.java:157) ~[server-1.19.2-20220805.130853-srg.jar%23137!/:?]
	at jdk.internal.reflect.NativeMethodAccessorImpl.invoke0(Native Method) ~[?:?]
	at jdk.internal.reflect.NativeMethodAccessorImpl.invoke(NativeMethodAccessorImpl.java:77) ~[?:?]
	at jdk.internal.reflect.DelegatingMethodAccessorImpl.invoke(DelegatingMethodAccessorImpl.java:43) ~[?:?]
	at java.lang.reflect.Method.invoke(Method.java:569) ~[?:?]
	at net.minecraftforge.fml.loading.targets.CommonServerLaunchHandler.lambda$launchService$0(CommonServerLaunchHandler.java:29) ~[fmlloader-1.19.2-43.4.2.jar%2367!/:?]
	at cpw.mods.modlauncher.LaunchServiceHandlerDecorator.launch(LaunchServiceHandlerDecorator.java:30) [modlauncher-10.0.8.jar%2354!/:?]
	at cpw.mods.modlauncher.LaunchServiceHandler.launch(LaunchServiceHandler.java:53) [modlauncher-10.0.8.jar%2354!/:?]
	at cpw.mods.modlauncher.LaunchServiceHandler.launch(LaunchServiceHandler.java:71) [modlauncher-10.0.8.jar%2354!/:?]
	at cpw.mods.modlauncher.Launcher.run(Launcher.java:106) [modlauncher-10.0.8.jar%2354!/:?]
	at cpw.mods.modlauncher.Launcher.main(Launcher.java:77) [modlauncher-10.0.8.jar%2354!/:?]
	at cpw.mods.modlauncher.BootstrapLaunchConsumer.accept(BootstrapLaunchConsumer.java:26) [modlauncher-10.0.8.jar%2354!/:?]
	at cpw.mods.modlauncher.BootstrapLaunchConsumer.accept(BootstrapLaunchConsumer.java:23) [modlauncher-10.0.8.jar%2354!/:?]
	at cpw.mods.bootstraplauncher.BootstrapLauncher.main(BootstrapLauncher.java:141) [bootstraplauncher-1.1.2.jar:?]
[11Apr2025 16:50:53.568] [main/ERROR] [net.minecraft.world.item.crafting.RecipeManager/]: Parsing error loading recipe mekanism:sawing/trapdoor/echo
com.google.gson.JsonSyntaxException: Invalid or unsupported recipe type 'mekanism:sawing'
	at net.minecraft.world.item.crafting.RecipeManager.m_220253_(RecipeManager.java:170) ~[server-1.19.2-20220805.130853-srg.jar%23137!/:?]
	at java.util.Optional.orElseThrow(Optional.java:403) ~[?:?]
	at net.minecraft.world.item.crafting.RecipeManager.fromJson(RecipeManager.java:169) ~[server-1.19.2-20220805.130853-srg.jar%23137!/:?]
	at net.minecraft.world.item.crafting.RecipeManager.m_5787_(RecipeManager.java:67) ~[server-1.19.2-20220805.130853-srg.jar%23137!/:?]
	at net.minecraft.world.item.crafting.RecipeManager.m_5787_(RecipeManager.java:34) ~[server-1.19.2-20220805.130853-srg.jar%23137!/:?]
	at net.minecraft.server.packs.resources.SimplePreparableReloadListener.m_10789_(SimplePreparableReloadListener.java:13) ~[server-1.19.2-20220805.130853-srg.jar%23137!/:?]
	at java.util.concurrent.CompletableFuture$UniAccept.tryFire(CompletableFuture.java:718) ~[?:?]
	at java.util.concurrent.CompletableFuture$Completion.run(CompletableFuture.java:482) ~[?:?]
	at net.minecraft.server.packs.resources.SimpleReloadInstance.m_143940_(SimpleReloadInstance.java:69) ~[server-1.19.2-20220805.130853-srg.jar%23137!/:?]
	at net.minecraft.Util.m_214652_(Util.java:781) ~[server-1.19.2-20220805.130853-srg.jar%23137!/:?]
	at net.minecraft.Util.m_214679_(Util.java:770) ~[server-1.19.2-20220805.130853-srg.jar%23137!/:?]
	at net.minecraft.server.Main.main(Main.java:157) ~[server-1.19.2-20220805.130853-srg.jar%23137!/:?]
	at jdk.internal.reflect.NativeMethodAccessorImpl.invoke0(Native Method) ~[?:?]
	at jdk.internal.reflect.NativeMethodAccessorImpl.invoke(NativeMethodAccessorImpl.java:77) ~[?:?]
	at jdk.internal.reflect.DelegatingMethodAccessorImpl.invoke(DelegatingMethodAccessorImpl.java:43) ~[?:?]
	at java.lang.reflect.Method.invoke(Method.java:569) ~[?:?]
	at net.minecraftforge.fml.loading.targets.CommonServerLaunchHandler.lambda$launchService$0(CommonServerLaunchHandler.java:29) ~[fmlloader-1.19.2-43.4.2.jar%2367!/:?]
	at cpw.mods.modlauncher.LaunchServiceHandlerDecorator.launch(LaunchServiceHandlerDecorator.java:30) [modlauncher-10.0.8.jar%2354!/:?]
	at cpw.mods.modlauncher.LaunchServiceHandler.launch(LaunchServiceHandler.java:53) [modlauncher-10.0.8.jar%2354!/:?]
	at cpw.mods.modlauncher.LaunchServiceHandler.launch(LaunchServiceHandler.java:71) [modlauncher-10.0.8.jar%2354!/:?]
	at cpw.mods.modlauncher.Launcher.run(Launcher.java:106) [modlauncher-10.0.8.jar%2354!/:?]
	at cpw.mods.modlauncher.Launcher.main(Launcher.java:77) [modlauncher-10.0.8.jar%2354!/:?]
	at cpw.mods.modlauncher.BootstrapLaunchConsumer.accept(BootstrapLaunchConsumer.java:26) [modlauncher-10.0.8.jar%2354!/:?]
	at cpw.mods.modlauncher.BootstrapLaunchConsumer.accept(BootstrapLaunchConsumer.java:23) [modlauncher-10.0.8.jar%2354!/:?]
	at cpw.mods.bootstraplauncher.BootstrapLauncher.main(BootstrapLauncher.java:141) [bootstraplauncher-1.1.2.jar:?]
[11Apr2025 16:50:53.569] [main/ERROR] [net.minecraft.world.item.crafting.RecipeManager/]: Parsing error loading recipe mekanism:enriching/conversion/gloomslate/wall_to_smooth
com.google.gson.JsonSyntaxException: Invalid or unsupported recipe type 'mekanism:enriching'
	at net.minecraft.world.item.crafting.RecipeManager.m_220253_(RecipeManager.java:170) ~[server-1.19.2-20220805.130853-srg.jar%23137!/:?]
	at java.util.Optional.orElseThrow(Optional.java:403) ~[?:?]
	at net.minecraft.world.item.crafting.RecipeManager.fromJson(RecipeManager.java:169) ~[server-1.19.2-20220805.130853-srg.jar%23137!/:?]
	at net.minecraft.world.item.crafting.RecipeManager.m_5787_(RecipeManager.java:67) ~[server-1.19.2-20220805.130853-srg.jar%23137!/:?]
	at net.minecraft.world.item.crafting.RecipeManager.m_5787_(RecipeManager.java:34) ~[server-1.19.2-20220805.130853-srg.jar%23137!/:?]
	at net.minecraft.server.packs.resources.SimplePreparableReloadListener.m_10789_(SimplePreparableReloadListener.java:13) ~[server-1.19.2-20220805.130853-srg.jar%23137!/:?]
	at java.util.concurrent.CompletableFuture$UniAccept.tryFire(CompletableFuture.java:718) ~[?:?]
	at java.util.concurrent.CompletableFuture$Completion.run(CompletableFuture.java:482) ~[?:?]
	at net.minecraft.server.packs.resources.SimpleReloadInstance.m_143940_(SimpleReloadInstance.java:69) ~[server-1.19.2-20220805.130853-srg.jar%23137!/:?]
	at net.minecraft.Util.m_214652_(Util.java:781) ~[server-1.19.2-20220805.130853-srg.jar%23137!/:?]
	at net.minecraft.Util.m_214679_(Util.java:770) ~[server-1.19.2-20220805.130853-srg.jar%23137!/:?]
	at net.minecraft.server.Main.main(Main.java:157) ~[server-1.19.2-20220805.130853-srg.jar%23137!/:?]
	at jdk.internal.reflect.NativeMethodAccessorImpl.invoke0(Native Method) ~[?:?]
	at jdk.internal.reflect.NativeMethodAccessorImpl.invoke(NativeMethodAccessorImpl.java:77) ~[?:?]
	at jdk.internal.reflect.DelegatingMethodAccessorImpl.invoke(DelegatingMethodAccessorImpl.java:43) ~[?:?]
	at java.lang.reflect.Method.invoke(Method.java:569) ~[?:?]
	at net.minecraftforge.fml.loading.targets.CommonServerLaunchHandler.lambda$launchService$0(CommonServerLaunchHandler.java:29) ~[fmlloader-1.19.2-43.4.2.jar%2367!/:?]
	at cpw.mods.modlauncher.LaunchServiceHandlerDecorator.launch(LaunchServiceHandlerDecorator.java:30) [modlauncher-10.0.8.jar%2354!/:?]
	at cpw.mods.modlauncher.LaunchServiceHandler.launch(LaunchServiceHandler.java:53) [modlauncher-10.0.8.jar%2354!/:?]
	at cpw.mods.modlauncher.LaunchServiceHandler.launch(LaunchServiceHandler.java:71) [modlauncher-10.0.8.jar%2354!/:?]
	at cpw.mods.modlauncher.Launcher.run(Launcher.java:106) [modlauncher-10.0.8.jar%2354!/:?]
	at cpw.mods.modlauncher.Launcher.main(Launcher.java:77) [modlauncher-10.0.8.jar%2354!/:?]
	at cpw.mods.modlauncher.BootstrapLaunchConsumer.accept(BootstrapLaunchConsumer.java:26) [modlauncher-10.0.8.jar%2354!/:?]
	at cpw.mods.modlauncher.BootstrapLaunchConsumer.accept(BootstrapLaunchConsumer.java:23) [modlauncher-10.0.8.jar%2354!/:?]
	at cpw.mods.bootstraplauncher.BootstrapLauncher.main(BootstrapLauncher.java:141) [bootstraplauncher-1.1.2.jar:?]
[11Apr2025 16:50:53.569] [main/ERROR] [net.minecraft.world.item.crafting.RecipeManager/]: Parsing error loading recipe mekanism:enriching/conversion/sculk_stone/brick_wall_to_polished
com.google.gson.JsonSyntaxException: Invalid or unsupported recipe type 'mekanism:enriching'
	at net.minecraft.world.item.crafting.RecipeManager.m_220253_(RecipeManager.java:170) ~[server-1.19.2-20220805.130853-srg.jar%23137!/:?]
	at java.util.Optional.orElseThrow(Optional.java:403) ~[?:?]
	at net.minecraft.world.item.crafting.RecipeManager.fromJson(RecipeManager.java:169) ~[server-1.19.2-20220805.130853-srg.jar%23137!/:?]
	at net.minecraft.world.item.crafting.RecipeManager.m_5787_(RecipeManager.java:67) ~[server-1.19.2-20220805.130853-srg.jar%23137!/:?]
	at net.minecraft.world.item.crafting.RecipeManager.m_5787_(RecipeManager.java:34) ~[server-1.19.2-20220805.130853-srg.jar%23137!/:?]
	at net.minecraft.server.packs.resources.SimplePreparableReloadListener.m_10789_(SimplePreparableReloadListener.java:13) ~[server-1.19.2-20220805.130853-srg.jar%23137!/:?]
	at java.util.concurrent.CompletableFuture$UniAccept.tryFire(CompletableFuture.java:718) ~[?:?]
	at java.util.concurrent.CompletableFuture$Completion.run(CompletableFuture.java:482) ~[?:?]
	at net.minecraft.server.packs.resources.SimpleReloadInstance.m_143940_(SimpleReloadInstance.java:69) ~[server-1.19.2-20220805.130853-srg.jar%23137!/:?]
	at net.minecraft.Util.m_214652_(Util.java:781) ~[server-1.19.2-20220805.130853-srg.jar%23137!/:?]
	at net.minecraft.Util.m_214679_(Util.java:770) ~[server-1.19.2-20220805.130853-srg.jar%23137!/:?]
	at net.minecraft.server.Main.main(Main.java:157) ~[server-1.19.2-20220805.130853-srg.jar%23137!/:?]
	at jdk.internal.reflect.NativeMethodAccessorImpl.invoke0(Native Method) ~[?:?]
	at jdk.internal.reflect.NativeMethodAccessorImpl.invoke(NativeMethodAccessorImpl.java:77) ~[?:?]
	at jdk.internal.reflect.DelegatingMethodAccessorImpl.invoke(DelegatingMethodAccessorImpl.java:43) ~[?:?]
	at java.lang.reflect.Method.invoke(Method.java:569) ~[?:?]
	at net.minecraftforge.fml.loading.targets.CommonServerLaunchHandler.lambda$launchService$0(CommonServerLaunchHandler.java:29) ~[fmlloader-1.19.2-43.4.2.jar%2367!/:?]
	at cpw.mods.modlauncher.LaunchServiceHandlerDecorator.launch(LaunchServiceHandlerDecorator.java:30) [modlauncher-10.0.8.jar%2354!/:?]
	at cpw.mods.modlauncher.LaunchServiceHandler.launch(LaunchServiceHandler.java:53) [modlauncher-10.0.8.jar%2354!/:?]
	at cpw.mods.modlauncher.LaunchServiceHandler.launch(LaunchServiceHandler.java:71) [modlauncher-10.0.8.jar%2354!/:?]
	at cpw.mods.modlauncher.Launcher.run(Launcher.java:106) [modlauncher-10.0.8.jar%2354!/:?]
	at cpw.mods.modlauncher.Launcher.main(Launcher.java:77) [modlauncher-10.0.8.jar%2354!/:?]
	at cpw.mods.modlauncher.BootstrapLaunchConsumer.accept(BootstrapLaunchConsumer.java:26) [modlauncher-10.0.8.jar%2354!/:?]
	at cpw.mods.modlauncher.BootstrapLaunchConsumer.accept(BootstrapLaunchConsumer.java:23) [modlauncher-10.0.8.jar%2354!/:?]
	at cpw.mods.bootstraplauncher.BootstrapLauncher.main(BootstrapLauncher.java:141) [bootstraplauncher-1.1.2.jar:?]
[11Apr2025 16:50:53.571] [main/ERROR] [net.minecraft.world.item.crafting.RecipeManager/]: Parsing error loading recipe mekanism:crushing/sculk_stone/cut_stairs_to_polished
com.google.gson.JsonSyntaxException: Invalid or unsupported recipe type 'mekanism:crushing'
	at net.minecraft.world.item.crafting.RecipeManager.m_220253_(RecipeManager.java:170) ~[server-1.19.2-20220805.130853-srg.jar%23137!/:?]
	at java.util.Optional.orElseThrow(Optional.java:403) ~[?:?]
	at net.minecraft.world.item.crafting.RecipeManager.fromJson(RecipeManager.java:169) ~[server-1.19.2-20220805.130853-srg.jar%23137!/:?]
	at net.minecraft.world.item.crafting.RecipeManager.m_5787_(RecipeManager.java:67) ~[server-1.19.2-20220805.130853-srg.jar%23137!/:?]
	at net.minecraft.world.item.crafting.RecipeManager.m_5787_(RecipeManager.java:34) ~[server-1.19.2-20220805.130853-srg.jar%23137!/:?]
	at net.minecraft.server.packs.resources.SimplePreparableReloadListener.m_10789_(SimplePreparableReloadListener.java:13) ~[server-1.19.2-20220805.130853-srg.jar%23137!/:?]
	at java.util.concurrent.CompletableFuture$UniAccept.tryFire(CompletableFuture.java:718) ~[?:?]
	at java.util.concurrent.CompletableFuture$Completion.run(CompletableFuture.java:482) ~[?:?]
	at net.minecraft.server.packs.resources.SimpleReloadInstance.m_143940_(SimpleReloadInstance.java:69) ~[server-1.19.2-20220805.130853-srg.jar%23137!/:?]
	at net.minecraft.Util.m_214652_(Util.java:781) ~[server-1.19.2-20220805.130853-srg.jar%23137!/:?]
	at net.minecraft.Util.m_214679_(Util.java:770) ~[server-1.19.2-20220805.130853-srg.jar%23137!/:?]
	at net.minecraft.server.Main.main(Main.java:157) ~[server-1.19.2-20220805.130853-srg.jar%23137!/:?]
	at jdk.internal.reflect.NativeMethodAccessorImpl.invoke0(Native Method) ~[?:?]
	at jdk.internal.reflect.NativeMethodAccessorImpl.invoke(NativeMethodAccessorImpl.java:77) ~[?:?]
	at jdk.internal.reflect.DelegatingMethodAccessorImpl.invoke(DelegatingMethodAccessorImpl.java:43) ~[?:?]
	at java.lang.reflect.Method.invoke(Method.java:569) ~[?:?]
	at net.minecraftforge.fml.loading.targets.CommonServerLaunchHandler.lambda$launchService$0(CommonServerLaunchHandler.java:29) ~[fmlloader-1.19.2-43.4.2.jar%2367!/:?]
	at cpw.mods.modlauncher.LaunchServiceHandlerDecorator.launch(LaunchServiceHandlerDecorator.java:30) [modlauncher-10.0.8.jar%2354!/:?]
	at cpw.mods.modlauncher.LaunchServiceHandler.launch(LaunchServiceHandler.java:53) [modlauncher-10.0.8.jar%2354!/:?]
	at cpw.mods.modlauncher.LaunchServiceHandler.launch(LaunchServiceHandler.java:71) [modlauncher-10.0.8.jar%2354!/:?]
	at cpw.mods.modlauncher.Launcher.run(Launcher.java:106) [modlauncher-10.0.8.jar%2354!/:?]
	at cpw.mods.modlauncher.Launcher.main(Launcher.java:77) [modlauncher-10.0.8.jar%2354!/:?]
	at cpw.mods.modlauncher.BootstrapLaunchConsumer.accept(BootstrapLaunchConsumer.java:26) [modlauncher-10.0.8.jar%2354!/:?]
	at cpw.mods.modlauncher.BootstrapLaunchConsumer.accept(BootstrapLaunchConsumer.java:23) [modlauncher-10.0.8.jar%2354!/:?]
	at cpw.mods.bootstraplauncher.BootstrapLauncher.main(BootstrapLauncher.java:141) [bootstraplauncher-1.1.2.jar:?]
[11Apr2025 16:50:53.572] [main/ERROR] [net.minecraft.world.item.crafting.RecipeManager/]: Parsing error loading recipe mekanism:crushing/gloomslate/cut_wall_to_polished
com.google.gson.JsonSyntaxException: Invalid or unsupported recipe type 'mekanism:crushing'
	at net.minecraft.world.item.crafting.RecipeManager.m_220253_(RecipeManager.java:170) ~[server-1.19.2-20220805.130853-srg.jar%23137!/:?]
	at java.util.Optional.orElseThrow(Optional.java:403) ~[?:?]
	at net.minecraft.world.item.crafting.RecipeManager.fromJson(RecipeManager.java:169) ~[server-1.19.2-20220805.130853-srg.jar%23137!/:?]
	at net.minecraft.world.item.crafting.RecipeManager.m_5787_(RecipeManager.java:67) ~[server-1.19.2-20220805.130853-srg.jar%23137!/:?]
	at net.minecraft.world.item.crafting.RecipeManager.m_5787_(RecipeManager.java:34) ~[server-1.19.2-20220805.130853-srg.jar%23137!/:?]
	at net.minecraft.server.packs.resources.SimplePreparableReloadListener.m_10789_(SimplePreparableReloadListener.java:13) ~[server-1.19.2-20220805.130853-srg.jar%23137!/:?]
	at java.util.concurrent.CompletableFuture$UniAccept.tryFire(CompletableFuture.java:718) ~[?:?]
	at java.util.concurrent.CompletableFuture$Completion.run(CompletableFuture.java:482) ~[?:?]
	at net.minecraft.server.packs.resources.SimpleReloadInstance.m_143940_(SimpleReloadInstance.java:69) ~[server-1.19.2-20220805.130853-srg.jar%23137!/:?]
	at net.minecraft.Util.m_214652_(Util.java:781) ~[server-1.19.2-20220805.130853-srg.jar%23137!/:?]
	at net.minecraft.Util.m_214679_(Util.java:770) ~[server-1.19.2-20220805.130853-srg.jar%23137!/:?]
	at net.minecraft.server.Main.main(Main.java:157) ~[server-1.19.2-20220805.130853-srg.jar%23137!/:?]
	at jdk.internal.reflect.NativeMethodAccessorImpl.invoke0(Native Method) ~[?:?]
	at jdk.internal.reflect.NativeMethodAccessorImpl.invoke(NativeMethodAccessorImpl.java:77) ~[?:?]
	at jdk.internal.reflect.DelegatingMethodAccessorImpl.invoke(DelegatingMethodAccessorImpl.java:43) ~[?:?]
	at java.lang.reflect.Method.invoke(Method.java:569) ~[?:?]
	at net.minecraftforge.fml.loading.targets.CommonServerLaunchHandler.lambda$launchService$0(CommonServerLaunchHandler.java:29) ~[fmlloader-1.19.2-43.4.2.jar%2367!/:?]
	at cpw.mods.modlauncher.LaunchServiceHandlerDecorator.launch(LaunchServiceHandlerDecorator.java:30) [modlauncher-10.0.8.jar%2354!/:?]
	at cpw.mods.modlauncher.LaunchServiceHandler.launch(LaunchServiceHandler.java:53) [modlauncher-10.0.8.jar%2354!/:?]
	at cpw.mods.modlauncher.LaunchServiceHandler.launch(LaunchServiceHandler.java:71) [modlauncher-10.0.8.jar%2354!/:?]
	at cpw.mods.modlauncher.Launcher.run(Launcher.java:106) [modlauncher-10.0.8.jar%2354!/:?]
	at cpw.mods.modlauncher.Launcher.main(Launcher.java:77) [modlauncher-10.0.8.jar%2354!/:?]
	at cpw.mods.modlauncher.BootstrapLaunchConsumer.accept(BootstrapLaunchConsumer.java:26) [modlauncher-10.0.8.jar%2354!/:?]
	at cpw.mods.modlauncher.BootstrapLaunchConsumer.accept(BootstrapLaunchConsumer.java:23) [modlauncher-10.0.8.jar%2354!/:?]
	at cpw.mods.bootstraplauncher.BootstrapLauncher.main(BootstrapLauncher.java:141) [bootstraplauncher-1.1.2.jar:?]
[11Apr2025 16:50:53.573] [main/ERROR] [net.minecraft.world.item.crafting.RecipeManager/]: Parsing error loading recipe mekanism:enriching/conversion/sculk_stone/bricks_to_polished
com.google.gson.JsonSyntaxException: Invalid or unsupported recipe type 'mekanism:enriching'
	at net.minecraft.world.item.crafting.RecipeManager.m_220253_(RecipeManager.java:170) ~[server-1.19.2-20220805.130853-srg.jar%23137!/:?]
	at java.util.Optional.orElseThrow(Optional.java:403) ~[?:?]
	at net.minecraft.world.item.crafting.RecipeManager.fromJson(RecipeManager.java:169) ~[server-1.19.2-20220805.130853-srg.jar%23137!/:?]
	at net.minecraft.world.item.crafting.RecipeManager.m_5787_(RecipeManager.java:67) ~[server-1.19.2-20220805.130853-srg.jar%23137!/:?]
	at net.minecraft.world.item.crafting.RecipeManager.m_5787_(RecipeManager.java:34) ~[server-1.19.2-20220805.130853-srg.jar%23137!/:?]
	at net.minecraft.server.packs.resources.SimplePreparableReloadListener.m_10789_(SimplePreparableReloadListener.java:13) ~[server-1.19.2-20220805.130853-srg.jar%23137!/:?]
	at java.util.concurrent.CompletableFuture$UniAccept.tryFire(CompletableFuture.java:718) ~[?:?]
	at java.util.concurrent.CompletableFuture$Completion.run(CompletableFuture.java:482) ~[?:?]
	at net.minecraft.server.packs.resources.SimpleReloadInstance.m_143940_(SimpleReloadInstance.java:69) ~[server-1.19.2-20220805.130853-srg.jar%23137!/:?]
	at net.minecraft.Util.m_214652_(Util.java:781) ~[server-1.19.2-20220805.130853-srg.jar%23137!/:?]
	at net.minecraft.Util.m_214679_(Util.java:770) ~[server-1.19.2-20220805.130853-srg.jar%23137!/:?]
	at net.minecraft.server.Main.main(Main.java:157) ~[server-1.19.2-20220805.130853-srg.jar%23137!/:?]
	at jdk.internal.reflect.NativeMethodAccessorImpl.invoke0(Native Method) ~[?:?]
	at jdk.internal.reflect.NativeMethodAccessorImpl.invoke(NativeMethodAccessorImpl.java:77) ~[?:?]
	at jdk.internal.reflect.DelegatingMethodAccessorImpl.invoke(DelegatingMethodAccessorImpl.java:43) ~[?:?]
	at java.lang.reflect.Method.invoke(Method.java:569) ~[?:?]
	at net.minecraftforge.fml.loading.targets.CommonServerLaunchHandler.lambda$launchService$0(CommonServerLaunchHandler.java:29) ~[fmlloader-1.19.2-43.4.2.jar%2367!/:?]
	at cpw.mods.modlauncher.LaunchServiceHandlerDecorator.launch(LaunchServiceHandlerDecorator.java:30) [modlauncher-10.0.8.jar%2354!/:?]
	at cpw.mods.modlauncher.LaunchServiceHandler.launch(LaunchServiceHandler.java:53) [modlauncher-10.0.8.jar%2354!/:?]
	at cpw.mods.modlauncher.LaunchServiceHandler.launch(LaunchServiceHandler.java:71) [modlauncher-10.0.8.jar%2354!/:?]
	at cpw.mods.modlauncher.Launcher.run(Launcher.java:106) [modlauncher-10.0.8.jar%2354!/:?]
	at cpw.mods.modlauncher.Launcher.main(Launcher.java:77) [modlauncher-10.0.8.jar%2354!/:?]
	at cpw.mods.modlauncher.BootstrapLaunchConsumer.accept(BootstrapLaunchConsumer.java:26) [modlauncher-10.0.8.jar%2354!/:?]
	at cpw.mods.modlauncher.BootstrapLaunchConsumer.accept(BootstrapLaunchConsumer.java:23) [modlauncher-10.0.8.jar%2354!/:?]
	at cpw.mods.bootstraplauncher.BootstrapLauncher.main(BootstrapLauncher.java:141) [bootstraplauncher-1.1.2.jar:?]
[11Apr2025 16:50:53.574] [main/ERROR] [net.minecraft.world.item.crafting.RecipeManager/]: Parsing error loading recipe mekanism:crushing/gloomslate/tile_slabs_to_cobbled
com.google.gson.JsonSyntaxException: Invalid or unsupported recipe type 'mekanism:crushing'
	at net.minecraft.world.item.crafting.RecipeManager.m_220253_(RecipeManager.java:170) ~[server-1.19.2-20220805.130853-srg.jar%23137!/:?]
	at java.util.Optional.orElseThrow(Optional.java:403) ~[?:?]
	at net.minecraft.world.item.crafting.RecipeManager.fromJson(RecipeManager.java:169) ~[server-1.19.2-20220805.130853-srg.jar%23137!/:?]
	at net.minecraft.world.item.crafting.RecipeManager.m_5787_(RecipeManager.java:67) ~[server-1.19.2-20220805.130853-srg.jar%23137!/:?]
	at net.minecraft.world.item.crafting.RecipeManager.m_5787_(RecipeManager.java:34) ~[server-1.19.2-20220805.130853-srg.jar%23137!/:?]
	at net.minecraft.server.packs.resources.SimplePreparableReloadListener.m_10789_(SimplePreparableReloadListener.java:13) ~[server-1.19.2-20220805.130853-srg.jar%23137!/:?]
	at java.util.concurrent.CompletableFuture$UniAccept.tryFire(CompletableFuture.java:718) ~[?:?]
	at java.util.concurrent.CompletableFuture$Completion.run(CompletableFuture.java:482) ~[?:?]
	at net.minecraft.server.packs.resources.SimpleReloadInstance.m_143940_(SimpleReloadInstance.java:69) ~[server-1.19.2-20220805.130853-srg.jar%23137!/:?]
	at net.minecraft.Util.m_214652_(Util.java:781) ~[server-1.19.2-20220805.130853-srg.jar%23137!/:?]
	at net.minecraft.Util.m_214679_(Util.java:770) ~[server-1.19.2-20220805.130853-srg.jar%23137!/:?]
	at net.minecraft.server.Main.main(Main.java:157) ~[server-1.19.2-20220805.130853-srg.jar%23137!/:?]
	at jdk.internal.reflect.NativeMethodAccessorImpl.invoke0(Native Method) ~[?:?]
	at jdk.internal.reflect.NativeMethodAccessorImpl.invoke(NativeMethodAccessorImpl.java:77) ~[?:?]
	at jdk.internal.reflect.DelegatingMethodAccessorImpl.invoke(DelegatingMethodAccessorImpl.java:43) ~[?:?]
	at java.lang.reflect.Method.invoke(Method.java:569) ~[?:?]
	at net.minecraftforge.fml.loading.targets.CommonServerLaunchHandler.lambda$launchService$0(CommonServerLaunchHandler.java:29) ~[fmlloader-1.19.2-43.4.2.jar%2367!/:?]
	at cpw.mods.modlauncher.LaunchServiceHandlerDecorator.launch(LaunchServiceHandlerDecorator.java:30) [modlauncher-10.0.8.jar%2354!/:?]
	at cpw.mods.modlauncher.LaunchServiceHandler.launch(LaunchServiceHandler.java:53) [modlauncher-10.0.8.jar%2354!/:?]
	at cpw.mods.modlauncher.LaunchServiceHandler.launch(LaunchServiceHandler.java:71) [modlauncher-10.0.8.jar%2354!/:?]
	at cpw.mods.modlauncher.Launcher.run(Launcher.java:106) [modlauncher-10.0.8.jar%2354!/:?]
	at cpw.mods.modlauncher.Launcher.main(Launcher.java:77) [modlauncher-10.0.8.jar%2354!/:?]
	at cpw.mods.modlauncher.BootstrapLaunchConsumer.accept(BootstrapLaunchConsumer.java:26) [modlauncher-10.0.8.jar%2354!/:?]
	at cpw.mods.modlauncher.BootstrapLaunchConsumer.accept(BootstrapLaunchConsumer.java:23) [modlauncher-10.0.8.jar%2354!/:?]
	at cpw.mods.bootstraplauncher.BootstrapLauncher.main(BootstrapLauncher.java:141) [bootstraplauncher-1.1.2.jar:?]
[11Apr2025 16:50:53.576] [main/ERROR] [net.minecraft.world.item.crafting.RecipeManager/]: Parsing error loading recipe mekanism:enriching/conversion/sculk_stone/tile_wall_to_brick
com.google.gson.JsonSyntaxException: Invalid or unsupported recipe type 'mekanism:enriching'
	at net.minecraft.world.item.crafting.RecipeManager.m_220253_(RecipeManager.java:170) ~[server-1.19.2-20220805.130853-srg.jar%23137!/:?]
	at java.util.Optional.orElseThrow(Optional.java:403) ~[?:?]
	at net.minecraft.world.item.crafting.RecipeManager.fromJson(RecipeManager.java:169) ~[server-1.19.2-20220805.130853-srg.jar%23137!/:?]
	at net.minecraft.world.item.crafting.RecipeManager.m_5787_(RecipeManager.java:67) ~[server-1.19.2-20220805.130853-srg.jar%23137!/:?]
	at net.minecraft.world.item.crafting.RecipeManager.m_5787_(RecipeManager.java:34) ~[server-1.19.2-20220805.130853-srg.jar%23137!/:?]
	at net.minecraft.server.packs.resources.SimplePreparableReloadListener.m_10789_(SimplePreparableReloadListener.java:13) ~[server-1.19.2-20220805.130853-srg.jar%23137!/:?]
	at java.util.concurrent.CompletableFuture$UniAccept.tryFire(CompletableFuture.java:718) ~[?:?]
	at java.util.concurrent.CompletableFuture$Completion.run(CompletableFuture.java:482) ~[?:?]
	at net.minecraft.server.packs.resources.SimpleReloadInstance.m_143940_(SimpleReloadInstance.java:69) ~[server-1.19.2-20220805.130853-srg.jar%23137!/:?]
	at net.minecraft.Util.m_214652_(Util.java:781) ~[server-1.19.2-20220805.130853-srg.jar%23137!/:?]
	at net.minecraft.Util.m_214679_(Util.java:770) ~[server-1.19.2-20220805.130853-srg.jar%23137!/:?]
	at net.minecraft.server.Main.main(Main.java:157) ~[server-1.19.2-20220805.130853-srg.jar%23137!/:?]
	at jdk.internal.reflect.NativeMethodAccessorImpl.invoke0(Native Method) ~[?:?]
	at jdk.internal.reflect.NativeMethodAccessorImpl.invoke(NativeMethodAccessorImpl.java:77) ~[?:?]
	at jdk.internal.reflect.DelegatingMethodAccessorImpl.invoke(DelegatingMethodAccessorImpl.java:43) ~[?:?]
	at java.lang.reflect.Method.invoke(Method.java:569) ~[?:?]
	at net.minecraftforge.fml.loading.targets.CommonServerLaunchHandler.lambda$launchService$0(CommonServerLaunchHandler.java:29) ~[fmlloader-1.19.2-43.4.2.jar%2367!/:?]
	at cpw.mods.modlauncher.LaunchServiceHandlerDecorator.launch(LaunchServiceHandlerDecorator.java:30) [modlauncher-10.0.8.jar%2354!/:?]
	at cpw.mods.modlauncher.LaunchServiceHandler.launch(LaunchServiceHandler.java:53) [modlauncher-10.0.8.jar%2354!/:?]
	at cpw.mods.modlauncher.LaunchServiceHandler.launch(LaunchServiceHandler.java:71) [modlauncher-10.0.8.jar%2354!/:?]
	at cpw.mods.modlauncher.Launcher.run(Launcher.java:106) [modlauncher-10.0.8.jar%2354!/:?]
	at cpw.mods.modlauncher.Launcher.main(Launcher.java:77) [modlauncher-10.0.8.jar%2354!/:?]
	at cpw.mods.modlauncher.BootstrapLaunchConsumer.accept(BootstrapLaunchConsumer.java:26) [modlauncher-10.0.8.jar%2354!/:?]
	at cpw.mods.modlauncher.BootstrapLaunchConsumer.accept(BootstrapLaunchConsumer.java:23) [modlauncher-10.0.8.jar%2354!/:?]
	at cpw.mods.bootstraplauncher.BootstrapLauncher.main(BootstrapLauncher.java:141) [bootstraplauncher-1.1.2.jar:?]
[11Apr2025 16:50:53.578] [main/ERROR] [net.minecraft.world.item.crafting.RecipeManager/]: Parsing error loading recipe mekanism:crushing/sculk_stone/tile_wall_to_cobbled
com.google.gson.JsonSyntaxException: Invalid or unsupported recipe type 'mekanism:crushing'
	at net.minecraft.world.item.crafting.RecipeManager.m_220253_(RecipeManager.java:170) ~[server-1.19.2-20220805.130853-srg.jar%23137!/:?]
	at java.util.Optional.orElseThrow(Optional.java:403) ~[?:?]
	at net.minecraft.world.item.crafting.RecipeManager.fromJson(RecipeManager.java:169) ~[server-1.19.2-20220805.130853-srg.jar%23137!/:?]
	at net.minecraft.world.item.crafting.RecipeManager.m_5787_(RecipeManager.java:67) ~[server-1.19.2-20220805.130853-srg.jar%23137!/:?]
	at net.minecraft.world.item.crafting.RecipeManager.m_5787_(RecipeManager.java:34) ~[server-1.19.2-20220805.130853-srg.jar%23137!/:?]
	at net.minecraft.server.packs.resources.SimplePreparableReloadListener.m_10789_(SimplePreparableReloadListener.java:13) ~[server-1.19.2-20220805.130853-srg.jar%23137!/:?]
	at java.util.concurrent.CompletableFuture$UniAccept.tryFire(CompletableFuture.java:718) ~[?:?]
	at java.util.concurrent.CompletableFuture$Completion.run(CompletableFuture.java:482) ~[?:?]
	at net.minecraft.server.packs.resources.SimpleReloadInstance.m_143940_(SimpleReloadInstance.java:69) ~[server-1.19.2-20220805.130853-srg.jar%23137!/:?]
	at net.minecraft.Util.m_214652_(Util.java:781) ~[server-1.19.2-20220805.130853-srg.jar%23137!/:?]
	at net.minecraft.Util.m_214679_(Util.java:770) ~[server-1.19.2-20220805.130853-srg.jar%23137!/:?]
	at net.minecraft.server.Main.main(Main.java:157) ~[server-1.19.2-20220805.130853-srg.jar%23137!/:?]
	at jdk.internal.reflect.NativeMethodAccessorImpl.invoke0(Native Method) ~[?:?]
	at jdk.internal.reflect.NativeMethodAccessorImpl.invoke(NativeMethodAccessorImpl.java:77) ~[?:?]
	at jdk.internal.reflect.DelegatingMethodAccessorImpl.invoke(DelegatingMethodAccessorImpl.java:43) ~[?:?]
	at java.lang.reflect.Method.invoke(Method.java:569) ~[?:?]
	at net.minecraftforge.fml.loading.targets.CommonServerLaunchHandler.lambda$launchService$0(CommonServerLaunchHandler.java:29) ~[fmlloader-1.19.2-43.4.2.jar%2367!/:?]
	at cpw.mods.modlauncher.LaunchServiceHandlerDecorator.launch(LaunchServiceHandlerDecorator.java:30) [modlauncher-10.0.8.jar%2354!/:?]
	at cpw.mods.modlauncher.LaunchServiceHandler.launch(LaunchServiceHandler.java:53) [modlauncher-10.0.8.jar%2354!/:?]
	at cpw.mods.modlauncher.LaunchServiceHandler.launch(LaunchServiceHandler.java:71) [modlauncher-10.0.8.jar%2354!/:?]
	at cpw.mods.modlauncher.Launcher.run(Launcher.java:106) [modlauncher-10.0.8.jar%2354!/:?]
	at cpw.mods.modlauncher.Launcher.main(Launcher.java:77) [modlauncher-10.0.8.jar%2354!/:?]
	at cpw.mods.modlauncher.BootstrapLaunchConsumer.accept(BootstrapLaunchConsumer.java:26) [modlauncher-10.0.8.jar%2354!/:?]
	at cpw.mods.modlauncher.BootstrapLaunchConsumer.accept(BootstrapLaunchConsumer.java:23) [modlauncher-10.0.8.jar%2354!/:?]
	at cpw.mods.bootstraplauncher.BootstrapLauncher.main(BootstrapLauncher.java:141) [bootstraplauncher-1.1.2.jar:?]
[11Apr2025 16:50:53.578] [main/ERROR] [net.minecraft.world.item.crafting.RecipeManager/]: Parsing error loading recipe mekanism:crushing/gloomslate/cut_stairs_to_polished
com.google.gson.JsonSyntaxException: Invalid or unsupported recipe type 'mekanism:crushing'
	at net.minecraft.world.item.crafting.RecipeManager.m_220253_(RecipeManager.java:170) ~[server-1.19.2-20220805.130853-srg.jar%23137!/:?]
	at java.util.Optional.orElseThrow(Optional.java:403) ~[?:?]
	at net.minecraft.world.item.crafting.RecipeManager.fromJson(RecipeManager.java:169) ~[server-1.19.2-20220805.130853-srg.jar%23137!/:?]
	at net.minecraft.world.item.crafting.RecipeManager.m_5787_(RecipeManager.java:67) ~[server-1.19.2-20220805.130853-srg.jar%23137!/:?]
	at net.minecraft.world.item.crafting.RecipeManager.m_5787_(RecipeManager.java:34) ~[server-1.19.2-20220805.130853-srg.jar%23137!/:?]
	at net.minecraft.server.packs.resources.SimplePreparableReloadListener.m_10789_(SimplePreparableReloadListener.java:13) ~[server-1.19.2-20220805.130853-srg.jar%23137!/:?]
	at java.util.concurrent.CompletableFuture$UniAccept.tryFire(CompletableFuture.java:718) ~[?:?]
	at java.util.concurrent.CompletableFuture$Completion.run(CompletableFuture.java:482) ~[?:?]
	at net.minecraft.server.packs.resources.SimpleReloadInstance.m_143940_(SimpleReloadInstance.java:69) ~[server-1.19.2-20220805.130853-srg.jar%23137!/:?]
	at net.minecraft.Util.m_214652_(Util.java:781) ~[server-1.19.2-20220805.130853-srg.jar%23137!/:?]
	at net.minecraft.Util.m_214679_(Util.java:770) ~[server-1.19.2-20220805.130853-srg.jar%23137!/:?]
	at net.minecraft.server.Main.main(Main.java:157) ~[server-1.19.2-20220805.130853-srg.jar%23137!/:?]
	at jdk.internal.reflect.NativeMethodAccessorImpl.invoke0(Native Method) ~[?:?]
	at jdk.internal.reflect.NativeMethodAccessorImpl.invoke(NativeMethodAccessorImpl.java:77) ~[?:?]
	at jdk.internal.reflect.DelegatingMethodAccessorImpl.invoke(DelegatingMethodAccessorImpl.java:43) ~[?:?]
	at java.lang.reflect.Method.invoke(Method.java:569) ~[?:?]
	at net.minecraftforge.fml.loading.targets.CommonServerLaunchHandler.lambda$launchService$0(CommonServerLaunchHandler.java:29) ~[fmlloader-1.19.2-43.4.2.jar%2367!/:?]
	at cpw.mods.modlauncher.LaunchServiceHandlerDecorator.launch(LaunchServiceHandlerDecorator.java:30) [modlauncher-10.0.8.jar%2354!/:?]
	at cpw.mods.modlauncher.LaunchServiceHandler.launch(LaunchServiceHandler.java:53) [modlauncher-10.0.8.jar%2354!/:?]
	at cpw.mods.modlauncher.LaunchServiceHandler.launch(LaunchServiceHandler.java:71) [modlauncher-10.0.8.jar%2354!/:?]
	at cpw.mods.modlauncher.Launcher.run(Launcher.java:106) [modlauncher-10.0.8.jar%2354!/:?]
	at cpw.mods.modlauncher.Launcher.main(Launcher.java:77) [modlauncher-10.0.8.jar%2354!/:?]
	at cpw.mods.modlauncher.BootstrapLaunchConsumer.accept(BootstrapLaunchConsumer.java:26) [modlauncher-10.0.8.jar%2354!/:?]
	at cpw.mods.modlauncher.BootstrapLaunchConsumer.accept(BootstrapLaunchConsumer.java:23) [modlauncher-10.0.8.jar%2354!/:?]
	at cpw.mods.bootstraplauncher.BootstrapLauncher.main(BootstrapLauncher.java:141) [bootstraplauncher-1.1.2.jar:?]
[11Apr2025 16:50:53.579] [main/ERROR] [net.minecraft.world.item.crafting.RecipeManager/]: Parsing error loading recipe mekanism:enriching/conversion/sculk_stone/polished_wall_to_cut
com.google.gson.JsonSyntaxException: Invalid or unsupported recipe type 'mekanism:enriching'
	at net.minecraft.world.item.crafting.RecipeManager.m_220253_(RecipeManager.java:170) ~[server-1.19.2-20220805.130853-srg.jar%23137!/:?]
	at java.util.Optional.orElseThrow(Optional.java:403) ~[?:?]
	at net.minecraft.world.item.crafting.RecipeManager.fromJson(RecipeManager.java:169) ~[server-1.19.2-20220805.130853-srg.jar%23137!/:?]
	at net.minecraft.world.item.crafting.RecipeManager.m_5787_(RecipeManager.java:67) ~[server-1.19.2-20220805.130853-srg.jar%23137!/:?]
	at net.minecraft.world.item.crafting.RecipeManager.m_5787_(RecipeManager.java:34) ~[server-1.19.2-20220805.130853-srg.jar%23137!/:?]
	at net.minecraft.server.packs.resources.SimplePreparableReloadListener.m_10789_(SimplePreparableReloadListener.java:13) ~[server-1.19.2-20220805.130853-srg.jar%23137!/:?]
	at java.util.concurrent.CompletableFuture$UniAccept.tryFire(CompletableFuture.java:718) ~[?:?]
	at java.util.concurrent.CompletableFuture$Completion.run(CompletableFuture.java:482) ~[?:?]
	at net.minecraft.server.packs.resources.SimpleReloadInstance.m_143940_(SimpleReloadInstance.java:69) ~[server-1.19.2-20220805.130853-srg.jar%23137!/:?]
	at net.minecraft.Util.m_214652_(Util.java:781) ~[server-1.19.2-20220805.130853-srg.jar%23137!/:?]
	at net.minecraft.Util.m_214679_(Util.java:770) ~[server-1.19.2-20220805.130853-srg.jar%23137!/:?]
	at net.minecraft.server.Main.main(Main.java:157) ~[server-1.19.2-20220805.130853-srg.jar%23137!/:?]
	at jdk.internal.reflect.NativeMethodAccessorImpl.invoke0(Native Method) ~[?:?]
	at jdk.internal.reflect.NativeMethodAccessorImpl.invoke(NativeMethodAccessorImpl.java:77) ~[?:?]
	at jdk.internal.reflect.DelegatingMethodAccessorImpl.invoke(DelegatingMethodAccessorImpl.java:43) ~[?:?]
	at java.lang.reflect.Method.invoke(Method.java:569) ~[?:?]
	at net.minecraftforge.fml.loading.targets.CommonServerLaunchHandler.lambda$launchService$0(CommonServerLaunchHandler.java:29) ~[fmlloader-1.19.2-43.4.2.jar%2367!/:?]
	at cpw.mods.modlauncher.LaunchServiceHandlerDecorator.launch(LaunchServiceHandlerDecorator.java:30) [modlauncher-10.0.8.jar%2354!/:?]
	at cpw.mods.modlauncher.LaunchServiceHandler.launch(LaunchServiceHandler.java:53) [modlauncher-10.0.8.jar%2354!/:?]
	at cpw.mods.modlauncher.LaunchServiceHandler.launch(LaunchServiceHandler.java:71) [modlauncher-10.0.8.jar%2354!/:?]
	at cpw.mods.modlauncher.Launcher.run(Launcher.java:106) [modlauncher-10.0.8.jar%2354!/:?]
	at cpw.mods.modlauncher.Launcher.main(Launcher.java:77) [modlauncher-10.0.8.jar%2354!/:?]
	at cpw.mods.modlauncher.BootstrapLaunchConsumer.accept(BootstrapLaunchConsumer.java:26) [modlauncher-10.0.8.jar%2354!/:?]
	at cpw.mods.modlauncher.BootstrapLaunchConsumer.accept(BootstrapLaunchConsumer.java:23) [modlauncher-10.0.8.jar%2354!/:?]
	at cpw.mods.bootstraplauncher.BootstrapLauncher.main(BootstrapLauncher.java:141) [bootstraplauncher-1.1.2.jar:?]
[11Apr2025 16:50:53.580] [main/ERROR] [net.minecraft.world.item.crafting.RecipeManager/]: Parsing error loading recipe immersiveengineering:sawmill/echo_stairs
com.google.gson.JsonSyntaxException: Invalid or unsupported recipe type 'immersiveengineering:sawmill'
	at net.minecraft.world.item.crafting.RecipeManager.m_220253_(RecipeManager.java:170) ~[server-1.19.2-20220805.130853-srg.jar%23137!/:?]
	at java.util.Optional.orElseThrow(Optional.java:403) ~[?:?]
	at net.minecraft.world.item.crafting.RecipeManager.fromJson(RecipeManager.java:169) ~[server-1.19.2-20220805.130853-srg.jar%23137!/:?]
	at net.minecraft.world.item.crafting.RecipeManager.m_5787_(RecipeManager.java:67) ~[server-1.19.2-20220805.130853-srg.jar%23137!/:?]
	at net.minecraft.world.item.crafting.RecipeManager.m_5787_(RecipeManager.java:34) ~[server-1.19.2-20220805.130853-srg.jar%23137!/:?]
	at net.minecraft.server.packs.resources.SimplePreparableReloadListener.m_10789_(SimplePreparableReloadListener.java:13) ~[server-1.19.2-20220805.130853-srg.jar%23137!/:?]
	at java.util.concurrent.CompletableFuture$UniAccept.tryFire(CompletableFuture.java:718) ~[?:?]
	at java.util.concurrent.CompletableFuture$Completion.run(CompletableFuture.java:482) ~[?:?]
	at net.minecraft.server.packs.resources.SimpleReloadInstance.m_143940_(SimpleReloadInstance.java:69) ~[server-1.19.2-20220805.130853-srg.jar%23137!/:?]
	at net.minecraft.Util.m_214652_(Util.java:781) ~[server-1.19.2-20220805.130853-srg.jar%23137!/:?]
	at net.minecraft.Util.m_214679_(Util.java:770) ~[server-1.19.2-20220805.130853-srg.jar%23137!/:?]
	at net.minecraft.server.Main.main(Main.java:157) ~[server-1.19.2-20220805.130853-srg.jar%23137!/:?]
	at jdk.internal.reflect.NativeMethodAccessorImpl.invoke0(Native Method) ~[?:?]
	at jdk.internal.reflect.NativeMethodAccessorImpl.invoke(NativeMethodAccessorImpl.java:77) ~[?:?]
	at jdk.internal.reflect.DelegatingMethodAccessorImpl.invoke(DelegatingMethodAccessorImpl.java:43) ~[?:?]
	at java.lang.reflect.Method.invoke(Method.java:569) ~[?:?]
	at net.minecraftforge.fml.loading.targets.CommonServerLaunchHandler.lambda$launchService$0(CommonServerLaunchHandler.java:29) ~[fmlloader-1.19.2-43.4.2.jar%2367!/:?]
	at cpw.mods.modlauncher.LaunchServiceHandlerDecorator.launch(LaunchServiceHandlerDecorator.java:30) [modlauncher-10.0.8.jar%2354!/:?]
	at cpw.mods.modlauncher.LaunchServiceHandler.launch(LaunchServiceHandler.java:53) [modlauncher-10.0.8.jar%2354!/:?]
	at cpw.mods.modlauncher.LaunchServiceHandler.launch(LaunchServiceHandler.java:71) [modlauncher-10.0.8.jar%2354!/:?]
	at cpw.mods.modlauncher.Launcher.run(Launcher.java:106) [modlauncher-10.0.8.jar%2354!/:?]
	at cpw.mods.modlauncher.Launcher.main(Launcher.java:77) [modlauncher-10.0.8.jar%2354!/:?]
	at cpw.mods.modlauncher.BootstrapLaunchConsumer.accept(BootstrapLaunchConsumer.java:26) [modlauncher-10.0.8.jar%2354!/:?]
	at cpw.mods.modlauncher.BootstrapLaunchConsumer.accept(BootstrapLaunchConsumer.java:23) [modlauncher-10.0.8.jar%2354!/:?]
	at cpw.mods.bootstraplauncher.BootstrapLauncher.main(BootstrapLauncher.java:141) [bootstraplauncher-1.1.2.jar:?]
[11Apr2025 16:50:53.584] [main/ERROR] [net.minecraft.world.item.crafting.RecipeManager/]: Parsing error loading recipe mekanism:enriching/conversion/gloomslate/tile_slabs_to_brick
com.google.gson.JsonSyntaxException: Invalid or unsupported recipe type 'mekanism:enriching'
	at net.minecraft.world.item.crafting.RecipeManager.m_220253_(RecipeManager.java:170) ~[server-1.19.2-20220805.130853-srg.jar%23137!/:?]
	at java.util.Optional.orElseThrow(Optional.java:403) ~[?:?]
	at net.minecraft.world.item.crafting.RecipeManager.fromJson(RecipeManager.java:169) ~[server-1.19.2-20220805.130853-srg.jar%23137!/:?]
	at net.minecraft.world.item.crafting.RecipeManager.m_5787_(RecipeManager.java:67) ~[server-1.19.2-20220805.130853-srg.jar%23137!/:?]
	at net.minecraft.world.item.crafting.RecipeManager.m_5787_(RecipeManager.java:34) ~[server-1.19.2-20220805.130853-srg.jar%23137!/:?]
	at net.minecraft.server.packs.resources.SimplePreparableReloadListener.m_10789_(SimplePreparableReloadListener.java:13) ~[server-1.19.2-20220805.130853-srg.jar%23137!/:?]
	at java.util.concurrent.CompletableFuture$UniAccept.tryFire(CompletableFuture.java:718) ~[?:?]
	at java.util.concurrent.CompletableFuture$Completion.run(CompletableFuture.java:482) ~[?:?]
	at net.minecraft.server.packs.resources.SimpleReloadInstance.m_143940_(SimpleReloadInstance.java:69) ~[server-1.19.2-20220805.130853-srg.jar%23137!/:?]
	at net.minecraft.Util.m_214652_(Util.java:781) ~[server-1.19.2-20220805.130853-srg.jar%23137!/:?]
	at net.minecraft.Util.m_214679_(Util.java:770) ~[server-1.19.2-20220805.130853-srg.jar%23137!/:?]
	at net.minecraft.server.Main.main(Main.java:157) ~[server-1.19.2-20220805.130853-srg.jar%23137!/:?]
	at jdk.internal.reflect.NativeMethodAccessorImpl.invoke0(Native Method) ~[?:?]
	at jdk.internal.reflect.NativeMethodAccessorImpl.invoke(NativeMethodAccessorImpl.java:77) ~[?:?]
	at jdk.internal.reflect.DelegatingMethodAccessorImpl.invoke(DelegatingMethodAccessorImpl.java:43) ~[?:?]
	at java.lang.reflect.Method.invoke(Method.java:569) ~[?:?]
	at net.minecraftforge.fml.loading.targets.CommonServerLaunchHandler.lambda$launchService$0(CommonServerLaunchHandler.java:29) ~[fmlloader-1.19.2-43.4.2.jar%2367!/:?]
	at cpw.mods.modlauncher.LaunchServiceHandlerDecorator.launch(LaunchServiceHandlerDecorator.java:30) [modlauncher-10.0.8.jar%2354!/:?]
	at cpw.mods.modlauncher.LaunchServiceHandler.launch(LaunchServiceHandler.java:53) [modlauncher-10.0.8.jar%2354!/:?]
	at cpw.mods.modlauncher.LaunchServiceHandler.launch(LaunchServiceHandler.java:71) [modlauncher-10.0.8.jar%2354!/:?]
	at cpw.mods.modlauncher.Launcher.run(Launcher.java:106) [modlauncher-10.0.8.jar%2354!/:?]
	at cpw.mods.modlauncher.Launcher.main(Launcher.java:77) [modlauncher-10.0.8.jar%2354!/:?]
	at cpw.mods.modlauncher.BootstrapLaunchConsumer.accept(BootstrapLaunchConsumer.java:26) [modlauncher-10.0.8.jar%2354!/:?]
	at cpw.mods.modlauncher.BootstrapLaunchConsumer.accept(BootstrapLaunchConsumer.java:23) [modlauncher-10.0.8.jar%2354!/:?]
	at cpw.mods.bootstraplauncher.BootstrapLauncher.main(BootstrapLauncher.java:141) [bootstraplauncher-1.1.2.jar:?]
[11Apr2025 16:50:53.585] [main/ERROR] [net.minecraft.world.item.crafting.RecipeManager/]: Parsing error loading recipe create:crushing/sculk_stone_iron_ore
com.google.gson.JsonSyntaxException: Invalid or unsupported recipe type 'create:crushing'
	at net.minecraft.world.item.crafting.RecipeManager.m_220253_(RecipeManager.java:170) ~[server-1.19.2-20220805.130853-srg.jar%23137!/:?]
	at java.util.Optional.orElseThrow(Optional.java:403) ~[?:?]
	at net.minecraft.world.item.crafting.RecipeManager.fromJson(RecipeManager.java:169) ~[server-1.19.2-20220805.130853-srg.jar%23137!/:?]
	at net.minecraft.world.item.crafting.RecipeManager.m_5787_(RecipeManager.java:67) ~[server-1.19.2-20220805.130853-srg.jar%23137!/:?]
	at net.minecraft.world.item.crafting.RecipeManager.m_5787_(RecipeManager.java:34) ~[server-1.19.2-20220805.130853-srg.jar%23137!/:?]
	at net.minecraft.server.packs.resources.SimplePreparableReloadListener.m_10789_(SimplePreparableReloadListener.java:13) ~[server-1.19.2-20220805.130853-srg.jar%23137!/:?]
	at java.util.concurrent.CompletableFuture$UniAccept.tryFire(CompletableFuture.java:718) ~[?:?]
	at java.util.concurrent.CompletableFuture$Completion.run(CompletableFuture.java:482) ~[?:?]
	at net.minecraft.server.packs.resources.SimpleReloadInstance.m_143940_(SimpleReloadInstance.java:69) ~[server-1.19.2-20220805.130853-srg.jar%23137!/:?]
	at net.minecraft.Util.m_214652_(Util.java:781) ~[server-1.19.2-20220805.130853-srg.jar%23137!/:?]
	at net.minecraft.Util.m_214679_(Util.java:770) ~[server-1.19.2-20220805.130853-srg.jar%23137!/:?]
	at net.minecraft.server.Main.main(Main.java:157) ~[server-1.19.2-20220805.130853-srg.jar%23137!/:?]
	at jdk.internal.reflect.NativeMethodAccessorImpl.invoke0(Native Method) ~[?:?]
	at jdk.internal.reflect.NativeMethodAccessorImpl.invoke(NativeMethodAccessorImpl.java:77) ~[?:?]
	at jdk.internal.reflect.DelegatingMethodAccessorImpl.invoke(DelegatingMethodAccessorImpl.java:43) ~[?:?]
	at java.lang.reflect.Method.invoke(Method.java:569) ~[?:?]
	at net.minecraftforge.fml.loading.targets.CommonServerLaunchHandler.lambda$launchService$0(CommonServerLaunchHandler.java:29) ~[fmlloader-1.19.2-43.4.2.jar%2367!/:?]
	at cpw.mods.modlauncher.LaunchServiceHandlerDecorator.launch(LaunchServiceHandlerDecorator.java:30) [modlauncher-10.0.8.jar%2354!/:?]
	at cpw.mods.modlauncher.LaunchServiceHandler.launch(LaunchServiceHandler.java:53) [modlauncher-10.0.8.jar%2354!/:?]
	at cpw.mods.modlauncher.LaunchServiceHandler.launch(LaunchServiceHandler.java:71) [modlauncher-10.0.8.jar%2354!/:?]
	at cpw.mods.modlauncher.Launcher.run(Launcher.java:106) [modlauncher-10.0.8.jar%2354!/:?]
	at cpw.mods.modlauncher.Launcher.main(Launcher.java:77) [modlauncher-10.0.8.jar%2354!/:?]
	at cpw.mods.modlauncher.BootstrapLaunchConsumer.accept(BootstrapLaunchConsumer.java:26) [modlauncher-10.0.8.jar%2354!/:?]
	at cpw.mods.modlauncher.BootstrapLaunchConsumer.accept(BootstrapLaunchConsumer.java:23) [modlauncher-10.0.8.jar%2354!/:?]
	at cpw.mods.bootstraplauncher.BootstrapLauncher.main(BootstrapLauncher.java:141) [bootstraplauncher-1.1.2.jar:?]
[11Apr2025 16:50:53.587] [main/ERROR] [net.minecraft.world.item.crafting.RecipeManager/]: Parsing error loading recipe mekanism:crushing/sculk_stone/wall_to_cobbled
com.google.gson.JsonSyntaxException: Invalid or unsupported recipe type 'mekanism:crushing'
	at net.minecraft.world.item.crafting.RecipeManager.m_220253_(RecipeManager.java:170) ~[server-1.19.2-20220805.130853-srg.jar%23137!/:?]
	at java.util.Optional.orElseThrow(Optional.java:403) ~[?:?]
	at net.minecraft.world.item.crafting.RecipeManager.fromJson(RecipeManager.java:169) ~[server-1.19.2-20220805.130853-srg.jar%23137!/:?]
	at net.minecraft.world.item.crafting.RecipeManager.m_5787_(RecipeManager.java:67) ~[server-1.19.2-20220805.130853-srg.jar%23137!/:?]
	at net.minecraft.world.item.crafting.RecipeManager.m_5787_(RecipeManager.java:34) ~[server-1.19.2-20220805.130853-srg.jar%23137!/:?]
	at net.minecraft.server.packs.resources.SimplePreparableReloadListener.m_10789_(SimplePreparableReloadListener.java:13) ~[server-1.19.2-20220805.130853-srg.jar%23137!/:?]
	at java.util.concurrent.CompletableFuture$UniAccept.tryFire(CompletableFuture.java:718) ~[?:?]
	at java.util.concurrent.CompletableFuture$Completion.run(CompletableFuture.java:482) ~[?:?]
	at net.minecraft.server.packs.resources.SimpleReloadInstance.m_143940_(SimpleReloadInstance.java:69) ~[server-1.19.2-20220805.130853-srg.jar%23137!/:?]
	at net.minecraft.Util.m_214652_(Util.java:781) ~[server-1.19.2-20220805.130853-srg.jar%23137!/:?]
	at net.minecraft.Util.m_214679_(Util.java:770) ~[server-1.19.2-20220805.130853-srg.jar%23137!/:?]
	at net.minecraft.server.Main.main(Main.java:157) ~[server-1.19.2-20220805.130853-srg.jar%23137!/:?]
	at jdk.internal.reflect.NativeMethodAccessorImpl.invoke0(Native Method) ~[?:?]
	at jdk.internal.reflect.NativeMethodAccessorImpl.invoke(NativeMethodAccessorImpl.java:77) ~[?:?]
	at jdk.internal.reflect.DelegatingMethodAccessorImpl.invoke(DelegatingMethodAccessorImpl.java:43) ~[?:?]
	at java.lang.reflect.Method.invoke(Method.java:569) ~[?:?]
	at net.minecraftforge.fml.loading.targets.CommonServerLaunchHandler.lambda$launchService$0(CommonServerLaunchHandler.java:29) ~[fmlloader-1.19.2-43.4.2.jar%2367!/:?]
	at cpw.mods.modlauncher.LaunchServiceHandlerDecorator.launch(LaunchServiceHandlerDecorator.java:30) [modlauncher-10.0.8.jar%2354!/:?]
	at cpw.mods.modlauncher.LaunchServiceHandler.launch(LaunchServiceHandler.java:53) [modlauncher-10.0.8.jar%2354!/:?]
	at cpw.mods.modlauncher.LaunchServiceHandler.launch(LaunchServiceHandler.java:71) [modlauncher-10.0.8.jar%2354!/:?]
	at cpw.mods.modlauncher.Launcher.run(Launcher.java:106) [modlauncher-10.0.8.jar%2354!/:?]
	at cpw.mods.modlauncher.Launcher.main(Launcher.java:77) [modlauncher-10.0.8.jar%2354!/:?]
	at cpw.mods.modlauncher.BootstrapLaunchConsumer.accept(BootstrapLaunchConsumer.java:26) [modlauncher-10.0.8.jar%2354!/:?]
	at cpw.mods.modlauncher.BootstrapLaunchConsumer.accept(BootstrapLaunchConsumer.java:23) [modlauncher-10.0.8.jar%2354!/:?]
	at cpw.mods.bootstraplauncher.BootstrapLauncher.main(BootstrapLauncher.java:141) [bootstraplauncher-1.1.2.jar:?]
[11Apr2025 16:50:53.590] [main/ERROR] [net.minecraft.world.item.crafting.RecipeManager/]: Parsing error loading recipe mekanism:crushing/gloomslate/polished_to_bricks
com.google.gson.JsonSyntaxException: Invalid or unsupported recipe type 'mekanism:crushing'
	at net.minecraft.world.item.crafting.RecipeManager.m_220253_(RecipeManager.java:170) ~[server-1.19.2-20220805.130853-srg.jar%23137!/:?]
	at java.util.Optional.orElseThrow(Optional.java:403) ~[?:?]
	at net.minecraft.world.item.crafting.RecipeManager.fromJson(RecipeManager.java:169) ~[server-1.19.2-20220805.130853-srg.jar%23137!/:?]
	at net.minecraft.world.item.crafting.RecipeManager.m_5787_(RecipeManager.java:67) ~[server-1.19.2-20220805.130853-srg.jar%23137!/:?]
	at net.minecraft.world.item.crafting.RecipeManager.m_5787_(RecipeManager.java:34) ~[server-1.19.2-20220805.130853-srg.jar%23137!/:?]
	at net.minecraft.server.packs.resources.SimplePreparableReloadListener.m_10789_(SimplePreparableReloadListener.java:13) ~[server-1.19.2-20220805.130853-srg.jar%23137!/:?]
	at java.util.concurrent.CompletableFuture$UniAccept.tryFire(CompletableFuture.java:718) ~[?:?]
	at java.util.concurrent.CompletableFuture$Completion.run(CompletableFuture.java:482) ~[?:?]
	at net.minecraft.server.packs.resources.SimpleReloadInstance.m_143940_(SimpleReloadInstance.java:69) ~[server-1.19.2-20220805.130853-srg.jar%23137!/:?]
	at net.minecraft.Util.m_214652_(Util.java:781) ~[server-1.19.2-20220805.130853-srg.jar%23137!/:?]
	at net.minecraft.Util.m_214679_(Util.java:770) ~[server-1.19.2-20220805.130853-srg.jar%23137!/:?]
	at net.minecraft.server.Main.main(Main.java:157) ~[server-1.19.2-20220805.130853-srg.jar%23137!/:?]
	at jdk.internal.reflect.NativeMethodAccessorImpl.invoke0(Native Method) ~[?:?]
	at jdk.internal.reflect.NativeMethodAccessorImpl.invoke(NativeMethodAccessorImpl.java:77) ~[?:?]
	at jdk.internal.reflect.DelegatingMethodAccessorImpl.invoke(DelegatingMethodAccessorImpl.java:43) ~[?:?]
	at java.lang.reflect.Method.invoke(Method.java:569) ~[?:?]
	at net.minecraftforge.fml.loading.targets.CommonServerLaunchHandler.lambda$launchService$0(CommonServerLaunchHandler.java:29) ~[fmlloader-1.19.2-43.4.2.jar%2367!/:?]
	at cpw.mods.modlauncher.LaunchServiceHandlerDecorator.launch(LaunchServiceHandlerDecorator.java:30) [modlauncher-10.0.8.jar%2354!/:?]
	at cpw.mods.modlauncher.LaunchServiceHandler.launch(LaunchServiceHandler.java:53) [modlauncher-10.0.8.jar%2354!/:?]
	at cpw.mods.modlauncher.LaunchServiceHandler.launch(LaunchServiceHandler.java:71) [modlauncher-10.0.8.jar%2354!/:?]
	at cpw.mods.modlauncher.Launcher.run(Launcher.java:106) [modlauncher-10.0.8.jar%2354!/:?]
	at cpw.mods.modlauncher.Launcher.main(Launcher.java:77) [modlauncher-10.0.8.jar%2354!/:?]
	at cpw.mods.modlauncher.BootstrapLaunchConsumer.accept(BootstrapLaunchConsumer.java:26) [modlauncher-10.0.8.jar%2354!/:?]
	at cpw.mods.modlauncher.BootstrapLaunchConsumer.accept(BootstrapLaunchConsumer.java:23) [modlauncher-10.0.8.jar%2354!/:?]
	at cpw.mods.bootstraplauncher.BootstrapLauncher.main(BootstrapLauncher.java:141) [bootstraplauncher-1.1.2.jar:?]
[11Apr2025 16:50:53.591] [main/ERROR] [net.minecraft.world.item.crafting.RecipeManager/]: Parsing error loading recipe mekanism:enriching/conversion/sculk_stone/from_cobbled_wall
com.google.gson.JsonSyntaxException: Invalid or unsupported recipe type 'mekanism:enriching'
	at net.minecraft.world.item.crafting.RecipeManager.m_220253_(RecipeManager.java:170) ~[server-1.19.2-20220805.130853-srg.jar%23137!/:?]
	at java.util.Optional.orElseThrow(Optional.java:403) ~[?:?]
	at net.minecraft.world.item.crafting.RecipeManager.fromJson(RecipeManager.java:169) ~[server-1.19.2-20220805.130853-srg.jar%23137!/:?]
	at net.minecraft.world.item.crafting.RecipeManager.m_5787_(RecipeManager.java:67) ~[server-1.19.2-20220805.130853-srg.jar%23137!/:?]
	at net.minecraft.world.item.crafting.RecipeManager.m_5787_(RecipeManager.java:34) ~[server-1.19.2-20220805.130853-srg.jar%23137!/:?]
	at net.minecraft.server.packs.resources.SimplePreparableReloadListener.m_10789_(SimplePreparableReloadListener.java:13) ~[server-1.19.2-20220805.130853-srg.jar%23137!/:?]
	at java.util.concurrent.CompletableFuture$UniAccept.tryFire(CompletableFuture.java:718) ~[?:?]
	at java.util.concurrent.CompletableFuture$Completion.run(CompletableFuture.java:482) ~[?:?]
	at net.minecraft.server.packs.resources.SimpleReloadInstance.m_143940_(SimpleReloadInstance.java:69) ~[server-1.19.2-20220805.130853-srg.jar%23137!/:?]
	at net.minecraft.Util.m_214652_(Util.java:781) ~[server-1.19.2-20220805.130853-srg.jar%23137!/:?]
	at net.minecraft.Util.m_214679_(Util.java:770) ~[server-1.19.2-20220805.130853-srg.jar%23137!/:?]
	at net.minecraft.server.Main.main(Main.java:157) ~[server-1.19.2-20220805.130853-srg.jar%23137!/:?]
	at jdk.internal.reflect.NativeMethodAccessorImpl.invoke0(Native Method) ~[?:?]
	at jdk.internal.reflect.NativeMethodAccessorImpl.invoke(NativeMethodAccessorImpl.java:77) ~[?:?]
	at jdk.internal.reflect.DelegatingMethodAccessorImpl.invoke(DelegatingMethodAccessorImpl.java:43) ~[?:?]
	at java.lang.reflect.Method.invoke(Method.java:569) ~[?:?]
	at net.minecraftforge.fml.loading.targets.CommonServerLaunchHandler.lambda$launchService$0(CommonServerLaunchHandler.java:29) ~[fmlloader-1.19.2-43.4.2.jar%2367!/:?]
	at cpw.mods.modlauncher.LaunchServiceHandlerDecorator.launch(LaunchServiceHandlerDecorator.java:30) [modlauncher-10.0.8.jar%2354!/:?]
	at cpw.mods.modlauncher.LaunchServiceHandler.launch(LaunchServiceHandler.java:53) [modlauncher-10.0.8.jar%2354!/:?]
	at cpw.mods.modlauncher.LaunchServiceHandler.launch(LaunchServiceHandler.java:71) [modlauncher-10.0.8.jar%2354!/:?]
	at cpw.mods.modlauncher.Launcher.run(Launcher.java:106) [modlauncher-10.0.8.jar%2354!/:?]
	at cpw.mods.modlauncher.Launcher.main(Launcher.java:77) [modlauncher-10.0.8.jar%2354!/:?]
	at cpw.mods.modlauncher.BootstrapLaunchConsumer.accept(BootstrapLaunchConsumer.java:26) [modlauncher-10.0.8.jar%2354!/:?]
	at cpw.mods.modlauncher.BootstrapLaunchConsumer.accept(BootstrapLaunchConsumer.java:23) [modlauncher-10.0.8.jar%2354!/:?]
	at cpw.mods.bootstraplauncher.BootstrapLauncher.main(BootstrapLauncher.java:141) [bootstraplauncher-1.1.2.jar:?]
[11Apr2025 16:50:53.592] [main/ERROR] [net.minecraft.world.item.crafting.RecipeManager/]: Parsing error loading recipe mekanism:crushing/sculk_stone/cut_slabs_to_polished
com.google.gson.JsonSyntaxException: Invalid or unsupported recipe type 'mekanism:crushing'
	at net.minecraft.world.item.crafting.RecipeManager.m_220253_(RecipeManager.java:170) ~[server-1.19.2-20220805.130853-srg.jar%23137!/:?]
	at java.util.Optional.orElseThrow(Optional.java:403) ~[?:?]
	at net.minecraft.world.item.crafting.RecipeManager.fromJson(RecipeManager.java:169) ~[server-1.19.2-20220805.130853-srg.jar%23137!/:?]
	at net.minecraft.world.item.crafting.RecipeManager.m_5787_(RecipeManager.java:67) ~[server-1.19.2-20220805.130853-srg.jar%23137!/:?]
	at net.minecraft.world.item.crafting.RecipeManager.m_5787_(RecipeManager.java:34) ~[server-1.19.2-20220805.130853-srg.jar%23137!/:?]
	at net.minecraft.server.packs.resources.SimplePreparableReloadListener.m_10789_(SimplePreparableReloadListener.java:13) ~[server-1.19.2-20220805.130853-srg.jar%23137!/:?]
	at java.util.concurrent.CompletableFuture$UniAccept.tryFire(CompletableFuture.java:718) ~[?:?]
	at java.util.concurrent.CompletableFuture$Completion.run(CompletableFuture.java:482) ~[?:?]
	at net.minecraft.server.packs.resources.SimpleReloadInstance.m_143940_(SimpleReloadInstance.java:69) ~[server-1.19.2-20220805.130853-srg.jar%23137!/:?]
	at net.minecraft.Util.m_214652_(Util.java:781) ~[server-1.19.2-20220805.130853-srg.jar%23137!/:?]
	at net.minecraft.Util.m_214679_(Util.java:770) ~[server-1.19.2-20220805.130853-srg.jar%23137!/:?]
	at net.minecraft.server.Main.main(Main.java:157) ~[server-1.19.2-20220805.130853-srg.jar%23137!/:?]
	at jdk.internal.reflect.NativeMethodAccessorImpl.invoke0(Native Method) ~[?:?]
	at jdk.internal.reflect.NativeMethodAccessorImpl.invoke(NativeMethodAccessorImpl.java:77) ~[?:?]
	at jdk.internal.reflect.DelegatingMethodAccessorImpl.invoke(DelegatingMethodAccessorImpl.java:43) ~[?:?]
	at java.lang.reflect.Method.invoke(Method.java:569) ~[?:?]
	at net.minecraftforge.fml.loading.targets.CommonServerLaunchHandler.lambda$launchService$0(CommonServerLaunchHandler.java:29) ~[fmlloader-1.19.2-43.4.2.jar%2367!/:?]
	at cpw.mods.modlauncher.LaunchServiceHandlerDecorator.launch(LaunchServiceHandlerDecorator.java:30) [modlauncher-10.0.8.jar%2354!/:?]
	at cpw.mods.modlauncher.LaunchServiceHandler.launch(LaunchServiceHandler.java:53) [modlauncher-10.0.8.jar%2354!/:?]
	at cpw.mods.modlauncher.LaunchServiceHandler.launch(LaunchServiceHandler.java:71) [modlauncher-10.0.8.jar%2354!/:?]
	at cpw.mods.modlauncher.Launcher.run(Launcher.java:106) [modlauncher-10.0.8.jar%2354!/:?]
	at cpw.mods.modlauncher.Launcher.main(Launcher.java:77) [modlauncher-10.0.8.jar%2354!/:?]
	at cpw.mods.modlauncher.BootstrapLaunchConsumer.accept(BootstrapLaunchConsumer.java:26) [modlauncher-10.0.8.jar%2354!/:?]
	at cpw.mods.modlauncher.BootstrapLaunchConsumer.accept(BootstrapLaunchConsumer.java:23) [modlauncher-10.0.8.jar%2354!/:?]
	at cpw.mods.bootstraplauncher.BootstrapLauncher.main(BootstrapLauncher.java:141) [bootstraplauncher-1.1.2.jar:?]
[11Apr2025 16:50:53.594] [main/ERROR] [net.minecraft.world.item.crafting.RecipeManager/]: Parsing error loading recipe mekanism:crushing/gloomslate/wall_to_cobbled
com.google.gson.JsonSyntaxException: Invalid or unsupported recipe type 'mekanism:crushing'
	at net.minecraft.world.item.crafting.RecipeManager.m_220253_(RecipeManager.java:170) ~[server-1.19.2-20220805.130853-srg.jar%23137!/:?]
	at java.util.Optional.orElseThrow(Optional.java:403) ~[?:?]
	at net.minecraft.world.item.crafting.RecipeManager.fromJson(RecipeManager.java:169) ~[server-1.19.2-20220805.130853-srg.jar%23137!/:?]
	at net.minecraft.world.item.crafting.RecipeManager.m_5787_(RecipeManager.java:67) ~[server-1.19.2-20220805.130853-srg.jar%23137!/:?]
	at net.minecraft.world.item.crafting.RecipeManager.m_5787_(RecipeManager.java:34) ~[server-1.19.2-20220805.130853-srg.jar%23137!/:?]
	at net.minecraft.server.packs.resources.SimplePreparableReloadListener.m_10789_(SimplePreparableReloadListener.java:13) ~[server-1.19.2-20220805.130853-srg.jar%23137!/:?]
	at java.util.concurrent.CompletableFuture$UniAccept.tryFire(CompletableFuture.java:718) ~[?:?]
	at java.util.concurrent.CompletableFuture$Completion.run(CompletableFuture.java:482) ~[?:?]
	at net.minecraft.server.packs.resources.SimpleReloadInstance.m_143940_(SimpleReloadInstance.java:69) ~[server-1.19.2-20220805.130853-srg.jar%23137!/:?]
	at net.minecraft.Util.m_214652_(Util.java:781) ~[server-1.19.2-20220805.130853-srg.jar%23137!/:?]
	at net.minecraft.Util.m_214679_(Util.java:770) ~[server-1.19.2-20220805.130853-srg.jar%23137!/:?]
	at net.minecraft.server.Main.main(Main.java:157) ~[server-1.19.2-20220805.130853-srg.jar%23137!/:?]
	at jdk.internal.reflect.NativeMethodAccessorImpl.invoke0(Native Method) ~[?:?]
	at jdk.internal.reflect.NativeMethodAccessorImpl.invoke(NativeMethodAccessorImpl.java:77) ~[?:?]
	at jdk.internal.reflect.DelegatingMethodAccessorImpl.invoke(DelegatingMethodAccessorImpl.java:43) ~[?:?]
	at java.lang.reflect.Method.invoke(Method.java:569) ~[?:?]
	at net.minecraftforge.fml.loading.targets.CommonServerLaunchHandler.lambda$launchService$0(CommonServerLaunchHandler.java:29) ~[fmlloader-1.19.2-43.4.2.jar%2367!/:?]
	at cpw.mods.modlauncher.LaunchServiceHandlerDecorator.launch(LaunchServiceHandlerDecorator.java:30) [modlauncher-10.0.8.jar%2354!/:?]
	at cpw.mods.modlauncher.LaunchServiceHandler.launch(LaunchServiceHandler.java:53) [modlauncher-10.0.8.jar%2354!/:?]
	at cpw.mods.modlauncher.LaunchServiceHandler.launch(LaunchServiceHandler.java:71) [modlauncher-10.0.8.jar%2354!/:?]
	at cpw.mods.modlauncher.Launcher.run(Launcher.java:106) [modlauncher-10.0.8.jar%2354!/:?]
	at cpw.mods.modlauncher.Launcher.main(Launcher.java:77) [modlauncher-10.0.8.jar%2354!/:?]
	at cpw.mods.modlauncher.BootstrapLaunchConsumer.accept(BootstrapLaunchConsumer.java:26) [modlauncher-10.0.8.jar%2354!/:?]
	at cpw.mods.modlauncher.BootstrapLaunchConsumer.accept(BootstrapLaunchConsumer.java:23) [modlauncher-10.0.8.jar%2354!/:?]
	at cpw.mods.bootstraplauncher.BootstrapLauncher.main(BootstrapLauncher.java:141) [bootstraplauncher-1.1.2.jar:?]
[11Apr2025 16:50:53.596] [main/ERROR] [net.minecraft.world.item.crafting.RecipeManager/]: Parsing error loading recipe create:crushing/sculk_stone_coal_ore
com.google.gson.JsonSyntaxException: Invalid or unsupported recipe type 'create:crushing'
	at net.minecraft.world.item.crafting.RecipeManager.m_220253_(RecipeManager.java:170) ~[server-1.19.2-20220805.130853-srg.jar%23137!/:?]
	at java.util.Optional.orElseThrow(Optional.java:403) ~[?:?]
	at net.minecraft.world.item.crafting.RecipeManager.fromJson(RecipeManager.java:169) ~[server-1.19.2-20220805.130853-srg.jar%23137!/:?]
	at net.minecraft.world.item.crafting.RecipeManager.m_5787_(RecipeManager.java:67) ~[server-1.19.2-20220805.130853-srg.jar%23137!/:?]
	at net.minecraft.world.item.crafting.RecipeManager.m_5787_(RecipeManager.java:34) ~[server-1.19.2-20220805.130853-srg.jar%23137!/:?]
	at net.minecraft.server.packs.resources.SimplePreparableReloadListener.m_10789_(SimplePreparableReloadListener.java:13) ~[server-1.19.2-20220805.130853-srg.jar%23137!/:?]
	at java.util.concurrent.CompletableFuture$UniAccept.tryFire(CompletableFuture.java:718) ~[?:?]
	at java.util.concurrent.CompletableFuture$Completion.run(CompletableFuture.java:482) ~[?:?]
	at net.minecraft.server.packs.resources.SimpleReloadInstance.m_143940_(SimpleReloadInstance.java:69) ~[server-1.19.2-20220805.130853-srg.jar%23137!/:?]
	at net.minecraft.Util.m_214652_(Util.java:781) ~[server-1.19.2-20220805.130853-srg.jar%23137!/:?]
	at net.minecraft.Util.m_214679_(Util.java:770) ~[server-1.19.2-20220805.130853-srg.jar%23137!/:?]
	at net.minecraft.server.Main.main(Main.java:157) ~[server-1.19.2-20220805.130853-srg.jar%23137!/:?]
	at jdk.internal.reflect.NativeMethodAccessorImpl.invoke0(Native Method) ~[?:?]
	at jdk.internal.reflect.NativeMethodAccessorImpl.invoke(NativeMethodAccessorImpl.java:77) ~[?:?]
	at jdk.internal.reflect.DelegatingMethodAccessorImpl.invoke(DelegatingMethodAccessorImpl.java:43) ~[?:?]
	at java.lang.reflect.Method.invoke(Method.java:569) ~[?:?]
	at net.minecraftforge.fml.loading.targets.CommonServerLaunchHandler.lambda$launchService$0(CommonServerLaunchHandler.java:29) ~[fmlloader-1.19.2-43.4.2.jar%2367!/:?]
	at cpw.mods.modlauncher.LaunchServiceHandlerDecorator.launch(LaunchServiceHandlerDecorator.java:30) [modlauncher-10.0.8.jar%2354!/:?]
	at cpw.mods.modlauncher.LaunchServiceHandler.launch(LaunchServiceHandler.java:53) [modlauncher-10.0.8.jar%2354!/:?]
	at cpw.mods.modlauncher.LaunchServiceHandler.launch(LaunchServiceHandler.java:71) [modlauncher-10.0.8.jar%2354!/:?]
	at cpw.mods.modlauncher.Launcher.run(Launcher.java:106) [modlauncher-10.0.8.jar%2354!/:?]
	at cpw.mods.modlauncher.Launcher.main(Launcher.java:77) [modlauncher-10.0.8.jar%2354!/:?]
	at cpw.mods.modlauncher.BootstrapLaunchConsumer.accept(BootstrapLaunchConsumer.java:26) [modlauncher-10.0.8.jar%2354!/:?]
	at cpw.mods.modlauncher.BootstrapLaunchConsumer.accept(BootstrapLaunchConsumer.java:23) [modlauncher-10.0.8.jar%2354!/:?]
	at cpw.mods.bootstraplauncher.BootstrapLauncher.main(BootstrapLauncher.java:141) [bootstraplauncher-1.1.2.jar:?]
[11Apr2025 16:50:53.598] [main/ERROR] [net.minecraft.world.item.crafting.RecipeManager/]: Parsing error loading recipe mekanism:crushing/gloomslate/stairs_to_cobbled
com.google.gson.JsonSyntaxException: Invalid or unsupported recipe type 'mekanism:crushing'
	at net.minecraft.world.item.crafting.RecipeManager.m_220253_(RecipeManager.java:170) ~[server-1.19.2-20220805.130853-srg.jar%23137!/:?]
	at java.util.Optional.orElseThrow(Optional.java:403) ~[?:?]
	at net.minecraft.world.item.crafting.RecipeManager.fromJson(RecipeManager.java:169) ~[server-1.19.2-20220805.130853-srg.jar%23137!/:?]
	at net.minecraft.world.item.crafting.RecipeManager.m_5787_(RecipeManager.java:67) ~[server-1.19.2-20220805.130853-srg.jar%23137!/:?]
	at net.minecraft.world.item.crafting.RecipeManager.m_5787_(RecipeManager.java:34) ~[server-1.19.2-20220805.130853-srg.jar%23137!/:?]
	at net.minecraft.server.packs.resources.SimplePreparableReloadListener.m_10789_(SimplePreparableReloadListener.java:13) ~[server-1.19.2-20220805.130853-srg.jar%23137!/:?]
	at java.util.concurrent.CompletableFuture$UniAccept.tryFire(CompletableFuture.java:718) ~[?:?]
	at java.util.concurrent.CompletableFuture$Completion.run(CompletableFuture.java:482) ~[?:?]
	at net.minecraft.server.packs.resources.SimpleReloadInstance.m_143940_(SimpleReloadInstance.java:69) ~[server-1.19.2-20220805.130853-srg.jar%23137!/:?]
	at net.minecraft.Util.m_214652_(Util.java:781) ~[server-1.19.2-20220805.130853-srg.jar%23137!/:?]
	at net.minecraft.Util.m_214679_(Util.java:770) ~[server-1.19.2-20220805.130853-srg.jar%23137!/:?]
	at net.minecraft.server.Main.main(Main.java:157) ~[server-1.19.2-20220805.130853-srg.jar%23137!/:?]
	at jdk.internal.reflect.NativeMethodAccessorImpl.invoke0(Native Method) ~[?:?]
	at jdk.internal.reflect.NativeMethodAccessorImpl.invoke(NativeMethodAccessorImpl.java:77) ~[?:?]
	at jdk.internal.reflect.DelegatingMethodAccessorImpl.invoke(DelegatingMethodAccessorImpl.java:43) ~[?:?]
	at java.lang.reflect.Method.invoke(Method.java:569) ~[?:?]
	at net.minecraftforge.fml.loading.targets.CommonServerLaunchHandler.lambda$launchService$0(CommonServerLaunchHandler.java:29) ~[fmlloader-1.19.2-43.4.2.jar%2367!/:?]
	at cpw.mods.modlauncher.LaunchServiceHandlerDecorator.launch(LaunchServiceHandlerDecorator.java:30) [modlauncher-10.0.8.jar%2354!/:?]
	at cpw.mods.modlauncher.LaunchServiceHandler.launch(LaunchServiceHandler.java:53) [modlauncher-10.0.8.jar%2354!/:?]
	at cpw.mods.modlauncher.LaunchServiceHandler.launch(LaunchServiceHandler.java:71) [modlauncher-10.0.8.jar%2354!/:?]
	at cpw.mods.modlauncher.Launcher.run(Launcher.java:106) [modlauncher-10.0.8.jar%2354!/:?]
	at cpw.mods.modlauncher.Launcher.main(Launcher.java:77) [modlauncher-10.0.8.jar%2354!/:?]
	at cpw.mods.modlauncher.BootstrapLaunchConsumer.accept(BootstrapLaunchConsumer.java:26) [modlauncher-10.0.8.jar%2354!/:?]
	at cpw.mods.modlauncher.BootstrapLaunchConsumer.accept(BootstrapLaunchConsumer.java:23) [modlauncher-10.0.8.jar%2354!/:?]
	at cpw.mods.bootstraplauncher.BootstrapLauncher.main(BootstrapLauncher.java:141) [bootstraplauncher-1.1.2.jar:?]
[11Apr2025 16:50:53.599] [main/ERROR] [net.minecraft.world.item.crafting.RecipeManager/]: Parsing error loading recipe immersiveengineering:sawmill/stripped_echo_log
com.google.gson.JsonSyntaxException: Invalid or unsupported recipe type 'immersiveengineering:sawmill'
	at net.minecraft.world.item.crafting.RecipeManager.m_220253_(RecipeManager.java:170) ~[server-1.19.2-20220805.130853-srg.jar%23137!/:?]
	at java.util.Optional.orElseThrow(Optional.java:403) ~[?:?]
	at net.minecraft.world.item.crafting.RecipeManager.fromJson(RecipeManager.java:169) ~[server-1.19.2-20220805.130853-srg.jar%23137!/:?]
	at net.minecraft.world.item.crafting.RecipeManager.m_5787_(RecipeManager.java:67) ~[server-1.19.2-20220805.130853-srg.jar%23137!/:?]
	at net.minecraft.world.item.crafting.RecipeManager.m_5787_(RecipeManager.java:34) ~[server-1.19.2-20220805.130853-srg.jar%23137!/:?]
	at net.minecraft.server.packs.resources.SimplePreparableReloadListener.m_10789_(SimplePreparableReloadListener.java:13) ~[server-1.19.2-20220805.130853-srg.jar%23137!/:?]
	at java.util.concurrent.CompletableFuture$UniAccept.tryFire(CompletableFuture.java:718) ~[?:?]
	at java.util.concurrent.CompletableFuture$Completion.run(CompletableFuture.java:482) ~[?:?]
	at net.minecraft.server.packs.resources.SimpleReloadInstance.m_143940_(SimpleReloadInstance.java:69) ~[server-1.19.2-20220805.130853-srg.jar%23137!/:?]
	at net.minecraft.Util.m_214652_(Util.java:781) ~[server-1.19.2-20220805.130853-srg.jar%23137!/:?]
	at net.minecraft.Util.m_214679_(Util.java:770) ~[server-1.19.2-20220805.130853-srg.jar%23137!/:?]
	at net.minecraft.server.Main.main(Main.java:157) ~[server-1.19.2-20220805.130853-srg.jar%23137!/:?]
	at jdk.internal.reflect.NativeMethodAccessorImpl.invoke0(Native Method) ~[?:?]
	at jdk.internal.reflect.NativeMethodAccessorImpl.invoke(NativeMethodAccessorImpl.java:77) ~[?:?]
	at jdk.internal.reflect.DelegatingMethodAccessorImpl.invoke(DelegatingMethodAccessorImpl.java:43) ~[?:?]
	at java.lang.reflect.Method.invoke(Method.java:569) ~[?:?]
	at net.minecraftforge.fml.loading.targets.CommonServerLaunchHandler.lambda$launchService$0(CommonServerLaunchHandler.java:29) ~[fmlloader-1.19.2-43.4.2.jar%2367!/:?]
	at cpw.mods.modlauncher.LaunchServiceHandlerDecorator.launch(LaunchServiceHandlerDecorator.java:30) [modlauncher-10.0.8.jar%2354!/:?]
	at cpw.mods.modlauncher.LaunchServiceHandler.launch(LaunchServiceHandler.java:53) [modlauncher-10.0.8.jar%2354!/:?]
	at cpw.mods.modlauncher.LaunchServiceHandler.launch(LaunchServiceHandler.java:71) [modlauncher-10.0.8.jar%2354!/:?]
	at cpw.mods.modlauncher.Launcher.run(Launcher.java:106) [modlauncher-10.0.8.jar%2354!/:?]
	at cpw.mods.modlauncher.Launcher.main(Launcher.java:77) [modlauncher-10.0.8.jar%2354!/:?]
	at cpw.mods.modlauncher.BootstrapLaunchConsumer.accept(BootstrapLaunchConsumer.java:26) [modlauncher-10.0.8.jar%2354!/:?]
	at cpw.mods.modlauncher.BootstrapLaunchConsumer.accept(BootstrapLaunchConsumer.java:23) [modlauncher-10.0.8.jar%2354!/:?]
	at cpw.mods.bootstraplauncher.BootstrapLauncher.main(BootstrapLauncher.java:141) [bootstraplauncher-1.1.2.jar:?]
[11Apr2025 16:50:53.601] [main/ERROR] [net.minecraft.world.item.crafting.RecipeManager/]: Parsing error loading recipe mekanism:crushing/gloomslate/polished_slabs_to_brick
com.google.gson.JsonSyntaxException: Invalid or unsupported recipe type 'mekanism:crushing'
	at net.minecraft.world.item.crafting.RecipeManager.m_220253_(RecipeManager.java:170) ~[server-1.19.2-20220805.130853-srg.jar%23137!/:?]
	at java.util.Optional.orElseThrow(Optional.java:403) ~[?:?]
	at net.minecraft.world.item.crafting.RecipeManager.fromJson(RecipeManager.java:169) ~[server-1.19.2-20220805.130853-srg.jar%23137!/:?]
	at net.minecraft.world.item.crafting.RecipeManager.m_5787_(RecipeManager.java:67) ~[server-1.19.2-20220805.130853-srg.jar%23137!/:?]
	at net.minecraft.world.item.crafting.RecipeManager.m_5787_(RecipeManager.java:34) ~[server-1.19.2-20220805.130853-srg.jar%23137!/:?]
	at net.minecraft.server.packs.resources.SimplePreparableReloadListener.m_10789_(SimplePreparableReloadListener.java:13) ~[server-1.19.2-20220805.130853-srg.jar%23137!/:?]
	at java.util.concurrent.CompletableFuture$UniAccept.tryFire(CompletableFuture.java:718) ~[?:?]
	at java.util.concurrent.CompletableFuture$Completion.run(CompletableFuture.java:482) ~[?:?]
	at net.minecraft.server.packs.resources.SimpleReloadInstance.m_143940_(SimpleReloadInstance.java:69) ~[server-1.19.2-20220805.130853-srg.jar%23137!/:?]
	at net.minecraft.Util.m_214652_(Util.java:781) ~[server-1.19.2-20220805.130853-srg.jar%23137!/:?]
	at net.minecraft.Util.m_214679_(Util.java:770) ~[server-1.19.2-20220805.130853-srg.jar%23137!/:?]
	at net.minecraft.server.Main.main(Main.java:157) ~[server-1.19.2-20220805.130853-srg.jar%23137!/:?]
	at jdk.internal.reflect.NativeMethodAccessorImpl.invoke0(Native Method) ~[?:?]
	at jdk.internal.reflect.NativeMethodAccessorImpl.invoke(NativeMethodAccessorImpl.java:77) ~[?:?]
	at jdk.internal.reflect.DelegatingMethodAccessorImpl.invoke(DelegatingMethodAccessorImpl.java:43) ~[?:?]
	at java.lang.reflect.Method.invoke(Method.java:569) ~[?:?]
	at net.minecraftforge.fml.loading.targets.CommonServerLaunchHandler.lambda$launchService$0(CommonServerLaunchHandler.java:29) ~[fmlloader-1.19.2-43.4.2.jar%2367!/:?]
	at cpw.mods.modlauncher.LaunchServiceHandlerDecorator.launch(LaunchServiceHandlerDecorator.java:30) [modlauncher-10.0.8.jar%2354!/:?]
	at cpw.mods.modlauncher.LaunchServiceHandler.launch(LaunchServiceHandler.java:53) [modlauncher-10.0.8.jar%2354!/:?]
	at cpw.mods.modlauncher.LaunchServiceHandler.launch(LaunchServiceHandler.java:71) [modlauncher-10.0.8.jar%2354!/:?]
	at cpw.mods.modlauncher.Launcher.run(Launcher.java:106) [modlauncher-10.0.8.jar%2354!/:?]
	at cpw.mods.modlauncher.Launcher.main(Launcher.java:77) [modlauncher-10.0.8.jar%2354!/:?]
	at cpw.mods.modlauncher.BootstrapLaunchConsumer.accept(BootstrapLaunchConsumer.java:26) [modlauncher-10.0.8.jar%2354!/:?]
	at cpw.mods.modlauncher.BootstrapLaunchConsumer.accept(BootstrapLaunchConsumer.java:23) [modlauncher-10.0.8.jar%2354!/:?]
	at cpw.mods.bootstraplauncher.BootstrapLauncher.main(BootstrapLauncher.java:141) [bootstraplauncher-1.1.2.jar:?]
[11Apr2025 16:50:53.603] [main/ERROR] [net.minecraft.world.item.crafting.RecipeManager/]: Parsing error loading recipe mekanism:crushing/sculk_stone/tile_to_cobbled
com.google.gson.JsonSyntaxException: Invalid or unsupported recipe type 'mekanism:crushing'
	at net.minecraft.world.item.crafting.RecipeManager.m_220253_(RecipeManager.java:170) ~[server-1.19.2-20220805.130853-srg.jar%23137!/:?]
	at java.util.Optional.orElseThrow(Optional.java:403) ~[?:?]
	at net.minecraft.world.item.crafting.RecipeManager.fromJson(RecipeManager.java:169) ~[server-1.19.2-20220805.130853-srg.jar%23137!/:?]
	at net.minecraft.world.item.crafting.RecipeManager.m_5787_(RecipeManager.java:67) ~[server-1.19.2-20220805.130853-srg.jar%23137!/:?]
	at net.minecraft.world.item.crafting.RecipeManager.m_5787_(RecipeManager.java:34) ~[server-1.19.2-20220805.130853-srg.jar%23137!/:?]
	at net.minecraft.server.packs.resources.SimplePreparableReloadListener.m_10789_(SimplePreparableReloadListener.java:13) ~[server-1.19.2-20220805.130853-srg.jar%23137!/:?]
	at java.util.concurrent.CompletableFuture$UniAccept.tryFire(CompletableFuture.java:718) ~[?:?]
	at java.util.concurrent.CompletableFuture$Completion.run(CompletableFuture.java:482) ~[?:?]
	at net.minecraft.server.packs.resources.SimpleReloadInstance.m_143940_(SimpleReloadInstance.java:69) ~[server-1.19.2-20220805.130853-srg.jar%23137!/:?]
	at net.minecraft.Util.m_214652_(Util.java:781) ~[server-1.19.2-20220805.130853-srg.jar%23137!/:?]
	at net.minecraft.Util.m_214679_(Util.java:770) ~[server-1.19.2-20220805.130853-srg.jar%23137!/:?]
	at net.minecraft.server.Main.main(Main.java:157) ~[server-1.19.2-20220805.130853-srg.jar%23137!/:?]
	at jdk.internal.reflect.NativeMethodAccessorImpl.invoke0(Native Method) ~[?:?]
	at jdk.internal.reflect.NativeMethodAccessorImpl.invoke(NativeMethodAccessorImpl.java:77) ~[?:?]
	at jdk.internal.reflect.DelegatingMethodAccessorImpl.invoke(DelegatingMethodAccessorImpl.java:43) ~[?:?]
	at java.lang.reflect.Method.invoke(Method.java:569) ~[?:?]
	at net.minecraftforge.fml.loading.targets.CommonServerLaunchHandler.lambda$launchService$0(CommonServerLaunchHandler.java:29) ~[fmlloader-1.19.2-43.4.2.jar%2367!/:?]
	at cpw.mods.modlauncher.LaunchServiceHandlerDecorator.launch(LaunchServiceHandlerDecorator.java:30) [modlauncher-10.0.8.jar%2354!/:?]
	at cpw.mods.modlauncher.LaunchServiceHandler.launch(LaunchServiceHandler.java:53) [modlauncher-10.0.8.jar%2354!/:?]
	at cpw.mods.modlauncher.LaunchServiceHandler.launch(LaunchServiceHandler.java:71) [modlauncher-10.0.8.jar%2354!/:?]
	at cpw.mods.modlauncher.Launcher.run(Launcher.java:106) [modlauncher-10.0.8.jar%2354!/:?]
	at cpw.mods.modlauncher.Launcher.main(Launcher.java:77) [modlauncher-10.0.8.jar%2354!/:?]
	at cpw.mods.modlauncher.BootstrapLaunchConsumer.accept(BootstrapLaunchConsumer.java:26) [modlauncher-10.0.8.jar%2354!/:?]
	at cpw.mods.modlauncher.BootstrapLaunchConsumer.accept(BootstrapLaunchConsumer.java:23) [modlauncher-10.0.8.jar%2354!/:?]
	at cpw.mods.bootstraplauncher.BootstrapLauncher.main(BootstrapLauncher.java:141) [bootstraplauncher-1.1.2.jar:?]
[11Apr2025 16:50:53.604] [main/ERROR] [net.minecraft.world.item.crafting.RecipeManager/]: Parsing error loading recipe mekanism:enriching/conversion/sculk_stone/from_cobbled
com.google.gson.JsonSyntaxException: Invalid or unsupported recipe type 'mekanism:enriching'
	at net.minecraft.world.item.crafting.RecipeManager.m_220253_(RecipeManager.java:170) ~[server-1.19.2-20220805.130853-srg.jar%23137!/:?]
	at java.util.Optional.orElseThrow(Optional.java:403) ~[?:?]
	at net.minecraft.world.item.crafting.RecipeManager.fromJson(RecipeManager.java:169) ~[server-1.19.2-20220805.130853-srg.jar%23137!/:?]
	at net.minecraft.world.item.crafting.RecipeManager.m_5787_(RecipeManager.java:67) ~[server-1.19.2-20220805.130853-srg.jar%23137!/:?]
	at net.minecraft.world.item.crafting.RecipeManager.m_5787_(RecipeManager.java:34) ~[server-1.19.2-20220805.130853-srg.jar%23137!/:?]
	at net.minecraft.server.packs.resources.SimplePreparableReloadListener.m_10789_(SimplePreparableReloadListener.java:13) ~[server-1.19.2-20220805.130853-srg.jar%23137!/:?]
	at java.util.concurrent.CompletableFuture$UniAccept.tryFire(CompletableFuture.java:718) ~[?:?]
	at java.util.concurrent.CompletableFuture$Completion.run(CompletableFuture.java:482) ~[?:?]
	at net.minecraft.server.packs.resources.SimpleReloadInstance.m_143940_(SimpleReloadInstance.java:69) ~[server-1.19.2-20220805.130853-srg.jar%23137!/:?]
	at net.minecraft.Util.m_214652_(Util.java:781) ~[server-1.19.2-20220805.130853-srg.jar%23137!/:?]
	at net.minecraft.Util.m_214679_(Util.java:770) ~[server-1.19.2-20220805.130853-srg.jar%23137!/:?]
	at net.minecraft.server.Main.main(Main.java:157) ~[server-1.19.2-20220805.130853-srg.jar%23137!/:?]
	at jdk.internal.reflect.NativeMethodAccessorImpl.invoke0(Native Method) ~[?:?]
	at jdk.internal.reflect.NativeMethodAccessorImpl.invoke(NativeMethodAccessorImpl.java:77) ~[?:?]
	at jdk.internal.reflect.DelegatingMethodAccessorImpl.invoke(DelegatingMethodAccessorImpl.java:43) ~[?:?]
	at java.lang.reflect.Method.invoke(Method.java:569) ~[?:?]
	at net.minecraftforge.fml.loading.targets.CommonServerLaunchHandler.lambda$launchService$0(CommonServerLaunchHandler.java:29) ~[fmlloader-1.19.2-43.4.2.jar%2367!/:?]
	at cpw.mods.modlauncher.LaunchServiceHandlerDecorator.launch(LaunchServiceHandlerDecorator.java:30) [modlauncher-10.0.8.jar%2354!/:?]
	at cpw.mods.modlauncher.LaunchServiceHandler.launch(LaunchServiceHandler.java:53) [modlauncher-10.0.8.jar%2354!/:?]
	at cpw.mods.modlauncher.LaunchServiceHandler.launch(LaunchServiceHandler.java:71) [modlauncher-10.0.8.jar%2354!/:?]
	at cpw.mods.modlauncher.Launcher.run(Launcher.java:106) [modlauncher-10.0.8.jar%2354!/:?]
	at cpw.mods.modlauncher.Launcher.main(Launcher.java:77) [modlauncher-10.0.8.jar%2354!/:?]
	at cpw.mods.modlauncher.BootstrapLaunchConsumer.accept(BootstrapLaunchConsumer.java:26) [modlauncher-10.0.8.jar%2354!/:?]
	at cpw.mods.modlauncher.BootstrapLaunchConsumer.accept(BootstrapLaunchConsumer.java:23) [modlauncher-10.0.8.jar%2354!/:?]
	at cpw.mods.bootstraplauncher.BootstrapLauncher.main(BootstrapLauncher.java:141) [bootstraplauncher-1.1.2.jar:?]
[11Apr2025 16:50:53.605] [main/ERROR] [net.minecraft.world.item.crafting.RecipeManager/]: Parsing error loading recipe create:cutting/echo_wood
com.google.gson.JsonSyntaxException: Invalid or unsupported recipe type 'create:cutting'
	at net.minecraft.world.item.crafting.RecipeManager.m_220253_(RecipeManager.java:170) ~[server-1.19.2-20220805.130853-srg.jar%23137!/:?]
	at java.util.Optional.orElseThrow(Optional.java:403) ~[?:?]
	at net.minecraft.world.item.crafting.RecipeManager.fromJson(RecipeManager.java:169) ~[server-1.19.2-20220805.130853-srg.jar%23137!/:?]
	at net.minecraft.world.item.crafting.RecipeManager.m_5787_(RecipeManager.java:67) ~[server-1.19.2-20220805.130853-srg.jar%23137!/:?]
	at net.minecraft.world.item.crafting.RecipeManager.m_5787_(RecipeManager.java:34) ~[server-1.19.2-20220805.130853-srg.jar%23137!/:?]
	at net.minecraft.server.packs.resources.SimplePreparableReloadListener.m_10789_(SimplePreparableReloadListener.java:13) ~[server-1.19.2-20220805.130853-srg.jar%23137!/:?]
	at java.util.concurrent.CompletableFuture$UniAccept.tryFire(CompletableFuture.java:718) ~[?:?]
	at java.util.concurrent.CompletableFuture$Completion.run(CompletableFuture.java:482) ~[?:?]
	at net.minecraft.server.packs.resources.SimpleReloadInstance.m_143940_(SimpleReloadInstance.java:69) ~[server-1.19.2-20220805.130853-srg.jar%23137!/:?]
	at net.minecraft.Util.m_214652_(Util.java:781) ~[server-1.19.2-20220805.130853-srg.jar%23137!/:?]
	at net.minecraft.Util.m_214679_(Util.java:770) ~[server-1.19.2-20220805.130853-srg.jar%23137!/:?]
	at net.minecraft.server.Main.main(Main.java:157) ~[server-1.19.2-20220805.130853-srg.jar%23137!/:?]
	at jdk.internal.reflect.NativeMethodAccessorImpl.invoke0(Native Method) ~[?:?]
	at jdk.internal.reflect.NativeMethodAccessorImpl.invoke(NativeMethodAccessorImpl.java:77) ~[?:?]
	at jdk.internal.reflect.DelegatingMethodAccessorImpl.invoke(DelegatingMethodAccessorImpl.java:43) ~[?:?]
	at java.lang.reflect.Method.invoke(Method.java:569) ~[?:?]
	at net.minecraftforge.fml.loading.targets.CommonServerLaunchHandler.lambda$launchService$0(CommonServerLaunchHandler.java:29) ~[fmlloader-1.19.2-43.4.2.jar%2367!/:?]
	at cpw.mods.modlauncher.LaunchServiceHandlerDecorator.launch(LaunchServiceHandlerDecorator.java:30) [modlauncher-10.0.8.jar%2354!/:?]
	at cpw.mods.modlauncher.LaunchServiceHandler.launch(LaunchServiceHandler.java:53) [modlauncher-10.0.8.jar%2354!/:?]
	at cpw.mods.modlauncher.LaunchServiceHandler.launch(LaunchServiceHandler.java:71) [modlauncher-10.0.8.jar%2354!/:?]
	at cpw.mods.modlauncher.Launcher.run(Launcher.java:106) [modlauncher-10.0.8.jar%2354!/:?]
	at cpw.mods.modlauncher.Launcher.main(Launcher.java:77) [modlauncher-10.0.8.jar%2354!/:?]
	at cpw.mods.modlauncher.BootstrapLaunchConsumer.accept(BootstrapLaunchConsumer.java:26) [modlauncher-10.0.8.jar%2354!/:?]
	at cpw.mods.modlauncher.BootstrapLaunchConsumer.accept(BootstrapLaunchConsumer.java:23) [modlauncher-10.0.8.jar%2354!/:?]
	at cpw.mods.bootstraplauncher.BootstrapLauncher.main(BootstrapLauncher.java:141) [bootstraplauncher-1.1.2.jar:?]
[11Apr2025 16:50:53.606] [main/ERROR] [net.minecraft.world.item.crafting.RecipeManager/]: Parsing error loading recipe mekanism:enriching/conversion/gloomslate/from_cobbled_stairs
com.google.gson.JsonSyntaxException: Invalid or unsupported recipe type 'mekanism:enriching'
	at net.minecraft.world.item.crafting.RecipeManager.m_220253_(RecipeManager.java:170) ~[server-1.19.2-20220805.130853-srg.jar%23137!/:?]
	at java.util.Optional.orElseThrow(Optional.java:403) ~[?:?]
	at net.minecraft.world.item.crafting.RecipeManager.fromJson(RecipeManager.java:169) ~[server-1.19.2-20220805.130853-srg.jar%23137!/:?]
	at net.minecraft.world.item.crafting.RecipeManager.m_5787_(RecipeManager.java:67) ~[server-1.19.2-20220805.130853-srg.jar%23137!/:?]
	at net.minecraft.world.item.crafting.RecipeManager.m_5787_(RecipeManager.java:34) ~[server-1.19.2-20220805.130853-srg.jar%23137!/:?]
	at net.minecraft.server.packs.resources.SimplePreparableReloadListener.m_10789_(SimplePreparableReloadListener.java:13) ~[server-1.19.2-20220805.130853-srg.jar%23137!/:?]
	at java.util.concurrent.CompletableFuture$UniAccept.tryFire(CompletableFuture.java:718) ~[?:?]
	at java.util.concurrent.CompletableFuture$Completion.run(CompletableFuture.java:482) ~[?:?]
	at net.minecraft.server.packs.resources.SimpleReloadInstance.m_143940_(SimpleReloadInstance.java:69) ~[server-1.19.2-20220805.130853-srg.jar%23137!/:?]
	at net.minecraft.Util.m_214652_(Util.java:781) ~[server-1.19.2-20220805.130853-srg.jar%23137!/:?]
	at net.minecraft.Util.m_214679_(Util.java:770) ~[server-1.19.2-20220805.130853-srg.jar%23137!/:?]
	at net.minecraft.server.Main.main(Main.java:157) ~[server-1.19.2-20220805.130853-srg.jar%23137!/:?]
	at jdk.internal.reflect.NativeMethodAccessorImpl.invoke0(Native Method) ~[?:?]
	at jdk.internal.reflect.NativeMethodAccessorImpl.invoke(NativeMethodAccessorImpl.java:77) ~[?:?]
	at jdk.internal.reflect.DelegatingMethodAccessorImpl.invoke(DelegatingMethodAccessorImpl.java:43) ~[?:?]
	at java.lang.reflect.Method.invoke(Method.java:569) ~[?:?]
	at net.minecraftforge.fml.loading.targets.CommonServerLaunchHandler.lambda$launchService$0(CommonServerLaunchHandler.java:29) ~[fmlloader-1.19.2-43.4.2.jar%2367!/:?]
	at cpw.mods.modlauncher.LaunchServiceHandlerDecorator.launch(LaunchServiceHandlerDecorator.java:30) [modlauncher-10.0.8.jar%2354!/:?]
	at cpw.mods.modlauncher.LaunchServiceHandler.launch(LaunchServiceHandler.java:53) [modlauncher-10.0.8.jar%2354!/:?]
	at cpw.mods.modlauncher.LaunchServiceHandler.launch(LaunchServiceHandler.java:71) [modlauncher-10.0.8.jar%2354!/:?]
	at cpw.mods.modlauncher.Launcher.run(Launcher.java:106) [modlauncher-10.0.8.jar%2354!/:?]
	at cpw.mods.modlauncher.Launcher.main(Launcher.java:77) [modlauncher-10.0.8.jar%2354!/:?]
	at cpw.mods.modlauncher.BootstrapLaunchConsumer.accept(BootstrapLaunchConsumer.java:26) [modlauncher-10.0.8.jar%2354!/:?]
	at cpw.mods.modlauncher.BootstrapLaunchConsumer.accept(BootstrapLaunchConsumer.java:23) [modlauncher-10.0.8.jar%2354!/:?]
	at cpw.mods.bootstraplauncher.BootstrapLauncher.main(BootstrapLauncher.java:141) [bootstraplauncher-1.1.2.jar:?]
[11Apr2025 16:50:53.608] [main/ERROR] [net.minecraft.world.item.crafting.RecipeManager/]: Parsing error loading recipe mekanism:crushing/gloomslate/brick_wall_to_tile
com.google.gson.JsonSyntaxException: Invalid or unsupported recipe type 'mekanism:crushing'
	at net.minecraft.world.item.crafting.RecipeManager.m_220253_(RecipeManager.java:170) ~[server-1.19.2-20220805.130853-srg.jar%23137!/:?]
	at java.util.Optional.orElseThrow(Optional.java:403) ~[?:?]
	at net.minecraft.world.item.crafting.RecipeManager.fromJson(RecipeManager.java:169) ~[server-1.19.2-20220805.130853-srg.jar%23137!/:?]
	at net.minecraft.world.item.crafting.RecipeManager.m_5787_(RecipeManager.java:67) ~[server-1.19.2-20220805.130853-srg.jar%23137!/:?]
	at net.minecraft.world.item.crafting.RecipeManager.m_5787_(RecipeManager.java:34) ~[server-1.19.2-20220805.130853-srg.jar%23137!/:?]
	at net.minecraft.server.packs.resources.SimplePreparableReloadListener.m_10789_(SimplePreparableReloadListener.java:13) ~[server-1.19.2-20220805.130853-srg.jar%23137!/:?]
	at java.util.concurrent.CompletableFuture$UniAccept.tryFire(CompletableFuture.java:718) ~[?:?]
	at java.util.concurrent.CompletableFuture$Completion.run(CompletableFuture.java:482) ~[?:?]
	at net.minecraft.server.packs.resources.SimpleReloadInstance.m_143940_(SimpleReloadInstance.java:69) ~[server-1.19.2-20220805.130853-srg.jar%23137!/:?]
	at net.minecraft.Util.m_214652_(Util.java:781) ~[server-1.19.2-20220805.130853-srg.jar%23137!/:?]
	at net.minecraft.Util.m_214679_(Util.java:770) ~[server-1.19.2-20220805.130853-srg.jar%23137!/:?]
	at net.minecraft.server.Main.main(Main.java:157) ~[server-1.19.2-20220805.130853-srg.jar%23137!/:?]
	at jdk.internal.reflect.NativeMethodAccessorImpl.invoke0(Native Method) ~[?:?]
	at jdk.internal.reflect.NativeMethodAccessorImpl.invoke(NativeMethodAccessorImpl.java:77) ~[?:?]
	at jdk.internal.reflect.DelegatingMethodAccessorImpl.invoke(DelegatingMethodAccessorImpl.java:43) ~[?:?]
	at java.lang.reflect.Method.invoke(Method.java:569) ~[?:?]
	at net.minecraftforge.fml.loading.targets.CommonServerLaunchHandler.lambda$launchService$0(CommonServerLaunchHandler.java:29) ~[fmlloader-1.19.2-43.4.2.jar%2367!/:?]
	at cpw.mods.modlauncher.LaunchServiceHandlerDecorator.launch(LaunchServiceHandlerDecorator.java:30) [modlauncher-10.0.8.jar%2354!/:?]
	at cpw.mods.modlauncher.LaunchServiceHandler.launch(LaunchServiceHandler.java:53) [modlauncher-10.0.8.jar%2354!/:?]
	at cpw.mods.modlauncher.LaunchServiceHandler.launch(LaunchServiceHandler.java:71) [modlauncher-10.0.8.jar%2354!/:?]
	at cpw.mods.modlauncher.Launcher.run(Launcher.java:106) [modlauncher-10.0.8.jar%2354!/:?]
	at cpw.mods.modlauncher.Launcher.main(Launcher.java:77) [modlauncher-10.0.8.jar%2354!/:?]
	at cpw.mods.modlauncher.BootstrapLaunchConsumer.accept(BootstrapLaunchConsumer.java:26) [modlauncher-10.0.8.jar%2354!/:?]
	at cpw.mods.modlauncher.BootstrapLaunchConsumer.accept(BootstrapLaunchConsumer.java:23) [modlauncher-10.0.8.jar%2354!/:?]
	at cpw.mods.bootstraplauncher.BootstrapLauncher.main(BootstrapLauncher.java:141) [bootstraplauncher-1.1.2.jar:?]
[11Apr2025 16:50:53.609] [main/ERROR] [net.minecraft.world.item.crafting.RecipeManager/]: Parsing error loading recipe mekanism:crushing/gloomslate/tile_wall_to_cobbled
com.google.gson.JsonSyntaxException: Invalid or unsupported recipe type 'mekanism:crushing'
	at net.minecraft.world.item.crafting.RecipeManager.m_220253_(RecipeManager.java:170) ~[server-1.19.2-20220805.130853-srg.jar%23137!/:?]
	at java.util.Optional.orElseThrow(Optional.java:403) ~[?:?]
	at net.minecraft.world.item.crafting.RecipeManager.fromJson(RecipeManager.java:169) ~[server-1.19.2-20220805.130853-srg.jar%23137!/:?]
	at net.minecraft.world.item.crafting.RecipeManager.m_5787_(RecipeManager.java:67) ~[server-1.19.2-20220805.130853-srg.jar%23137!/:?]
	at net.minecraft.world.item.crafting.RecipeManager.m_5787_(RecipeManager.java:34) ~[server-1.19.2-20220805.130853-srg.jar%23137!/:?]
	at net.minecraft.server.packs.resources.SimplePreparableReloadListener.m_10789_(SimplePreparableReloadListener.java:13) ~[server-1.19.2-20220805.130853-srg.jar%23137!/:?]
	at java.util.concurrent.CompletableFuture$UniAccept.tryFire(CompletableFuture.java:718) ~[?:?]
	at java.util.concurrent.CompletableFuture$Completion.run(CompletableFuture.java:482) ~[?:?]
	at net.minecraft.server.packs.resources.SimpleReloadInstance.m_143940_(SimpleReloadInstance.java:69) ~[server-1.19.2-20220805.130853-srg.jar%23137!/:?]
	at net.minecraft.Util.m_214652_(Util.java:781) ~[server-1.19.2-20220805.130853-srg.jar%23137!/:?]
	at net.minecraft.Util.m_214679_(Util.java:770) ~[server-1.19.2-20220805.130853-srg.jar%23137!/:?]
	at net.minecraft.server.Main.main(Main.java:157) ~[server-1.19.2-20220805.130853-srg.jar%23137!/:?]
	at jdk.internal.reflect.NativeMethodAccessorImpl.invoke0(Native Method) ~[?:?]
	at jdk.internal.reflect.NativeMethodAccessorImpl.invoke(NativeMethodAccessorImpl.java:77) ~[?:?]
	at jdk.internal.reflect.DelegatingMethodAccessorImpl.invoke(DelegatingMethodAccessorImpl.java:43) ~[?:?]
	at java.lang.reflect.Method.invoke(Method.java:569) ~[?:?]
	at net.minecraftforge.fml.loading.targets.CommonServerLaunchHandler.lambda$launchService$0(CommonServerLaunchHandler.java:29) ~[fmlloader-1.19.2-43.4.2.jar%2367!/:?]
	at cpw.mods.modlauncher.LaunchServiceHandlerDecorator.launch(LaunchServiceHandlerDecorator.java:30) [modlauncher-10.0.8.jar%2354!/:?]
	at cpw.mods.modlauncher.LaunchServiceHandler.launch(LaunchServiceHandler.java:53) [modlauncher-10.0.8.jar%2354!/:?]
	at cpw.mods.modlauncher.LaunchServiceHandler.launch(LaunchServiceHandler.java:71) [modlauncher-10.0.8.jar%2354!/:?]
	at cpw.mods.modlauncher.Launcher.run(Launcher.java:106) [modlauncher-10.0.8.jar%2354!/:?]
	at cpw.mods.modlauncher.Launcher.main(Launcher.java:77) [modlauncher-10.0.8.jar%2354!/:?]
	at cpw.mods.modlauncher.BootstrapLaunchConsumer.accept(BootstrapLaunchConsumer.java:26) [modlauncher-10.0.8.jar%2354!/:?]
	at cpw.mods.modlauncher.BootstrapLaunchConsumer.accept(BootstrapLaunchConsumer.java:23) [modlauncher-10.0.8.jar%2354!/:?]
	at cpw.mods.bootstraplauncher.BootstrapLauncher.main(BootstrapLauncher.java:141) [bootstraplauncher-1.1.2.jar:?]
[11Apr2025 16:50:53.612] [main/ERROR] [net.minecraft.world.item.crafting.RecipeManager/]: Parsing error loading recipe mekanism:enriching/conversion/gloomslate/tile_stairs_to_brick
com.google.gson.JsonSyntaxException: Invalid or unsupported recipe type 'mekanism:enriching'
	at net.minecraft.world.item.crafting.RecipeManager.m_220253_(RecipeManager.java:170) ~[server-1.19.2-20220805.130853-srg.jar%23137!/:?]
	at java.util.Optional.orElseThrow(Optional.java:403) ~[?:?]
	at net.minecraft.world.item.crafting.RecipeManager.fromJson(RecipeManager.java:169) ~[server-1.19.2-20220805.130853-srg.jar%23137!/:?]
	at net.minecraft.world.item.crafting.RecipeManager.m_5787_(RecipeManager.java:67) ~[server-1.19.2-20220805.130853-srg.jar%23137!/:?]
	at net.minecraft.world.item.crafting.RecipeManager.m_5787_(RecipeManager.java:34) ~[server-1.19.2-20220805.130853-srg.jar%23137!/:?]
	at net.minecraft.server.packs.resources.SimplePreparableReloadListener.m_10789_(SimplePreparableReloadListener.java:13) ~[server-1.19.2-20220805.130853-srg.jar%23137!/:?]
	at java.util.concurrent.CompletableFuture$UniAccept.tryFire(CompletableFuture.java:718) ~[?:?]
	at java.util.concurrent.CompletableFuture$Completion.run(CompletableFuture.java:482) ~[?:?]
	at net.minecraft.server.packs.resources.SimpleReloadInstance.m_143940_(SimpleReloadInstance.java:69) ~[server-1.19.2-20220805.130853-srg.jar%23137!/:?]
	at net.minecraft.Util.m_214652_(Util.java:781) ~[server-1.19.2-20220805.130853-srg.jar%23137!/:?]
	at net.minecraft.Util.m_214679_(Util.java:770) ~[server-1.19.2-20220805.130853-srg.jar%23137!/:?]
	at net.minecraft.server.Main.main(Main.java:157) ~[server-1.19.2-20220805.130853-srg.jar%23137!/:?]
	at jdk.internal.reflect.NativeMethodAccessorImpl.invoke0(Native Method) ~[?:?]
	at jdk.internal.reflect.NativeMethodAccessorImpl.invoke(NativeMethodAccessorImpl.java:77) ~[?:?]
	at jdk.internal.reflect.DelegatingMethodAccessorImpl.invoke(DelegatingMethodAccessorImpl.java:43) ~[?:?]
	at java.lang.reflect.Method.invoke(Method.java:569) ~[?:?]
	at net.minecraftforge.fml.loading.targets.CommonServerLaunchHandler.lambda$launchService$0(CommonServerLaunchHandler.java:29) ~[fmlloader-1.19.2-43.4.2.jar%2367!/:?]
	at cpw.mods.modlauncher.LaunchServiceHandlerDecorator.launch(LaunchServiceHandlerDecorator.java:30) [modlauncher-10.0.8.jar%2354!/:?]
	at cpw.mods.modlauncher.LaunchServiceHandler.launch(LaunchServiceHandler.java:53) [modlauncher-10.0.8.jar%2354!/:?]
	at cpw.mods.modlauncher.LaunchServiceHandler.launch(LaunchServiceHandler.java:71) [modlauncher-10.0.8.jar%2354!/:?]
	at cpw.mods.modlauncher.Launcher.run(Launcher.java:106) [modlauncher-10.0.8.jar%2354!/:?]
	at cpw.mods.modlauncher.Launcher.main(Launcher.java:77) [modlauncher-10.0.8.jar%2354!/:?]
	at cpw.mods.modlauncher.BootstrapLaunchConsumer.accept(BootstrapLaunchConsumer.java:26) [modlauncher-10.0.8.jar%2354!/:?]
	at cpw.mods.modlauncher.BootstrapLaunchConsumer.accept(BootstrapLaunchConsumer.java:23) [modlauncher-10.0.8.jar%2354!/:?]
	at cpw.mods.bootstraplauncher.BootstrapLauncher.main(BootstrapLauncher.java:141) [bootstraplauncher-1.1.2.jar:?]
[11Apr2025 16:50:53.614] [main/ERROR] [net.minecraft.world.item.crafting.RecipeManager/]: Parsing error loading recipe farmersdelight:cutting/echo_door
com.google.gson.JsonSyntaxException: Invalid or unsupported recipe type 'farmersdelight:cutting'
	at net.minecraft.world.item.crafting.RecipeManager.m_220253_(RecipeManager.java:170) ~[server-1.19.2-20220805.130853-srg.jar%23137!/:?]
	at java.util.Optional.orElseThrow(Optional.java:403) ~[?:?]
	at net.minecraft.world.item.crafting.RecipeManager.fromJson(RecipeManager.java:169) ~[server-1.19.2-20220805.130853-srg.jar%23137!/:?]
	at net.minecraft.world.item.crafting.RecipeManager.m_5787_(RecipeManager.java:67) ~[server-1.19.2-20220805.130853-srg.jar%23137!/:?]
	at net.minecraft.world.item.crafting.RecipeManager.m_5787_(RecipeManager.java:34) ~[server-1.19.2-20220805.130853-srg.jar%23137!/:?]
	at net.minecraft.server.packs.resources.SimplePreparableReloadListener.m_10789_(SimplePreparableReloadListener.java:13) ~[server-1.19.2-20220805.130853-srg.jar%23137!/:?]
	at java.util.concurrent.CompletableFuture$UniAccept.tryFire(CompletableFuture.java:718) ~[?:?]
	at java.util.concurrent.CompletableFuture$Completion.run(CompletableFuture.java:482) ~[?:?]
	at net.minecraft.server.packs.resources.SimpleReloadInstance.m_143940_(SimpleReloadInstance.java:69) ~[server-1.19.2-20220805.130853-srg.jar%23137!/:?]
	at net.minecraft.Util.m_214652_(Util.java:781) ~[server-1.19.2-20220805.130853-srg.jar%23137!/:?]
	at net.minecraft.Util.m_214679_(Util.java:770) ~[server-1.19.2-20220805.130853-srg.jar%23137!/:?]
	at net.minecraft.server.Main.main(Main.java:157) ~[server-1.19.2-20220805.130853-srg.jar%23137!/:?]
	at jdk.internal.reflect.NativeMethodAccessorImpl.invoke0(Native Method) ~[?:?]
	at jdk.internal.reflect.NativeMethodAccessorImpl.invoke(NativeMethodAccessorImpl.java:77) ~[?:?]
	at jdk.internal.reflect.DelegatingMethodAccessorImpl.invoke(DelegatingMethodAccessorImpl.java:43) ~[?:?]
	at java.lang.reflect.Method.invoke(Method.java:569) ~[?:?]
	at net.minecraftforge.fml.loading.targets.CommonServerLaunchHandler.lambda$launchService$0(CommonServerLaunchHandler.java:29) ~[fmlloader-1.19.2-43.4.2.jar%2367!/:?]
	at cpw.mods.modlauncher.LaunchServiceHandlerDecorator.launch(LaunchServiceHandlerDecorator.java:30) [modlauncher-10.0.8.jar%2354!/:?]
	at cpw.mods.modlauncher.LaunchServiceHandler.launch(LaunchServiceHandler.java:53) [modlauncher-10.0.8.jar%2354!/:?]
	at cpw.mods.modlauncher.LaunchServiceHandler.launch(LaunchServiceHandler.java:71) [modlauncher-10.0.8.jar%2354!/:?]
	at cpw.mods.modlauncher.Launcher.run(Launcher.java:106) [modlauncher-10.0.8.jar%2354!/:?]
	at cpw.mods.modlauncher.Launcher.main(Launcher.java:77) [modlauncher-10.0.8.jar%2354!/:?]
	at cpw.mods.modlauncher.BootstrapLaunchConsumer.accept(BootstrapLaunchConsumer.java:26) [modlauncher-10.0.8.jar%2354!/:?]
	at cpw.mods.modlauncher.BootstrapLaunchConsumer.accept(BootstrapLaunchConsumer.java:23) [modlauncher-10.0.8.jar%2354!/:?]
	at cpw.mods.bootstraplauncher.BootstrapLauncher.main(BootstrapLauncher.java:141) [bootstraplauncher-1.1.2.jar:?]
[11Apr2025 16:50:53.616] [main/ERROR] [net.minecraft.world.item.crafting.RecipeManager/]: Parsing error loading recipe mekanism:crushing/gloomslate/smooth_stairs_to_cut
com.google.gson.JsonSyntaxException: Invalid or unsupported recipe type 'mekanism:crushing'
	at net.minecraft.world.item.crafting.RecipeManager.m_220253_(RecipeManager.java:170) ~[server-1.19.2-20220805.130853-srg.jar%23137!/:?]
	at java.util.Optional.orElseThrow(Optional.java:403) ~[?:?]
	at net.minecraft.world.item.crafting.RecipeManager.fromJson(RecipeManager.java:169) ~[server-1.19.2-20220805.130853-srg.jar%23137!/:?]
	at net.minecraft.world.item.crafting.RecipeManager.m_5787_(RecipeManager.java:67) ~[server-1.19.2-20220805.130853-srg.jar%23137!/:?]
	at net.minecraft.world.item.crafting.RecipeManager.m_5787_(RecipeManager.java:34) ~[server-1.19.2-20220805.130853-srg.jar%23137!/:?]
	at net.minecraft.server.packs.resources.SimplePreparableReloadListener.m_10789_(SimplePreparableReloadListener.java:13) ~[server-1.19.2-20220805.130853-srg.jar%23137!/:?]
	at java.util.concurrent.CompletableFuture$UniAccept.tryFire(CompletableFuture.java:718) ~[?:?]
	at java.util.concurrent.CompletableFuture$Completion.run(CompletableFuture.java:482) ~[?:?]
	at net.minecraft.server.packs.resources.SimpleReloadInstance.m_143940_(SimpleReloadInstance.java:69) ~[server-1.19.2-20220805.130853-srg.jar%23137!/:?]
	at net.minecraft.Util.m_214652_(Util.java:781) ~[server-1.19.2-20220805.130853-srg.jar%23137!/:?]
	at net.minecraft.Util.m_214679_(Util.java:770) ~[server-1.19.2-20220805.130853-srg.jar%23137!/:?]
	at net.minecraft.server.Main.main(Main.java:157) ~[server-1.19.2-20220805.130853-srg.jar%23137!/:?]
	at jdk.internal.reflect.NativeMethodAccessorImpl.invoke0(Native Method) ~[?:?]
	at jdk.internal.reflect.NativeMethodAccessorImpl.invoke(NativeMethodAccessorImpl.java:77) ~[?:?]
	at jdk.internal.reflect.DelegatingMethodAccessorImpl.invoke(DelegatingMethodAccessorImpl.java:43) ~[?:?]
	at java.lang.reflect.Method.invoke(Method.java:569) ~[?:?]
	at net.minecraftforge.fml.loading.targets.CommonServerLaunchHandler.lambda$launchService$0(CommonServerLaunchHandler.java:29) ~[fmlloader-1.19.2-43.4.2.jar%2367!/:?]
	at cpw.mods.modlauncher.LaunchServiceHandlerDecorator.launch(LaunchServiceHandlerDecorator.java:30) [modlauncher-10.0.8.jar%2354!/:?]
	at cpw.mods.modlauncher.LaunchServiceHandler.launch(LaunchServiceHandler.java:53) [modlauncher-10.0.8.jar%2354!/:?]
	at cpw.mods.modlauncher.LaunchServiceHandler.launch(LaunchServiceHandler.java:71) [modlauncher-10.0.8.jar%2354!/:?]
	at cpw.mods.modlauncher.Launcher.run(Launcher.java:106) [modlauncher-10.0.8.jar%2354!/:?]
	at cpw.mods.modlauncher.Launcher.main(Launcher.java:77) [modlauncher-10.0.8.jar%2354!/:?]
	at cpw.mods.modlauncher.BootstrapLaunchConsumer.accept(BootstrapLaunchConsumer.java:26) [modlauncher-10.0.8.jar%2354!/:?]
	at cpw.mods.modlauncher.BootstrapLaunchConsumer.accept(BootstrapLaunchConsumer.java:23) [modlauncher-10.0.8.jar%2354!/:?]
	at cpw.mods.bootstraplauncher.BootstrapLauncher.main(BootstrapLauncher.java:141) [bootstraplauncher-1.1.2.jar:?]
[11Apr2025 16:50:53.618] [main/ERROR] [net.minecraft.world.item.crafting.RecipeManager/]: Parsing error loading recipe mekanism:enriching/conversion/gloomslate/polished_stairs_to_cut
com.google.gson.JsonSyntaxException: Invalid or unsupported recipe type 'mekanism:enriching'
	at net.minecraft.world.item.crafting.RecipeManager.m_220253_(RecipeManager.java:170) ~[server-1.19.2-20220805.130853-srg.jar%23137!/:?]
	at java.util.Optional.orElseThrow(Optional.java:403) ~[?:?]
	at net.minecraft.world.item.crafting.RecipeManager.fromJson(RecipeManager.java:169) ~[server-1.19.2-20220805.130853-srg.jar%23137!/:?]
	at net.minecraft.world.item.crafting.RecipeManager.m_5787_(RecipeManager.java:67) ~[server-1.19.2-20220805.130853-srg.jar%23137!/:?]
	at net.minecraft.world.item.crafting.RecipeManager.m_5787_(RecipeManager.java:34) ~[server-1.19.2-20220805.130853-srg.jar%23137!/:?]
	at net.minecraft.server.packs.resources.SimplePreparableReloadListener.m_10789_(SimplePreparableReloadListener.java:13) ~[server-1.19.2-20220805.130853-srg.jar%23137!/:?]
	at java.util.concurrent.CompletableFuture$UniAccept.tryFire(CompletableFuture.java:718) ~[?:?]
	at java.util.concurrent.CompletableFuture$Completion.run(CompletableFuture.java:482) ~[?:?]
	at net.minecraft.server.packs.resources.SimpleReloadInstance.m_143940_(SimpleReloadInstance.java:69) ~[server-1.19.2-20220805.130853-srg.jar%23137!/:?]
	at net.minecraft.Util.m_214652_(Util.java:781) ~[server-1.19.2-20220805.130853-srg.jar%23137!/:?]
	at net.minecraft.Util.m_214679_(Util.java:770) ~[server-1.19.2-20220805.130853-srg.jar%23137!/:?]
	at net.minecraft.server.Main.main(Main.java:157) ~[server-1.19.2-20220805.130853-srg.jar%23137!/:?]
	at jdk.internal.reflect.NativeMethodAccessorImpl.invoke0(Native Method) ~[?:?]
	at jdk.internal.reflect.NativeMethodAccessorImpl.invoke(NativeMethodAccessorImpl.java:77) ~[?:?]
	at jdk.internal.reflect.DelegatingMethodAccessorImpl.invoke(DelegatingMethodAccessorImpl.java:43) ~[?:?]
	at java.lang.reflect.Method.invoke(Method.java:569) ~[?:?]
	at net.minecraftforge.fml.loading.targets.CommonServerLaunchHandler.lambda$launchService$0(CommonServerLaunchHandler.java:29) ~[fmlloader-1.19.2-43.4.2.jar%2367!/:?]
	at cpw.mods.modlauncher.LaunchServiceHandlerDecorator.launch(LaunchServiceHandlerDecorator.java:30) [modlauncher-10.0.8.jar%2354!/:?]
	at cpw.mods.modlauncher.LaunchServiceHandler.launch(LaunchServiceHandler.java:53) [modlauncher-10.0.8.jar%2354!/:?]
	at cpw.mods.modlauncher.LaunchServiceHandler.launch(LaunchServiceHandler.java:71) [modlauncher-10.0.8.jar%2354!/:?]
	at cpw.mods.modlauncher.Launcher.run(Launcher.java:106) [modlauncher-10.0.8.jar%2354!/:?]
	at cpw.mods.modlauncher.Launcher.main(Launcher.java:77) [modlauncher-10.0.8.jar%2354!/:?]
	at cpw.mods.modlauncher.BootstrapLaunchConsumer.accept(BootstrapLaunchConsumer.java:26) [modlauncher-10.0.8.jar%2354!/:?]
	at cpw.mods.modlauncher.BootstrapLaunchConsumer.accept(BootstrapLaunchConsumer.java:23) [modlauncher-10.0.8.jar%2354!/:?]
	at cpw.mods.bootstraplauncher.BootstrapLauncher.main(BootstrapLauncher.java:141) [bootstraplauncher-1.1.2.jar:?]
[11Apr2025 16:50:53.620] [main/ERROR] [net.minecraft.world.item.crafting.RecipeManager/]: Parsing error loading recipe mekanism:crushing/gloomslate/tile_to_cobbled
com.google.gson.JsonSyntaxException: Invalid or unsupported recipe type 'mekanism:crushing'
	at net.minecraft.world.item.crafting.RecipeManager.m_220253_(RecipeManager.java:170) ~[server-1.19.2-20220805.130853-srg.jar%23137!/:?]
	at java.util.Optional.orElseThrow(Optional.java:403) ~[?:?]
	at net.minecraft.world.item.crafting.RecipeManager.fromJson(RecipeManager.java:169) ~[server-1.19.2-20220805.130853-srg.jar%23137!/:?]
	at net.minecraft.world.item.crafting.RecipeManager.m_5787_(RecipeManager.java:67) ~[server-1.19.2-20220805.130853-srg.jar%23137!/:?]
	at net.minecraft.world.item.crafting.RecipeManager.m_5787_(RecipeManager.java:34) ~[server-1.19.2-20220805.130853-srg.jar%23137!/:?]
	at net.minecraft.server.packs.resources.SimplePreparableReloadListener.m_10789_(SimplePreparableReloadListener.java:13) ~[server-1.19.2-20220805.130853-srg.jar%23137!/:?]
	at java.util.concurrent.CompletableFuture$UniAccept.tryFire(CompletableFuture.java:718) ~[?:?]
	at java.util.concurrent.CompletableFuture$Completion.run(CompletableFuture.java:482) ~[?:?]
	at net.minecraft.server.packs.resources.SimpleReloadInstance.m_143940_(SimpleReloadInstance.java:69) ~[server-1.19.2-20220805.130853-srg.jar%23137!/:?]
	at net.minecraft.Util.m_214652_(Util.java:781) ~[server-1.19.2-20220805.130853-srg.jar%23137!/:?]
	at net.minecraft.Util.m_214679_(Util.java:770) ~[server-1.19.2-20220805.130853-srg.jar%23137!/:?]
	at net.minecraft.server.Main.main(Main.java:157) ~[server-1.19.2-20220805.130853-srg.jar%23137!/:?]
	at jdk.internal.reflect.NativeMethodAccessorImpl.invoke0(Native Method) ~[?:?]
	at jdk.internal.reflect.NativeMethodAccessorImpl.invoke(NativeMethodAccessorImpl.java:77) ~[?:?]
	at jdk.internal.reflect.DelegatingMethodAccessorImpl.invoke(DelegatingMethodAccessorImpl.java:43) ~[?:?]
	at java.lang.reflect.Method.invoke(Method.java:569) ~[?:?]
	at net.minecraftforge.fml.loading.targets.CommonServerLaunchHandler.lambda$launchService$0(CommonServerLaunchHandler.java:29) ~[fmlloader-1.19.2-43.4.2.jar%2367!/:?]
	at cpw.mods.modlauncher.LaunchServiceHandlerDecorator.launch(LaunchServiceHandlerDecorator.java:30) [modlauncher-10.0.8.jar%2354!/:?]
	at cpw.mods.modlauncher.LaunchServiceHandler.launch(LaunchServiceHandler.java:53) [modlauncher-10.0.8.jar%2354!/:?]
	at cpw.mods.modlauncher.LaunchServiceHandler.launch(LaunchServiceHandler.java:71) [modlauncher-10.0.8.jar%2354!/:?]
	at cpw.mods.modlauncher.Launcher.run(Launcher.java:106) [modlauncher-10.0.8.jar%2354!/:?]
	at cpw.mods.modlauncher.Launcher.main(Launcher.java:77) [modlauncher-10.0.8.jar%2354!/:?]
	at cpw.mods.modlauncher.BootstrapLaunchConsumer.accept(BootstrapLaunchConsumer.java:26) [modlauncher-10.0.8.jar%2354!/:?]
	at cpw.mods.modlauncher.BootstrapLaunchConsumer.accept(BootstrapLaunchConsumer.java:23) [modlauncher-10.0.8.jar%2354!/:?]
	at cpw.mods.bootstraplauncher.BootstrapLauncher.main(BootstrapLauncher.java:141) [bootstraplauncher-1.1.2.jar:?]
[11Apr2025 16:50:53.622] [main/ERROR] [net.minecraft.world.item.crafting.RecipeManager/]: Parsing error loading recipe immersiveengineering:sawmill/echo_door
com.google.gson.JsonSyntaxException: Invalid or unsupported recipe type 'immersiveengineering:sawmill'
	at net.minecraft.world.item.crafting.RecipeManager.m_220253_(RecipeManager.java:170) ~[server-1.19.2-20220805.130853-srg.jar%23137!/:?]
	at java.util.Optional.orElseThrow(Optional.java:403) ~[?:?]
	at net.minecraft.world.item.crafting.RecipeManager.fromJson(RecipeManager.java:169) ~[server-1.19.2-20220805.130853-srg.jar%23137!/:?]
	at net.minecraft.world.item.crafting.RecipeManager.m_5787_(RecipeManager.java:67) ~[server-1.19.2-20220805.130853-srg.jar%23137!/:?]
	at net.minecraft.world.item.crafting.RecipeManager.m_5787_(RecipeManager.java:34) ~[server-1.19.2-20220805.130853-srg.jar%23137!/:?]
	at net.minecraft.server.packs.resources.SimplePreparableReloadListener.m_10789_(SimplePreparableReloadListener.java:13) ~[server-1.19.2-20220805.130853-srg.jar%23137!/:?]
	at java.util.concurrent.CompletableFuture$UniAccept.tryFire(CompletableFuture.java:718) ~[?:?]
	at java.util.concurrent.CompletableFuture$Completion.run(CompletableFuture.java:482) ~[?:?]
	at net.minecraft.server.packs.resources.SimpleReloadInstance.m_143940_(SimpleReloadInstance.java:69) ~[server-1.19.2-20220805.130853-srg.jar%23137!/:?]
	at net.minecraft.Util.m_214652_(Util.java:781) ~[server-1.19.2-20220805.130853-srg.jar%23137!/:?]
	at net.minecraft.Util.m_214679_(Util.java:770) ~[server-1.19.2-20220805.130853-srg.jar%23137!/:?]
	at net.minecraft.server.Main.main(Main.java:157) ~[server-1.19.2-20220805.130853-srg.jar%23137!/:?]
	at jdk.internal.reflect.NativeMethodAccessorImpl.invoke0(Native Method) ~[?:?]
	at jdk.internal.reflect.NativeMethodAccessorImpl.invoke(NativeMethodAccessorImpl.java:77) ~[?:?]
	at jdk.internal.reflect.DelegatingMethodAccessorImpl.invoke(DelegatingMethodAccessorImpl.java:43) ~[?:?]
	at java.lang.reflect.Method.invoke(Method.java:569) ~[?:?]
	at net.minecraftforge.fml.loading.targets.CommonServerLaunchHandler.lambda$launchService$0(CommonServerLaunchHandler.java:29) ~[fmlloader-1.19.2-43.4.2.jar%2367!/:?]
	at cpw.mods.modlauncher.LaunchServiceHandlerDecorator.launch(LaunchServiceHandlerDecorator.java:30) [modlauncher-10.0.8.jar%2354!/:?]
	at cpw.mods.modlauncher.LaunchServiceHandler.launch(LaunchServiceHandler.java:53) [modlauncher-10.0.8.jar%2354!/:?]
	at cpw.mods.modlauncher.LaunchServiceHandler.launch(LaunchServiceHandler.java:71) [modlauncher-10.0.8.jar%2354!/:?]
	at cpw.mods.modlauncher.Launcher.run(Launcher.java:106) [modlauncher-10.0.8.jar%2354!/:?]
	at cpw.mods.modlauncher.Launcher.main(Launcher.java:77) [modlauncher-10.0.8.jar%2354!/:?]
	at cpw.mods.modlauncher.BootstrapLaunchConsumer.accept(BootstrapLaunchConsumer.java:26) [modlauncher-10.0.8.jar%2354!/:?]
	at cpw.mods.modlauncher.BootstrapLaunchConsumer.accept(BootstrapLaunchConsumer.java:23) [modlauncher-10.0.8.jar%2354!/:?]
	at cpw.mods.bootstraplauncher.BootstrapLauncher.main(BootstrapLauncher.java:141) [bootstraplauncher-1.1.2.jar:?]
[11Apr2025 16:50:53.624] [main/ERROR] [net.minecraft.world.item.crafting.RecipeManager/]: Parsing error loading recipe mekanism:crushing/sculk_stone/smooth_wall_to_cut
com.google.gson.JsonSyntaxException: Invalid or unsupported recipe type 'mekanism:crushing'
	at net.minecraft.world.item.crafting.RecipeManager.m_220253_(RecipeManager.java:170) ~[server-1.19.2-20220805.130853-srg.jar%23137!/:?]
	at java.util.Optional.orElseThrow(Optional.java:403) ~[?:?]
	at net.minecraft.world.item.crafting.RecipeManager.fromJson(RecipeManager.java:169) ~[server-1.19.2-20220805.130853-srg.jar%23137!/:?]
	at net.minecraft.world.item.crafting.RecipeManager.m_5787_(RecipeManager.java:67) ~[server-1.19.2-20220805.130853-srg.jar%23137!/:?]
	at net.minecraft.world.item.crafting.RecipeManager.m_5787_(RecipeManager.java:34) ~[server-1.19.2-20220805.130853-srg.jar%23137!/:?]
	at net.minecraft.server.packs.resources.SimplePreparableReloadListener.m_10789_(SimplePreparableReloadListener.java:13) ~[server-1.19.2-20220805.130853-srg.jar%23137!/:?]
	at java.util.concurrent.CompletableFuture$UniAccept.tryFire(CompletableFuture.java:718) ~[?:?]
	at java.util.concurrent.CompletableFuture$Completion.run(CompletableFuture.java:482) ~[?:?]
	at net.minecraft.server.packs.resources.SimpleReloadInstance.m_143940_(SimpleReloadInstance.java:69) ~[server-1.19.2-20220805.130853-srg.jar%23137!/:?]
	at net.minecraft.Util.m_214652_(Util.java:781) ~[server-1.19.2-20220805.130853-srg.jar%23137!/:?]
	at net.minecraft.Util.m_214679_(Util.java:770) ~[server-1.19.2-20220805.130853-srg.jar%23137!/:?]
	at net.minecraft.server.Main.main(Main.java:157) ~[server-1.19.2-20220805.130853-srg.jar%23137!/:?]
	at jdk.internal.reflect.NativeMethodAccessorImpl.invoke0(Native Method) ~[?:?]
	at jdk.internal.reflect.NativeMethodAccessorImpl.invoke(NativeMethodAccessorImpl.java:77) ~[?:?]
	at jdk.internal.reflect.DelegatingMethodAccessorImpl.invoke(DelegatingMethodAccessorImpl.java:43) ~[?:?]
	at java.lang.reflect.Method.invoke(Method.java:569) ~[?:?]
	at net.minecraftforge.fml.loading.targets.CommonServerLaunchHandler.lambda$launchService$0(CommonServerLaunchHandler.java:29) ~[fmlloader-1.19.2-43.4.2.jar%2367!/:?]
	at cpw.mods.modlauncher.LaunchServiceHandlerDecorator.launch(LaunchServiceHandlerDecorator.java:30) [modlauncher-10.0.8.jar%2354!/:?]
	at cpw.mods.modlauncher.LaunchServiceHandler.launch(LaunchServiceHandler.java:53) [modlauncher-10.0.8.jar%2354!/:?]
	at cpw.mods.modlauncher.LaunchServiceHandler.launch(LaunchServiceHandler.java:71) [modlauncher-10.0.8.jar%2354!/:?]
	at cpw.mods.modlauncher.Launcher.run(Launcher.java:106) [modlauncher-10.0.8.jar%2354!/:?]
	at cpw.mods.modlauncher.Launcher.main(Launcher.java:77) [modlauncher-10.0.8.jar%2354!/:?]
	at cpw.mods.modlauncher.BootstrapLaunchConsumer.accept(BootstrapLaunchConsumer.java:26) [modlauncher-10.0.8.jar%2354!/:?]
	at cpw.mods.modlauncher.BootstrapLaunchConsumer.accept(BootstrapLaunchConsumer.java:23) [modlauncher-10.0.8.jar%2354!/:?]
	at cpw.mods.bootstraplauncher.BootstrapLauncher.main(BootstrapLauncher.java:141) [bootstraplauncher-1.1.2.jar:?]
[11Apr2025 16:50:53.625] [main/ERROR] [net.minecraft.world.item.crafting.RecipeManager/]: Parsing error loading recipe create:cutting/stripped_echo_wood
com.google.gson.JsonSyntaxException: Invalid or unsupported recipe type 'create:cutting'
	at net.minecraft.world.item.crafting.RecipeManager.m_220253_(RecipeManager.java:170) ~[server-1.19.2-20220805.130853-srg.jar%23137!/:?]
	at java.util.Optional.orElseThrow(Optional.java:403) ~[?:?]
	at net.minecraft.world.item.crafting.RecipeManager.fromJson(RecipeManager.java:169) ~[server-1.19.2-20220805.130853-srg.jar%23137!/:?]
	at net.minecraft.world.item.crafting.RecipeManager.m_5787_(RecipeManager.java:67) ~[server-1.19.2-20220805.130853-srg.jar%23137!/:?]
	at net.minecraft.world.item.crafting.RecipeManager.m_5787_(RecipeManager.java:34) ~[server-1.19.2-20220805.130853-srg.jar%23137!/:?]
	at net.minecraft.server.packs.resources.SimplePreparableReloadListener.m_10789_(SimplePreparableReloadListener.java:13) ~[server-1.19.2-20220805.130853-srg.jar%23137!/:?]
	at java.util.concurrent.CompletableFuture$UniAccept.tryFire(CompletableFuture.java:718) ~[?:?]
	at java.util.concurrent.CompletableFuture$Completion.run(CompletableFuture.java:482) ~[?:?]
	at net.minecraft.server.packs.resources.SimpleReloadInstance.m_143940_(SimpleReloadInstance.java:69) ~[server-1.19.2-20220805.130853-srg.jar%23137!/:?]
	at net.minecraft.Util.m_214652_(Util.java:781) ~[server-1.19.2-20220805.130853-srg.jar%23137!/:?]
	at net.minecraft.Util.m_214679_(Util.java:770) ~[server-1.19.2-20220805.130853-srg.jar%23137!/:?]
	at net.minecraft.server.Main.main(Main.java:157) ~[server-1.19.2-20220805.130853-srg.jar%23137!/:?]
	at jdk.internal.reflect.NativeMethodAccessorImpl.invoke0(Native Method) ~[?:?]
	at jdk.internal.reflect.NativeMethodAccessorImpl.invoke(NativeMethodAccessorImpl.java:77) ~[?:?]
	at jdk.internal.reflect.DelegatingMethodAccessorImpl.invoke(DelegatingMethodAccessorImpl.java:43) ~[?:?]
	at java.lang.reflect.Method.invoke(Method.java:569) ~[?:?]
	at net.minecraftforge.fml.loading.targets.CommonServerLaunchHandler.lambda$launchService$0(CommonServerLaunchHandler.java:29) ~[fmlloader-1.19.2-43.4.2.jar%2367!/:?]
	at cpw.mods.modlauncher.LaunchServiceHandlerDecorator.launch(LaunchServiceHandlerDecorator.java:30) [modlauncher-10.0.8.jar%2354!/:?]
	at cpw.mods.modlauncher.LaunchServiceHandler.launch(LaunchServiceHandler.java:53) [modlauncher-10.0.8.jar%2354!/:?]
	at cpw.mods.modlauncher.LaunchServiceHandler.launch(LaunchServiceHandler.java:71) [modlauncher-10.0.8.jar%2354!/:?]
	at cpw.mods.modlauncher.Launcher.run(Launcher.java:106) [modlauncher-10.0.8.jar%2354!/:?]
	at cpw.mods.modlauncher.Launcher.main(Launcher.java:77) [modlauncher-10.0.8.jar%2354!/:?]
	at cpw.mods.modlauncher.BootstrapLaunchConsumer.accept(BootstrapLaunchConsumer.java:26) [modlauncher-10.0.8.jar%2354!/:?]
	at cpw.mods.modlauncher.BootstrapLaunchConsumer.accept(BootstrapLaunchConsumer.java:23) [modlauncher-10.0.8.jar%2354!/:?]
	at cpw.mods.bootstraplauncher.BootstrapLauncher.main(BootstrapLauncher.java:141) [bootstraplauncher-1.1.2.jar:?]
[11Apr2025 16:50:53.626] [main/ERROR] [net.minecraft.world.item.crafting.RecipeManager/]: Parsing error loading recipe mekanism:crushing/sculk_stone/to_cobbled
com.google.gson.JsonSyntaxException: Invalid or unsupported recipe type 'mekanism:crushing'
	at net.minecraft.world.item.crafting.RecipeManager.m_220253_(RecipeManager.java:170) ~[server-1.19.2-20220805.130853-srg.jar%23137!/:?]
	at java.util.Optional.orElseThrow(Optional.java:403) ~[?:?]
	at net.minecraft.world.item.crafting.RecipeManager.fromJson(RecipeManager.java:169) ~[server-1.19.2-20220805.130853-srg.jar%23137!/:?]
	at net.minecraft.world.item.crafting.RecipeManager.m_5787_(RecipeManager.java:67) ~[server-1.19.2-20220805.130853-srg.jar%23137!/:?]
	at net.minecraft.world.item.crafting.RecipeManager.m_5787_(RecipeManager.java:34) ~[server-1.19.2-20220805.130853-srg.jar%23137!/:?]
	at net.minecraft.server.packs.resources.SimplePreparableReloadListener.m_10789_(SimplePreparableReloadListener.java:13) ~[server-1.19.2-20220805.130853-srg.jar%23137!/:?]
	at java.util.concurrent.CompletableFuture$UniAccept.tryFire(CompletableFuture.java:718) ~[?:?]
	at java.util.concurrent.CompletableFuture$Completion.run(CompletableFuture.java:482) ~[?:?]
	at net.minecraft.server.packs.resources.SimpleReloadInstance.m_143940_(SimpleReloadInstance.java:69) ~[server-1.19.2-20220805.130853-srg.jar%23137!/:?]
	at net.minecraft.Util.m_214652_(Util.java:781) ~[server-1.19.2-20220805.130853-srg.jar%23137!/:?]
	at net.minecraft.Util.m_214679_(Util.java:770) ~[server-1.19.2-20220805.130853-srg.jar%23137!/:?]
	at net.minecraft.server.Main.main(Main.java:157) ~[server-1.19.2-20220805.130853-srg.jar%23137!/:?]
	at jdk.internal.reflect.NativeMethodAccessorImpl.invoke0(Native Method) ~[?:?]
	at jdk.internal.reflect.NativeMethodAccessorImpl.invoke(NativeMethodAccessorImpl.java:77) ~[?:?]
	at jdk.internal.reflect.DelegatingMethodAccessorImpl.invoke(DelegatingMethodAccessorImpl.java:43) ~[?:?]
	at java.lang.reflect.Method.invoke(Method.java:569) ~[?:?]
	at net.minecraftforge.fml.loading.targets.CommonServerLaunchHandler.lambda$launchService$0(CommonServerLaunchHandler.java:29) ~[fmlloader-1.19.2-43.4.2.jar%2367!/:?]
	at cpw.mods.modlauncher.LaunchServiceHandlerDecorator.launch(LaunchServiceHandlerDecorator.java:30) [modlauncher-10.0.8.jar%2354!/:?]
	at cpw.mods.modlauncher.LaunchServiceHandler.launch(LaunchServiceHandler.java:53) [modlauncher-10.0.8.jar%2354!/:?]
	at cpw.mods.modlauncher.LaunchServiceHandler.launch(LaunchServiceHandler.java:71) [modlauncher-10.0.8.jar%2354!/:?]
	at cpw.mods.modlauncher.Launcher.run(Launcher.java:106) [modlauncher-10.0.8.jar%2354!/:?]
	at cpw.mods.modlauncher.Launcher.main(Launcher.java:77) [modlauncher-10.0.8.jar%2354!/:?]
	at cpw.mods.modlauncher.BootstrapLaunchConsumer.accept(BootstrapLaunchConsumer.java:26) [modlauncher-10.0.8.jar%2354!/:?]
	at cpw.mods.modlauncher.BootstrapLaunchConsumer.accept(BootstrapLaunchConsumer.java:23) [modlauncher-10.0.8.jar%2354!/:?]
	at cpw.mods.bootstraplauncher.BootstrapLauncher.main(BootstrapLauncher.java:141) [bootstraplauncher-1.1.2.jar:?]
[11Apr2025 16:50:53.627] [main/ERROR] [net.minecraft.world.item.crafting.RecipeManager/]: Parsing error loading recipe mekanism:enriching/conversion/gloomslate/tile_wall_to_brick
com.google.gson.JsonSyntaxException: Invalid or unsupported recipe type 'mekanism:enriching'
	at net.minecraft.world.item.crafting.RecipeManager.m_220253_(RecipeManager.java:170) ~[server-1.19.2-20220805.130853-srg.jar%23137!/:?]
	at java.util.Optional.orElseThrow(Optional.java:403) ~[?:?]
	at net.minecraft.world.item.crafting.RecipeManager.fromJson(RecipeManager.java:169) ~[server-1.19.2-20220805.130853-srg.jar%23137!/:?]
	at net.minecraft.world.item.crafting.RecipeManager.m_5787_(RecipeManager.java:67) ~[server-1.19.2-20220805.130853-srg.jar%23137!/:?]
	at net.minecraft.world.item.crafting.RecipeManager.m_5787_(RecipeManager.java:34) ~[server-1.19.2-20220805.130853-srg.jar%23137!/:?]
	at net.minecraft.server.packs.resources.SimplePreparableReloadListener.m_10789_(SimplePreparableReloadListener.java:13) ~[server-1.19.2-20220805.130853-srg.jar%23137!/:?]
	at java.util.concurrent.CompletableFuture$UniAccept.tryFire(CompletableFuture.java:718) ~[?:?]
	at java.util.concurrent.CompletableFuture$Completion.run(CompletableFuture.java:482) ~[?:?]
	at net.minecraft.server.packs.resources.SimpleReloadInstance.m_143940_(SimpleReloadInstance.java:69) ~[server-1.19.2-20220805.130853-srg.jar%23137!/:?]
	at net.minecraft.Util.m_214652_(Util.java:781) ~[server-1.19.2-20220805.130853-srg.jar%23137!/:?]
	at net.minecraft.Util.m_214679_(Util.java:770) ~[server-1.19.2-20220805.130853-srg.jar%23137!/:?]
	at net.minecraft.server.Main.main(Main.java:157) ~[server-1.19.2-20220805.130853-srg.jar%23137!/:?]
	at jdk.internal.reflect.NativeMethodAccessorImpl.invoke0(Native Method) ~[?:?]
	at jdk.internal.reflect.NativeMethodAccessorImpl.invoke(NativeMethodAccessorImpl.java:77) ~[?:?]
	at jdk.internal.reflect.DelegatingMethodAccessorImpl.invoke(DelegatingMethodAccessorImpl.java:43) ~[?:?]
	at java.lang.reflect.Method.invoke(Method.java:569) ~[?:?]
	at net.minecraftforge.fml.loading.targets.CommonServerLaunchHandler.lambda$launchService$0(CommonServerLaunchHandler.java:29) ~[fmlloader-1.19.2-43.4.2.jar%2367!/:?]
	at cpw.mods.modlauncher.LaunchServiceHandlerDecorator.launch(LaunchServiceHandlerDecorator.java:30) [modlauncher-10.0.8.jar%2354!/:?]
	at cpw.mods.modlauncher.LaunchServiceHandler.launch(LaunchServiceHandler.java:53) [modlauncher-10.0.8.jar%2354!/:?]
	at cpw.mods.modlauncher.LaunchServiceHandler.launch(LaunchServiceHandler.java:71) [modlauncher-10.0.8.jar%2354!/:?]
	at cpw.mods.modlauncher.Launcher.run(Launcher.java:106) [modlauncher-10.0.8.jar%2354!/:?]
	at cpw.mods.modlauncher.Launcher.main(Launcher.java:77) [modlauncher-10.0.8.jar%2354!/:?]
	at cpw.mods.modlauncher.BootstrapLaunchConsumer.accept(BootstrapLaunchConsumer.java:26) [modlauncher-10.0.8.jar%2354!/:?]
	at cpw.mods.modlauncher.BootstrapLaunchConsumer.accept(BootstrapLaunchConsumer.java:23) [modlauncher-10.0.8.jar%2354!/:?]
	at cpw.mods.bootstraplauncher.BootstrapLauncher.main(BootstrapLauncher.java:141) [bootstraplauncher-1.1.2.jar:?]
[11Apr2025 16:50:53.628] [main/ERROR] [net.minecraft.world.item.crafting.RecipeManager/]: Parsing error loading recipe mekanism:enriching/conversion/sculk_stone/polished_to_cut
com.google.gson.JsonSyntaxException: Invalid or unsupported recipe type 'mekanism:enriching'
	at net.minecraft.world.item.crafting.RecipeManager.m_220253_(RecipeManager.java:170) ~[server-1.19.2-20220805.130853-srg.jar%23137!/:?]
	at java.util.Optional.orElseThrow(Optional.java:403) ~[?:?]
	at net.minecraft.world.item.crafting.RecipeManager.fromJson(RecipeManager.java:169) ~[server-1.19.2-20220805.130853-srg.jar%23137!/:?]
	at net.minecraft.world.item.crafting.RecipeManager.m_5787_(RecipeManager.java:67) ~[server-1.19.2-20220805.130853-srg.jar%23137!/:?]
	at net.minecraft.world.item.crafting.RecipeManager.m_5787_(RecipeManager.java:34) ~[server-1.19.2-20220805.130853-srg.jar%23137!/:?]
	at net.minecraft.server.packs.resources.SimplePreparableReloadListener.m_10789_(SimplePreparableReloadListener.java:13) ~[server-1.19.2-20220805.130853-srg.jar%23137!/:?]
	at java.util.concurrent.CompletableFuture$UniAccept.tryFire(CompletableFuture.java:718) ~[?:?]
	at java.util.concurrent.CompletableFuture$Completion.run(CompletableFuture.java:482) ~[?:?]
	at net.minecraft.server.packs.resources.SimpleReloadInstance.m_143940_(SimpleReloadInstance.java:69) ~[server-1.19.2-20220805.130853-srg.jar%23137!/:?]
	at net.minecraft.Util.m_214652_(Util.java:781) ~[server-1.19.2-20220805.130853-srg.jar%23137!/:?]
	at net.minecraft.Util.m_214679_(Util.java:770) ~[server-1.19.2-20220805.130853-srg.jar%23137!/:?]
	at net.minecraft.server.Main.main(Main.java:157) ~[server-1.19.2-20220805.130853-srg.jar%23137!/:?]
	at jdk.internal.reflect.NativeMethodAccessorImpl.invoke0(Native Method) ~[?:?]
	at jdk.internal.reflect.NativeMethodAccessorImpl.invoke(NativeMethodAccessorImpl.java:77) ~[?:?]
	at jdk.internal.reflect.DelegatingMethodAccessorImpl.invoke(DelegatingMethodAccessorImpl.java:43) ~[?:?]
	at java.lang.reflect.Method.invoke(Method.java:569) ~[?:?]
	at net.minecraftforge.fml.loading.targets.CommonServerLaunchHandler.lambda$launchService$0(CommonServerLaunchHandler.java:29) ~[fmlloader-1.19.2-43.4.2.jar%2367!/:?]
	at cpw.mods.modlauncher.LaunchServiceHandlerDecorator.launch(LaunchServiceHandlerDecorator.java:30) [modlauncher-10.0.8.jar%2354!/:?]
	at cpw.mods.modlauncher.LaunchServiceHandler.launch(LaunchServiceHandler.java:53) [modlauncher-10.0.8.jar%2354!/:?]
	at cpw.mods.modlauncher.LaunchServiceHandler.launch(LaunchServiceHandler.java:71) [modlauncher-10.0.8.jar%2354!/:?]
	at cpw.mods.modlauncher.Launcher.run(Launcher.java:106) [modlauncher-10.0.8.jar%2354!/:?]
	at cpw.mods.modlauncher.Launcher.main(Launcher.java:77) [modlauncher-10.0.8.jar%2354!/:?]
	at cpw.mods.modlauncher.BootstrapLaunchConsumer.accept(BootstrapLaunchConsumer.java:26) [modlauncher-10.0.8.jar%2354!/:?]
	at cpw.mods.modlauncher.BootstrapLaunchConsumer.accept(BootstrapLaunchConsumer.java:23) [modlauncher-10.0.8.jar%2354!/:?]
	at cpw.mods.bootstraplauncher.BootstrapLauncher.main(BootstrapLauncher.java:141) [bootstraplauncher-1.1.2.jar:?]
[11Apr2025 16:50:53.629] [main/ERROR] [net.minecraft.world.item.crafting.RecipeManager/]: Parsing error loading recipe mekanism:enriching/conversion/gloomslate/cut_slabs_to_smooth
com.google.gson.JsonSyntaxException: Invalid or unsupported recipe type 'mekanism:enriching'
	at net.minecraft.world.item.crafting.RecipeManager.m_220253_(RecipeManager.java:170) ~[server-1.19.2-20220805.130853-srg.jar%23137!/:?]
	at java.util.Optional.orElseThrow(Optional.java:403) ~[?:?]
	at net.minecraft.world.item.crafting.RecipeManager.fromJson(RecipeManager.java:169) ~[server-1.19.2-20220805.130853-srg.jar%23137!/:?]
	at net.minecraft.world.item.crafting.RecipeManager.m_5787_(RecipeManager.java:67) ~[server-1.19.2-20220805.130853-srg.jar%23137!/:?]
	at net.minecraft.world.item.crafting.RecipeManager.m_5787_(RecipeManager.java:34) ~[server-1.19.2-20220805.130853-srg.jar%23137!/:?]
	at net.minecraft.server.packs.resources.SimplePreparableReloadListener.m_10789_(SimplePreparableReloadListener.java:13) ~[server-1.19.2-20220805.130853-srg.jar%23137!/:?]
	at java.util.concurrent.CompletableFuture$UniAccept.tryFire(CompletableFuture.java:718) ~[?:?]
	at java.util.concurrent.CompletableFuture$Completion.run(CompletableFuture.java:482) ~[?:?]
	at net.minecraft.server.packs.resources.SimpleReloadInstance.m_143940_(SimpleReloadInstance.java:69) ~[server-1.19.2-20220805.130853-srg.jar%23137!/:?]
	at net.minecraft.Util.m_214652_(Util.java:781) ~[server-1.19.2-20220805.130853-srg.jar%23137!/:?]
	at net.minecraft.Util.m_214679_(Util.java:770) ~[server-1.19.2-20220805.130853-srg.jar%23137!/:?]
	at net.minecraft.server.Main.main(Main.java:157) ~[server-1.19.2-20220805.130853-srg.jar%23137!/:?]
	at jdk.internal.reflect.NativeMethodAccessorImpl.invoke0(Native Method) ~[?:?]
	at jdk.internal.reflect.NativeMethodAccessorImpl.invoke(NativeMethodAccessorImpl.java:77) ~[?:?]
	at jdk.internal.reflect.DelegatingMethodAccessorImpl.invoke(DelegatingMethodAccessorImpl.java:43) ~[?:?]
	at java.lang.reflect.Method.invoke(Method.java:569) ~[?:?]
	at net.minecraftforge.fml.loading.targets.CommonServerLaunchHandler.lambda$launchService$0(CommonServerLaunchHandler.java:29) ~[fmlloader-1.19.2-43.4.2.jar%2367!/:?]
	at cpw.mods.modlauncher.LaunchServiceHandlerDecorator.launch(LaunchServiceHandlerDecorator.java:30) [modlauncher-10.0.8.jar%2354!/:?]
	at cpw.mods.modlauncher.LaunchServiceHandler.launch(LaunchServiceHandler.java:53) [modlauncher-10.0.8.jar%2354!/:?]
	at cpw.mods.modlauncher.LaunchServiceHandler.launch(LaunchServiceHandler.java:71) [modlauncher-10.0.8.jar%2354!/:?]
	at cpw.mods.modlauncher.Launcher.run(Launcher.java:106) [modlauncher-10.0.8.jar%2354!/:?]
	at cpw.mods.modlauncher.Launcher.main(Launcher.java:77) [modlauncher-10.0.8.jar%2354!/:?]
	at cpw.mods.modlauncher.BootstrapLaunchConsumer.accept(BootstrapLaunchConsumer.java:26) [modlauncher-10.0.8.jar%2354!/:?]
	at cpw.mods.modlauncher.BootstrapLaunchConsumer.accept(BootstrapLaunchConsumer.java:23) [modlauncher-10.0.8.jar%2354!/:?]
	at cpw.mods.bootstraplauncher.BootstrapLauncher.main(BootstrapLauncher.java:141) [bootstraplauncher-1.1.2.jar:?]
[11Apr2025 16:50:53.630] [main/ERROR] [net.minecraft.world.item.crafting.RecipeManager/]: Parsing error loading recipe mekanism:crushing/sculk_stone/slabs_to_cobbled
com.google.gson.JsonSyntaxException: Invalid or unsupported recipe type 'mekanism:crushing'
	at net.minecraft.world.item.crafting.RecipeManager.m_220253_(RecipeManager.java:170) ~[server-1.19.2-20220805.130853-srg.jar%23137!/:?]
	at java.util.Optional.orElseThrow(Optional.java:403) ~[?:?]
	at net.minecraft.world.item.crafting.RecipeManager.fromJson(RecipeManager.java:169) ~[server-1.19.2-20220805.130853-srg.jar%23137!/:?]
	at net.minecraft.world.item.crafting.RecipeManager.m_5787_(RecipeManager.java:67) ~[server-1.19.2-20220805.130853-srg.jar%23137!/:?]
	at net.minecraft.world.item.crafting.RecipeManager.m_5787_(RecipeManager.java:34) ~[server-1.19.2-20220805.130853-srg.jar%23137!/:?]
	at net.minecraft.server.packs.resources.SimplePreparableReloadListener.m_10789_(SimplePreparableReloadListener.java:13) ~[server-1.19.2-20220805.130853-srg.jar%23137!/:?]
	at java.util.concurrent.CompletableFuture$UniAccept.tryFire(CompletableFuture.java:718) ~[?:?]
	at java.util.concurrent.CompletableFuture$Completion.run(CompletableFuture.java:482) ~[?:?]
	at net.minecraft.server.packs.resources.SimpleReloadInstance.m_143940_(SimpleReloadInstance.java:69) ~[server-1.19.2-20220805.130853-srg.jar%23137!/:?]
	at net.minecraft.Util.m_214652_(Util.java:781) ~[server-1.19.2-20220805.130853-srg.jar%23137!/:?]
	at net.minecraft.Util.m_214679_(Util.java:770) ~[server-1.19.2-20220805.130853-srg.jar%23137!/:?]
	at net.minecraft.server.Main.main(Main.java:157) ~[server-1.19.2-20220805.130853-srg.jar%23137!/:?]
	at jdk.internal.reflect.NativeMethodAccessorImpl.invoke0(Native Method) ~[?:?]
	at jdk.internal.reflect.NativeMethodAccessorImpl.invoke(NativeMethodAccessorImpl.java:77) ~[?:?]
	at jdk.internal.reflect.DelegatingMethodAccessorImpl.invoke(DelegatingMethodAccessorImpl.java:43) ~[?:?]
	at java.lang.reflect.Method.invoke(Method.java:569) ~[?:?]
	at net.minecraftforge.fml.loading.targets.CommonServerLaunchHandler.lambda$launchService$0(CommonServerLaunchHandler.java:29) ~[fmlloader-1.19.2-43.4.2.jar%2367!/:?]
	at cpw.mods.modlauncher.LaunchServiceHandlerDecorator.launch(LaunchServiceHandlerDecorator.java:30) [modlauncher-10.0.8.jar%2354!/:?]
	at cpw.mods.modlauncher.LaunchServiceHandler.launch(LaunchServiceHandler.java:53) [modlauncher-10.0.8.jar%2354!/:?]
	at cpw.mods.modlauncher.LaunchServiceHandler.launch(LaunchServiceHandler.java:71) [modlauncher-10.0.8.jar%2354!/:?]
	at cpw.mods.modlauncher.Launcher.run(Launcher.java:106) [modlauncher-10.0.8.jar%2354!/:?]
	at cpw.mods.modlauncher.Launcher.main(Launcher.java:77) [modlauncher-10.0.8.jar%2354!/:?]
	at cpw.mods.modlauncher.BootstrapLaunchConsumer.accept(BootstrapLaunchConsumer.java:26) [modlauncher-10.0.8.jar%2354!/:?]
	at cpw.mods.modlauncher.BootstrapLaunchConsumer.accept(BootstrapLaunchConsumer.java:23) [modlauncher-10.0.8.jar%2354!/:?]
	at cpw.mods.bootstraplauncher.BootstrapLauncher.main(BootstrapLauncher.java:141) [bootstraplauncher-1.1.2.jar:?]
[11Apr2025 16:50:53.632] [main/ERROR] [net.minecraft.world.item.crafting.RecipeManager/]: Parsing error loading recipe mekanism:sawing/fence_gate/echo
com.google.gson.JsonSyntaxException: Invalid or unsupported recipe type 'mekanism:sawing'
	at net.minecraft.world.item.crafting.RecipeManager.m_220253_(RecipeManager.java:170) ~[server-1.19.2-20220805.130853-srg.jar%23137!/:?]
	at java.util.Optional.orElseThrow(Optional.java:403) ~[?:?]
	at net.minecraft.world.item.crafting.RecipeManager.fromJson(RecipeManager.java:169) ~[server-1.19.2-20220805.130853-srg.jar%23137!/:?]
	at net.minecraft.world.item.crafting.RecipeManager.m_5787_(RecipeManager.java:67) ~[server-1.19.2-20220805.130853-srg.jar%23137!/:?]
	at net.minecraft.world.item.crafting.RecipeManager.m_5787_(RecipeManager.java:34) ~[server-1.19.2-20220805.130853-srg.jar%23137!/:?]
	at net.minecraft.server.packs.resources.SimplePreparableReloadListener.m_10789_(SimplePreparableReloadListener.java:13) ~[server-1.19.2-20220805.130853-srg.jar%23137!/:?]
	at java.util.concurrent.CompletableFuture$UniAccept.tryFire(CompletableFuture.java:718) ~[?:?]
	at java.util.concurrent.CompletableFuture$Completion.run(CompletableFuture.java:482) ~[?:?]
	at net.minecraft.server.packs.resources.SimpleReloadInstance.m_143940_(SimpleReloadInstance.java:69) ~[server-1.19.2-20220805.130853-srg.jar%23137!/:?]
	at net.minecraft.Util.m_214652_(Util.java:781) ~[server-1.19.2-20220805.130853-srg.jar%23137!/:?]
	at net.minecraft.Util.m_214679_(Util.java:770) ~[server-1.19.2-20220805.130853-srg.jar%23137!/:?]
	at net.minecraft.server.Main.main(Main.java:157) ~[server-1.19.2-20220805.130853-srg.jar%23137!/:?]
	at jdk.internal.reflect.NativeMethodAccessorImpl.invoke0(Native Method) ~[?:?]
	at jdk.internal.reflect.NativeMethodAccessorImpl.invoke(NativeMethodAccessorImpl.java:77) ~[?:?]
	at jdk.internal.reflect.DelegatingMethodAccessorImpl.invoke(DelegatingMethodAccessorImpl.java:43) ~[?:?]
	at java.lang.reflect.Method.invoke(Method.java:569) ~[?:?]
	at net.minecraftforge.fml.loading.targets.CommonServerLaunchHandler.lambda$launchService$0(CommonServerLaunchHandler.java:29) ~[fmlloader-1.19.2-43.4.2.jar%2367!/:?]
	at cpw.mods.modlauncher.LaunchServiceHandlerDecorator.launch(LaunchServiceHandlerDecorator.java:30) [modlauncher-10.0.8.jar%2354!/:?]
	at cpw.mods.modlauncher.LaunchServiceHandler.launch(LaunchServiceHandler.java:53) [modlauncher-10.0.8.jar%2354!/:?]
	at cpw.mods.modlauncher.LaunchServiceHandler.launch(LaunchServiceHandler.java:71) [modlauncher-10.0.8.jar%2354!/:?]
	at cpw.mods.modlauncher.Launcher.run(Launcher.java:106) [modlauncher-10.0.8.jar%2354!/:?]
	at cpw.mods.modlauncher.Launcher.main(Launcher.java:77) [modlauncher-10.0.8.jar%2354!/:?]
	at cpw.mods.modlauncher.BootstrapLaunchConsumer.accept(BootstrapLaunchConsumer.java:26) [modlauncher-10.0.8.jar%2354!/:?]
	at cpw.mods.modlauncher.BootstrapLaunchConsumer.accept(BootstrapLaunchConsumer.java:23) [modlauncher-10.0.8.jar%2354!/:?]
	at cpw.mods.bootstraplauncher.BootstrapLauncher.main(BootstrapLauncher.java:141) [bootstraplauncher-1.1.2.jar:?]
[11Apr2025 16:50:53.632] [main/ERROR] [net.minecraft.world.item.crafting.RecipeManager/]: Parsing error loading recipe create:crushing/sculk_stone_gold_ore
com.google.gson.JsonSyntaxException: Invalid or unsupported recipe type 'create:crushing'
	at net.minecraft.world.item.crafting.RecipeManager.m_220253_(RecipeManager.java:170) ~[server-1.19.2-20220805.130853-srg.jar%23137!/:?]
	at java.util.Optional.orElseThrow(Optional.java:403) ~[?:?]
	at net.minecraft.world.item.crafting.RecipeManager.fromJson(RecipeManager.java:169) ~[server-1.19.2-20220805.130853-srg.jar%23137!/:?]
	at net.minecraft.world.item.crafting.RecipeManager.m_5787_(RecipeManager.java:67) ~[server-1.19.2-20220805.130853-srg.jar%23137!/:?]
	at net.minecraft.world.item.crafting.RecipeManager.m_5787_(RecipeManager.java:34) ~[server-1.19.2-20220805.130853-srg.jar%23137!/:?]
	at net.minecraft.server.packs.resources.SimplePreparableReloadListener.m_10789_(SimplePreparableReloadListener.java:13) ~[server-1.19.2-20220805.130853-srg.jar%23137!/:?]
	at java.util.concurrent.CompletableFuture$UniAccept.tryFire(CompletableFuture.java:718) ~[?:?]
	at java.util.concurrent.CompletableFuture$Completion.run(CompletableFuture.java:482) ~[?:?]
	at net.minecraft.server.packs.resources.SimpleReloadInstance.m_143940_(SimpleReloadInstance.java:69) ~[server-1.19.2-20220805.130853-srg.jar%23137!/:?]
	at net.minecraft.Util.m_214652_(Util.java:781) ~[server-1.19.2-20220805.130853-srg.jar%23137!/:?]
	at net.minecraft.Util.m_214679_(Util.java:770) ~[server-1.19.2-20220805.130853-srg.jar%23137!/:?]
	at net.minecraft.server.Main.main(Main.java:157) ~[server-1.19.2-20220805.130853-srg.jar%23137!/:?]
	at jdk.internal.reflect.NativeMethodAccessorImpl.invoke0(Native Method) ~[?:?]
	at jdk.internal.reflect.NativeMethodAccessorImpl.invoke(NativeMethodAccessorImpl.java:77) ~[?:?]
	at jdk.internal.reflect.DelegatingMethodAccessorImpl.invoke(DelegatingMethodAccessorImpl.java:43) ~[?:?]
	at java.lang.reflect.Method.invoke(Method.java:569) ~[?:?]
	at net.minecraftforge.fml.loading.targets.CommonServerLaunchHandler.lambda$launchService$0(CommonServerLaunchHandler.java:29) ~[fmlloader-1.19.2-43.4.2.jar%2367!/:?]
	at cpw.mods.modlauncher.LaunchServiceHandlerDecorator.launch(LaunchServiceHandlerDecorator.java:30) [modlauncher-10.0.8.jar%2354!/:?]
	at cpw.mods.modlauncher.LaunchServiceHandler.launch(LaunchServiceHandler.java:53) [modlauncher-10.0.8.jar%2354!/:?]
	at cpw.mods.modlauncher.LaunchServiceHandler.launch(LaunchServiceHandler.java:71) [modlauncher-10.0.8.jar%2354!/:?]
	at cpw.mods.modlauncher.Launcher.run(Launcher.java:106) [modlauncher-10.0.8.jar%2354!/:?]
	at cpw.mods.modlauncher.Launcher.main(Launcher.java:77) [modlauncher-10.0.8.jar%2354!/:?]
	at cpw.mods.modlauncher.BootstrapLaunchConsumer.accept(BootstrapLaunchConsumer.java:26) [modlauncher-10.0.8.jar%2354!/:?]
	at cpw.mods.modlauncher.BootstrapLaunchConsumer.accept(BootstrapLaunchConsumer.java:23) [modlauncher-10.0.8.jar%2354!/:?]
	at cpw.mods.bootstraplauncher.BootstrapLauncher.main(BootstrapLauncher.java:141) [bootstraplauncher-1.1.2.jar:?]
[11Apr2025 16:50:53.634] [main/ERROR] [net.minecraft.world.item.crafting.RecipeManager/]: Parsing error loading recipe mekanism:enriching/conversion/gloomslate/from_cobbled_slabs
com.google.gson.JsonSyntaxException: Invalid or unsupported recipe type 'mekanism:enriching'
	at net.minecraft.world.item.crafting.RecipeManager.m_220253_(RecipeManager.java:170) ~[server-1.19.2-20220805.130853-srg.jar%23137!/:?]
	at java.util.Optional.orElseThrow(Optional.java:403) ~[?:?]
	at net.minecraft.world.item.crafting.RecipeManager.fromJson(RecipeManager.java:169) ~[server-1.19.2-20220805.130853-srg.jar%23137!/:?]
	at net.minecraft.world.item.crafting.RecipeManager.m_5787_(RecipeManager.java:67) ~[server-1.19.2-20220805.130853-srg.jar%23137!/:?]
	at net.minecraft.world.item.crafting.RecipeManager.m_5787_(RecipeManager.java:34) ~[server-1.19.2-20220805.130853-srg.jar%23137!/:?]
	at net.minecraft.server.packs.resources.SimplePreparableReloadListener.m_10789_(SimplePreparableReloadListener.java:13) ~[server-1.19.2-20220805.130853-srg.jar%23137!/:?]
	at java.util.concurrent.CompletableFuture$UniAccept.tryFire(CompletableFuture.java:718) ~[?:?]
	at java.util.concurrent.CompletableFuture$Completion.run(CompletableFuture.java:482) ~[?:?]
	at net.minecraft.server.packs.resources.SimpleReloadInstance.m_143940_(SimpleReloadInstance.java:69) ~[server-1.19.2-20220805.130853-srg.jar%23137!/:?]
	at net.minecraft.Util.m_214652_(Util.java:781) ~[server-1.19.2-20220805.130853-srg.jar%23137!/:?]
	at net.minecraft.Util.m_214679_(Util.java:770) ~[server-1.19.2-20220805.130853-srg.jar%23137!/:?]
	at net.minecraft.server.Main.main(Main.java:157) ~[server-1.19.2-20220805.130853-srg.jar%23137!/:?]
	at jdk.internal.reflect.NativeMethodAccessorImpl.invoke0(Native Method) ~[?:?]
	at jdk.internal.reflect.NativeMethodAccessorImpl.invoke(NativeMethodAccessorImpl.java:77) ~[?:?]
	at jdk.internal.reflect.DelegatingMethodAccessorImpl.invoke(DelegatingMethodAccessorImpl.java:43) ~[?:?]
	at java.lang.reflect.Method.invoke(Method.java:569) ~[?:?]
	at net.minecraftforge.fml.loading.targets.CommonServerLaunchHandler.lambda$launchService$0(CommonServerLaunchHandler.java:29) ~[fmlloader-1.19.2-43.4.2.jar%2367!/:?]
	at cpw.mods.modlauncher.LaunchServiceHandlerDecorator.launch(LaunchServiceHandlerDecorator.java:30) [modlauncher-10.0.8.jar%2354!/:?]
	at cpw.mods.modlauncher.LaunchServiceHandler.launch(LaunchServiceHandler.java:53) [modlauncher-10.0.8.jar%2354!/:?]
	at cpw.mods.modlauncher.LaunchServiceHandler.launch(LaunchServiceHandler.java:71) [modlauncher-10.0.8.jar%2354!/:?]
	at cpw.mods.modlauncher.Launcher.run(Launcher.java:106) [modlauncher-10.0.8.jar%2354!/:?]
	at cpw.mods.modlauncher.Launcher.main(Launcher.java:77) [modlauncher-10.0.8.jar%2354!/:?]
	at cpw.mods.modlauncher.BootstrapLaunchConsumer.accept(BootstrapLaunchConsumer.java:26) [modlauncher-10.0.8.jar%2354!/:?]
	at cpw.mods.modlauncher.BootstrapLaunchConsumer.accept(BootstrapLaunchConsumer.java:23) [modlauncher-10.0.8.jar%2354!/:?]
	at cpw.mods.bootstraplauncher.BootstrapLauncher.main(BootstrapLauncher.java:141) [bootstraplauncher-1.1.2.jar:?]
[11Apr2025 16:50:53.635] [main/ERROR] [net.minecraft.world.item.crafting.RecipeManager/]: Parsing error loading recipe mekanism:enriching/conversion/gloomslate/brick_slabs_to_polished
com.google.gson.JsonSyntaxException: Invalid or unsupported recipe type 'mekanism:enriching'
	at net.minecraft.world.item.crafting.RecipeManager.m_220253_(RecipeManager.java:170) ~[server-1.19.2-20220805.130853-srg.jar%23137!/:?]
	at java.util.Optional.orElseThrow(Optional.java:403) ~[?:?]
	at net.minecraft.world.item.crafting.RecipeManager.fromJson(RecipeManager.java:169) ~[server-1.19.2-20220805.130853-srg.jar%23137!/:?]
	at net.minecraft.world.item.crafting.RecipeManager.m_5787_(RecipeManager.java:67) ~[server-1.19.2-20220805.130853-srg.jar%23137!/:?]
	at net.minecraft.world.item.crafting.RecipeManager.m_5787_(RecipeManager.java:34) ~[server-1.19.2-20220805.130853-srg.jar%23137!/:?]
	at net.minecraft.server.packs.resources.SimplePreparableReloadListener.m_10789_(SimplePreparableReloadListener.java:13) ~[server-1.19.2-20220805.130853-srg.jar%23137!/:?]
	at java.util.concurrent.CompletableFuture$UniAccept.tryFire(CompletableFuture.java:718) ~[?:?]
	at java.util.concurrent.CompletableFuture$Completion.run(CompletableFuture.java:482) ~[?:?]
	at net.minecraft.server.packs.resources.SimpleReloadInstance.m_143940_(SimpleReloadInstance.java:69) ~[server-1.19.2-20220805.130853-srg.jar%23137!/:?]
	at net.minecraft.Util.m_214652_(Util.java:781) ~[server-1.19.2-20220805.130853-srg.jar%23137!/:?]
	at net.minecraft.Util.m_214679_(Util.java:770) ~[server-1.19.2-20220805.130853-srg.jar%23137!/:?]
	at net.minecraft.server.Main.main(Main.java:157) ~[server-1.19.2-20220805.130853-srg.jar%23137!/:?]
	at jdk.internal.reflect.NativeMethodAccessorImpl.invoke0(Native Method) ~[?:?]
	at jdk.internal.reflect.NativeMethodAccessorImpl.invoke(NativeMethodAccessorImpl.java:77) ~[?:?]
	at jdk.internal.reflect.DelegatingMethodAccessorImpl.invoke(DelegatingMethodAccessorImpl.java:43) ~[?:?]
	at java.lang.reflect.Method.invoke(Method.java:569) ~[?:?]
	at net.minecraftforge.fml.loading.targets.CommonServerLaunchHandler.lambda$launchService$0(CommonServerLaunchHandler.java:29) ~[fmlloader-1.19.2-43.4.2.jar%2367!/:?]
	at cpw.mods.modlauncher.LaunchServiceHandlerDecorator.launch(LaunchServiceHandlerDecorator.java:30) [modlauncher-10.0.8.jar%2354!/:?]
	at cpw.mods.modlauncher.LaunchServiceHandler.launch(LaunchServiceHandler.java:53) [modlauncher-10.0.8.jar%2354!/:?]
	at cpw.mods.modlauncher.LaunchServiceHandler.launch(LaunchServiceHandler.java:71) [modlauncher-10.0.8.jar%2354!/:?]
	at cpw.mods.modlauncher.Launcher.run(Launcher.java:106) [modlauncher-10.0.8.jar%2354!/:?]
	at cpw.mods.modlauncher.Launcher.main(Launcher.java:77) [modlauncher-10.0.8.jar%2354!/:?]
	at cpw.mods.modlauncher.BootstrapLaunchConsumer.accept(BootstrapLaunchConsumer.java:26) [modlauncher-10.0.8.jar%2354!/:?]
	at cpw.mods.modlauncher.BootstrapLaunchConsumer.accept(BootstrapLaunchConsumer.java:23) [modlauncher-10.0.8.jar%2354!/:?]
	at cpw.mods.bootstraplauncher.BootstrapLauncher.main(BootstrapLauncher.java:141) [bootstraplauncher-1.1.2.jar:?]
[11Apr2025 16:50:53.638] [main/ERROR] [net.minecraft.world.item.crafting.RecipeManager/]: Parsing error loading recipe mekanism:enriching/conversion/sculk_stone/cut_stairs_to_smooth
com.google.gson.JsonSyntaxException: Invalid or unsupported recipe type 'mekanism:enriching'
	at net.minecraft.world.item.crafting.RecipeManager.m_220253_(RecipeManager.java:170) ~[server-1.19.2-20220805.130853-srg.jar%23137!/:?]
	at java.util.Optional.orElseThrow(Optional.java:403) ~[?:?]
	at net.minecraft.world.item.crafting.RecipeManager.fromJson(RecipeManager.java:169) ~[server-1.19.2-20220805.130853-srg.jar%23137!/:?]
	at net.minecraft.world.item.crafting.RecipeManager.m_5787_(RecipeManager.java:67) ~[server-1.19.2-20220805.130853-srg.jar%23137!/:?]
	at net.minecraft.world.item.crafting.RecipeManager.m_5787_(RecipeManager.java:34) ~[server-1.19.2-20220805.130853-srg.jar%23137!/:?]
	at net.minecraft.server.packs.resources.SimplePreparableReloadListener.m_10789_(SimplePreparableReloadListener.java:13) ~[server-1.19.2-20220805.130853-srg.jar%23137!/:?]
	at java.util.concurrent.CompletableFuture$UniAccept.tryFire(CompletableFuture.java:718) ~[?:?]
	at java.util.concurrent.CompletableFuture$Completion.run(CompletableFuture.java:482) ~[?:?]
	at net.minecraft.server.packs.resources.SimpleReloadInstance.m_143940_(SimpleReloadInstance.java:69) ~[server-1.19.2-20220805.130853-srg.jar%23137!/:?]
	at net.minecraft.Util.m_214652_(Util.java:781) ~[server-1.19.2-20220805.130853-srg.jar%23137!/:?]
	at net.minecraft.Util.m_214679_(Util.java:770) ~[server-1.19.2-20220805.130853-srg.jar%23137!/:?]
	at net.minecraft.server.Main.main(Main.java:157) ~[server-1.19.2-20220805.130853-srg.jar%23137!/:?]
	at jdk.internal.reflect.NativeMethodAccessorImpl.invoke0(Native Method) ~[?:?]
	at jdk.internal.reflect.NativeMethodAccessorImpl.invoke(NativeMethodAccessorImpl.java:77) ~[?:?]
	at jdk.internal.reflect.DelegatingMethodAccessorImpl.invoke(DelegatingMethodAccessorImpl.java:43) ~[?:?]
	at java.lang.reflect.Method.invoke(Method.java:569) ~[?:?]
	at net.minecraftforge.fml.loading.targets.CommonServerLaunchHandler.lambda$launchService$0(CommonServerLaunchHandler.java:29) ~[fmlloader-1.19.2-43.4.2.jar%2367!/:?]
	at cpw.mods.modlauncher.LaunchServiceHandlerDecorator.launch(LaunchServiceHandlerDecorator.java:30) [modlauncher-10.0.8.jar%2354!/:?]
	at cpw.mods.modlauncher.LaunchServiceHandler.launch(LaunchServiceHandler.java:53) [modlauncher-10.0.8.jar%2354!/:?]
	at cpw.mods.modlauncher.LaunchServiceHandler.launch(LaunchServiceHandler.java:71) [modlauncher-10.0.8.jar%2354!/:?]
	at cpw.mods.modlauncher.Launcher.run(Launcher.java:106) [modlauncher-10.0.8.jar%2354!/:?]
	at cpw.mods.modlauncher.Launcher.main(Launcher.java:77) [modlauncher-10.0.8.jar%2354!/:?]
	at cpw.mods.modlauncher.BootstrapLaunchConsumer.accept(BootstrapLaunchConsumer.java:26) [modlauncher-10.0.8.jar%2354!/:?]
	at cpw.mods.modlauncher.BootstrapLaunchConsumer.accept(BootstrapLaunchConsumer.java:23) [modlauncher-10.0.8.jar%2354!/:?]
	at cpw.mods.bootstraplauncher.BootstrapLauncher.main(BootstrapLauncher.java:141) [bootstraplauncher-1.1.2.jar:?]
[11Apr2025 16:50:53.639] [main/ERROR] [net.minecraft.world.item.crafting.RecipeManager/]: Parsing error loading recipe farmersdelight:cutting/echo_wood
com.google.gson.JsonSyntaxException: Invalid or unsupported recipe type 'farmersdelight:cutting'
	at net.minecraft.world.item.crafting.RecipeManager.m_220253_(RecipeManager.java:170) ~[server-1.19.2-20220805.130853-srg.jar%23137!/:?]
	at java.util.Optional.orElseThrow(Optional.java:403) ~[?:?]
	at net.minecraft.world.item.crafting.RecipeManager.fromJson(RecipeManager.java:169) ~[server-1.19.2-20220805.130853-srg.jar%23137!/:?]
	at net.minecraft.world.item.crafting.RecipeManager.m_5787_(RecipeManager.java:67) ~[server-1.19.2-20220805.130853-srg.jar%23137!/:?]
	at net.minecraft.world.item.crafting.RecipeManager.m_5787_(RecipeManager.java:34) ~[server-1.19.2-20220805.130853-srg.jar%23137!/:?]
	at net.minecraft.server.packs.resources.SimplePreparableReloadListener.m_10789_(SimplePreparableReloadListener.java:13) ~[server-1.19.2-20220805.130853-srg.jar%23137!/:?]
	at java.util.concurrent.CompletableFuture$UniAccept.tryFire(CompletableFuture.java:718) ~[?:?]
	at java.util.concurrent.CompletableFuture$Completion.run(CompletableFuture.java:482) ~[?:?]
	at net.minecraft.server.packs.resources.SimpleReloadInstance.m_143940_(SimpleReloadInstance.java:69) ~[server-1.19.2-20220805.130853-srg.jar%23137!/:?]
	at net.minecraft.Util.m_214652_(Util.java:781) ~[server-1.19.2-20220805.130853-srg.jar%23137!/:?]
	at net.minecraft.Util.m_214679_(Util.java:770) ~[server-1.19.2-20220805.130853-srg.jar%23137!/:?]
	at net.minecraft.server.Main.main(Main.java:157) ~[server-1.19.2-20220805.130853-srg.jar%23137!/:?]
	at jdk.internal.reflect.NativeMethodAccessorImpl.invoke0(Native Method) ~[?:?]
	at jdk.internal.reflect.NativeMethodAccessorImpl.invoke(NativeMethodAccessorImpl.java:77) ~[?:?]
	at jdk.internal.reflect.DelegatingMethodAccessorImpl.invoke(DelegatingMethodAccessorImpl.java:43) ~[?:?]
	at java.lang.reflect.Method.invoke(Method.java:569) ~[?:?]
	at net.minecraftforge.fml.loading.targets.CommonServerLaunchHandler.lambda$launchService$0(CommonServerLaunchHandler.java:29) ~[fmlloader-1.19.2-43.4.2.jar%2367!/:?]
	at cpw.mods.modlauncher.LaunchServiceHandlerDecorator.launch(LaunchServiceHandlerDecorator.java:30) [modlauncher-10.0.8.jar%2354!/:?]
	at cpw.mods.modlauncher.LaunchServiceHandler.launch(LaunchServiceHandler.java:53) [modlauncher-10.0.8.jar%2354!/:?]
	at cpw.mods.modlauncher.LaunchServiceHandler.launch(LaunchServiceHandler.java:71) [modlauncher-10.0.8.jar%2354!/:?]
	at cpw.mods.modlauncher.Launcher.run(Launcher.java:106) [modlauncher-10.0.8.jar%2354!/:?]
	at cpw.mods.modlauncher.Launcher.main(Launcher.java:77) [modlauncher-10.0.8.jar%2354!/:?]
	at cpw.mods.modlauncher.BootstrapLaunchConsumer.accept(BootstrapLaunchConsumer.java:26) [modlauncher-10.0.8.jar%2354!/:?]
	at cpw.mods.modlauncher.BootstrapLaunchConsumer.accept(BootstrapLaunchConsumer.java:23) [modlauncher-10.0.8.jar%2354!/:?]
	at cpw.mods.bootstraplauncher.BootstrapLauncher.main(BootstrapLauncher.java:141) [bootstraplauncher-1.1.2.jar:?]
[11Apr2025 16:50:53.640] [main/ERROR] [net.minecraft.world.item.crafting.RecipeManager/]: Parsing error loading recipe mekanism:enriching/conversion/sculk_stone/from_cobbled_stairs
com.google.gson.JsonSyntaxException: Invalid or unsupported recipe type 'mekanism:enriching'
	at net.minecraft.world.item.crafting.RecipeManager.m_220253_(RecipeManager.java:170) ~[server-1.19.2-20220805.130853-srg.jar%23137!/:?]
	at java.util.Optional.orElseThrow(Optional.java:403) ~[?:?]
	at net.minecraft.world.item.crafting.RecipeManager.fromJson(RecipeManager.java:169) ~[server-1.19.2-20220805.130853-srg.jar%23137!/:?]
	at net.minecraft.world.item.crafting.RecipeManager.m_5787_(RecipeManager.java:67) ~[server-1.19.2-20220805.130853-srg.jar%23137!/:?]
	at net.minecraft.world.item.crafting.RecipeManager.m_5787_(RecipeManager.java:34) ~[server-1.19.2-20220805.130853-srg.jar%23137!/:?]
	at net.minecraft.server.packs.resources.SimplePreparableReloadListener.m_10789_(SimplePreparableReloadListener.java:13) ~[server-1.19.2-20220805.130853-srg.jar%23137!/:?]
	at java.util.concurrent.CompletableFuture$UniAccept.tryFire(CompletableFuture.java:718) ~[?:?]
	at java.util.concurrent.CompletableFuture$Completion.run(CompletableFuture.java:482) ~[?:?]
	at net.minecraft.server.packs.resources.SimpleReloadInstance.m_143940_(SimpleReloadInstance.java:69) ~[server-1.19.2-20220805.130853-srg.jar%23137!/:?]
	at net.minecraft.Util.m_214652_(Util.java:781) ~[server-1.19.2-20220805.130853-srg.jar%23137!/:?]
	at net.minecraft.Util.m_214679_(Util.java:770) ~[server-1.19.2-20220805.130853-srg.jar%23137!/:?]
	at net.minecraft.server.Main.main(Main.java:157) ~[server-1.19.2-20220805.130853-srg.jar%23137!/:?]
	at jdk.internal.reflect.NativeMethodAccessorImpl.invoke0(Native Method) ~[?:?]
	at jdk.internal.reflect.NativeMethodAccessorImpl.invoke(NativeMethodAccessorImpl.java:77) ~[?:?]
	at jdk.internal.reflect.DelegatingMethodAccessorImpl.invoke(DelegatingMethodAccessorImpl.java:43) ~[?:?]
	at java.lang.reflect.Method.invoke(Method.java:569) ~[?:?]
	at net.minecraftforge.fml.loading.targets.CommonServerLaunchHandler.lambda$launchService$0(CommonServerLaunchHandler.java:29) ~[fmlloader-1.19.2-43.4.2.jar%2367!/:?]
	at cpw.mods.modlauncher.LaunchServiceHandlerDecorator.launch(LaunchServiceHandlerDecorator.java:30) [modlauncher-10.0.8.jar%2354!/:?]
	at cpw.mods.modlauncher.LaunchServiceHandler.launch(LaunchServiceHandler.java:53) [modlauncher-10.0.8.jar%2354!/:?]
	at cpw.mods.modlauncher.LaunchServiceHandler.launch(LaunchServiceHandler.java:71) [modlauncher-10.0.8.jar%2354!/:?]
	at cpw.mods.modlauncher.Launcher.run(Launcher.java:106) [modlauncher-10.0.8.jar%2354!/:?]
	at cpw.mods.modlauncher.Launcher.main(Launcher.java:77) [modlauncher-10.0.8.jar%2354!/:?]
	at cpw.mods.modlauncher.BootstrapLaunchConsumer.accept(BootstrapLaunchConsumer.java:26) [modlauncher-10.0.8.jar%2354!/:?]
	at cpw.mods.modlauncher.BootstrapLaunchConsumer.accept(BootstrapLaunchConsumer.java:23) [modlauncher-10.0.8.jar%2354!/:?]
	at cpw.mods.bootstraplauncher.BootstrapLauncher.main(BootstrapLauncher.java:141) [bootstraplauncher-1.1.2.jar:?]
[11Apr2025 16:50:53.642] [main/ERROR] [net.minecraft.world.item.crafting.RecipeManager/]: Parsing error loading recipe mekanism:enriching/conversion/sculk_stone/stairs_to_smooth
com.google.gson.JsonSyntaxException: Invalid or unsupported recipe type 'mekanism:enriching'
	at net.minecraft.world.item.crafting.RecipeManager.m_220253_(RecipeManager.java:170) ~[server-1.19.2-20220805.130853-srg.jar%23137!/:?]
	at java.util.Optional.orElseThrow(Optional.java:403) ~[?:?]
	at net.minecraft.world.item.crafting.RecipeManager.fromJson(RecipeManager.java:169) ~[server-1.19.2-20220805.130853-srg.jar%23137!/:?]
	at net.minecraft.world.item.crafting.RecipeManager.m_5787_(RecipeManager.java:67) ~[server-1.19.2-20220805.130853-srg.jar%23137!/:?]
	at net.minecraft.world.item.crafting.RecipeManager.m_5787_(RecipeManager.java:34) ~[server-1.19.2-20220805.130853-srg.jar%23137!/:?]
	at net.minecraft.server.packs.resources.SimplePreparableReloadListener.m_10789_(SimplePreparableReloadListener.java:13) ~[server-1.19.2-20220805.130853-srg.jar%23137!/:?]
	at java.util.concurrent.CompletableFuture$UniAccept.tryFire(CompletableFuture.java:718) ~[?:?]
	at java.util.concurrent.CompletableFuture$Completion.run(CompletableFuture.java:482) ~[?:?]
	at net.minecraft.server.packs.resources.SimpleReloadInstance.m_143940_(SimpleReloadInstance.java:69) ~[server-1.19.2-20220805.130853-srg.jar%23137!/:?]
	at net.minecraft.Util.m_214652_(Util.java:781) ~[server-1.19.2-20220805.130853-srg.jar%23137!/:?]
	at net.minecraft.Util.m_214679_(Util.java:770) ~[server-1.19.2-20220805.130853-srg.jar%23137!/:?]
	at net.minecraft.server.Main.main(Main.java:157) ~[server-1.19.2-20220805.130853-srg.jar%23137!/:?]
	at jdk.internal.reflect.NativeMethodAccessorImpl.invoke0(Native Method) ~[?:?]
	at jdk.internal.reflect.NativeMethodAccessorImpl.invoke(NativeMethodAccessorImpl.java:77) ~[?:?]
	at jdk.internal.reflect.DelegatingMethodAccessorImpl.invoke(DelegatingMethodAccessorImpl.java:43) ~[?:?]
	at java.lang.reflect.Method.invoke(Method.java:569) ~[?:?]
	at net.minecraftforge.fml.loading.targets.CommonServerLaunchHandler.lambda$launchService$0(CommonServerLaunchHandler.java:29) ~[fmlloader-1.19.2-43.4.2.jar%2367!/:?]
	at cpw.mods.modlauncher.LaunchServiceHandlerDecorator.launch(LaunchServiceHandlerDecorator.java:30) [modlauncher-10.0.8.jar%2354!/:?]
	at cpw.mods.modlauncher.LaunchServiceHandler.launch(LaunchServiceHandler.java:53) [modlauncher-10.0.8.jar%2354!/:?]
	at cpw.mods.modlauncher.LaunchServiceHandler.launch(LaunchServiceHandler.java:71) [modlauncher-10.0.8.jar%2354!/:?]
	at cpw.mods.modlauncher.Launcher.run(Launcher.java:106) [modlauncher-10.0.8.jar%2354!/:?]
	at cpw.mods.modlauncher.Launcher.main(Launcher.java:77) [modlauncher-10.0.8.jar%2354!/:?]
	at cpw.mods.modlauncher.BootstrapLaunchConsumer.accept(BootstrapLaunchConsumer.java:26) [modlauncher-10.0.8.jar%2354!/:?]
	at cpw.mods.modlauncher.BootstrapLaunchConsumer.accept(BootstrapLaunchConsumer.java:23) [modlauncher-10.0.8.jar%2354!/:?]
	at cpw.mods.bootstraplauncher.BootstrapLauncher.main(BootstrapLauncher.java:141) [bootstraplauncher-1.1.2.jar:?]
[11Apr2025 16:50:53.644] [main/ERROR] [net.minecraft.world.item.crafting.RecipeManager/]: Parsing error loading recipe mekanism:enriching/conversion/gloomslate/brick_wall_to_polished
com.google.gson.JsonSyntaxException: Invalid or unsupported recipe type 'mekanism:enriching'
	at net.minecraft.world.item.crafting.RecipeManager.m_220253_(RecipeManager.java:170) ~[server-1.19.2-20220805.130853-srg.jar%23137!/:?]
	at java.util.Optional.orElseThrow(Optional.java:403) ~[?:?]
	at net.minecraft.world.item.crafting.RecipeManager.fromJson(RecipeManager.java:169) ~[server-1.19.2-20220805.130853-srg.jar%23137!/:?]
	at net.minecraft.world.item.crafting.RecipeManager.m_5787_(RecipeManager.java:67) ~[server-1.19.2-20220805.130853-srg.jar%23137!/:?]
	at net.minecraft.world.item.crafting.RecipeManager.m_5787_(RecipeManager.java:34) ~[server-1.19.2-20220805.130853-srg.jar%23137!/:?]
	at net.minecraft.server.packs.resources.SimplePreparableReloadListener.m_10789_(SimplePreparableReloadListener.java:13) ~[server-1.19.2-20220805.130853-srg.jar%23137!/:?]
	at java.util.concurrent.CompletableFuture$UniAccept.tryFire(CompletableFuture.java:718) ~[?:?]
	at java.util.concurrent.CompletableFuture$Completion.run(CompletableFuture.java:482) ~[?:?]
	at net.minecraft.server.packs.resources.SimpleReloadInstance.m_143940_(SimpleReloadInstance.java:69) ~[server-1.19.2-20220805.130853-srg.jar%23137!/:?]
	at net.minecraft.Util.m_214652_(Util.java:781) ~[server-1.19.2-20220805.130853-srg.jar%23137!/:?]
	at net.minecraft.Util.m_214679_(Util.java:770) ~[server-1.19.2-20220805.130853-srg.jar%23137!/:?]
	at net.minecraft.server.Main.main(Main.java:157) ~[server-1.19.2-20220805.130853-srg.jar%23137!/:?]
	at jdk.internal.reflect.NativeMethodAccessorImpl.invoke0(Native Method) ~[?:?]
	at jdk.internal.reflect.NativeMethodAccessorImpl.invoke(NativeMethodAccessorImpl.java:77) ~[?:?]
	at jdk.internal.reflect.DelegatingMethodAccessorImpl.invoke(DelegatingMethodAccessorImpl.java:43) ~[?:?]
	at java.lang.reflect.Method.invoke(Method.java:569) ~[?:?]
	at net.minecraftforge.fml.loading.targets.CommonServerLaunchHandler.lambda$launchService$0(CommonServerLaunchHandler.java:29) ~[fmlloader-1.19.2-43.4.2.jar%2367!/:?]
	at cpw.mods.modlauncher.LaunchServiceHandlerDecorator.launch(LaunchServiceHandlerDecorator.java:30) [modlauncher-10.0.8.jar%2354!/:?]
	at cpw.mods.modlauncher.LaunchServiceHandler.launch(LaunchServiceHandler.java:53) [modlauncher-10.0.8.jar%2354!/:?]
	at cpw.mods.modlauncher.LaunchServiceHandler.launch(LaunchServiceHandler.java:71) [modlauncher-10.0.8.jar%2354!/:?]
	at cpw.mods.modlauncher.Launcher.run(Launcher.java:106) [modlauncher-10.0.8.jar%2354!/:?]
	at cpw.mods.modlauncher.Launcher.main(Launcher.java:77) [modlauncher-10.0.8.jar%2354!/:?]
	at cpw.mods.modlauncher.BootstrapLaunchConsumer.accept(BootstrapLaunchConsumer.java:26) [modlauncher-10.0.8.jar%2354!/:?]
	at cpw.mods.modlauncher.BootstrapLaunchConsumer.accept(BootstrapLaunchConsumer.java:23) [modlauncher-10.0.8.jar%2354!/:?]
	at cpw.mods.bootstraplauncher.BootstrapLauncher.main(BootstrapLauncher.java:141) [bootstraplauncher-1.1.2.jar:?]
[11Apr2025 16:50:53.644] [main/ERROR] [net.minecraft.world.item.crafting.RecipeManager/]: Parsing error loading recipe mekanism:crushing/gloomslate/smooth_to_cut
com.google.gson.JsonSyntaxException: Invalid or unsupported recipe type 'mekanism:crushing'
	at net.minecraft.world.item.crafting.RecipeManager.m_220253_(RecipeManager.java:170) ~[server-1.19.2-20220805.130853-srg.jar%23137!/:?]
	at java.util.Optional.orElseThrow(Optional.java:403) ~[?:?]
	at net.minecraft.world.item.crafting.RecipeManager.fromJson(RecipeManager.java:169) ~[server-1.19.2-20220805.130853-srg.jar%23137!/:?]
	at net.minecraft.world.item.crafting.RecipeManager.m_5787_(RecipeManager.java:67) ~[server-1.19.2-20220805.130853-srg.jar%23137!/:?]
	at net.minecraft.world.item.crafting.RecipeManager.m_5787_(RecipeManager.java:34) ~[server-1.19.2-20220805.130853-srg.jar%23137!/:?]
	at net.minecraft.server.packs.resources.SimplePreparableReloadListener.m_10789_(SimplePreparableReloadListener.java:13) ~[server-1.19.2-20220805.130853-srg.jar%23137!/:?]
	at java.util.concurrent.CompletableFuture$UniAccept.tryFire(CompletableFuture.java:718) ~[?:?]
	at java.util.concurrent.CompletableFuture$Completion.run(CompletableFuture.java:482) ~[?:?]
	at net.minecraft.server.packs.resources.SimpleReloadInstance.m_143940_(SimpleReloadInstance.java:69) ~[server-1.19.2-20220805.130853-srg.jar%23137!/:?]
	at net.minecraft.Util.m_214652_(Util.java:781) ~[server-1.19.2-20220805.130853-srg.jar%23137!/:?]
	at net.minecraft.Util.m_214679_(Util.java:770) ~[server-1.19.2-20220805.130853-srg.jar%23137!/:?]
	at net.minecraft.server.Main.main(Main.java:157) ~[server-1.19.2-20220805.130853-srg.jar%23137!/:?]
	at jdk.internal.reflect.NativeMethodAccessorImpl.invoke0(Native Method) ~[?:?]
	at jdk.internal.reflect.NativeMethodAccessorImpl.invoke(NativeMethodAccessorImpl.java:77) ~[?:?]
	at jdk.internal.reflect.DelegatingMethodAccessorImpl.invoke(DelegatingMethodAccessorImpl.java:43) ~[?:?]
	at java.lang.reflect.Method.invoke(Method.java:569) ~[?:?]
	at net.minecraftforge.fml.loading.targets.CommonServerLaunchHandler.lambda$launchService$0(CommonServerLaunchHandler.java:29) ~[fmlloader-1.19.2-43.4.2.jar%2367!/:?]
	at cpw.mods.modlauncher.LaunchServiceHandlerDecorator.launch(LaunchServiceHandlerDecorator.java:30) [modlauncher-10.0.8.jar%2354!/:?]
	at cpw.mods.modlauncher.LaunchServiceHandler.launch(LaunchServiceHandler.java:53) [modlauncher-10.0.8.jar%2354!/:?]
	at cpw.mods.modlauncher.LaunchServiceHandler.launch(LaunchServiceHandler.java:71) [modlauncher-10.0.8.jar%2354!/:?]
	at cpw.mods.modlauncher.Launcher.run(Launcher.java:106) [modlauncher-10.0.8.jar%2354!/:?]
	at cpw.mods.modlauncher.Launcher.main(Launcher.java:77) [modlauncher-10.0.8.jar%2354!/:?]
	at cpw.mods.modlauncher.BootstrapLaunchConsumer.accept(BootstrapLaunchConsumer.java:26) [modlauncher-10.0.8.jar%2354!/:?]
	at cpw.mods.modlauncher.BootstrapLaunchConsumer.accept(BootstrapLaunchConsumer.java:23) [modlauncher-10.0.8.jar%2354!/:?]
	at cpw.mods.bootstraplauncher.BootstrapLauncher.main(BootstrapLauncher.java:141) [bootstraplauncher-1.1.2.jar:?]
[11Apr2025 16:50:53.646] [main/ERROR] [net.minecraft.world.item.crafting.RecipeManager/]: Parsing error loading recipe mekanism:crushing/sculk_stone/brick_wall_to_tile
com.google.gson.JsonSyntaxException: Invalid or unsupported recipe type 'mekanism:crushing'
	at net.minecraft.world.item.crafting.RecipeManager.m_220253_(RecipeManager.java:170) ~[server-1.19.2-20220805.130853-srg.jar%23137!/:?]
	at java.util.Optional.orElseThrow(Optional.java:403) ~[?:?]
	at net.minecraft.world.item.crafting.RecipeManager.fromJson(RecipeManager.java:169) ~[server-1.19.2-20220805.130853-srg.jar%23137!/:?]
	at net.minecraft.world.item.crafting.RecipeManager.m_5787_(RecipeManager.java:67) ~[server-1.19.2-20220805.130853-srg.jar%23137!/:?]
	at net.minecraft.world.item.crafting.RecipeManager.m_5787_(RecipeManager.java:34) ~[server-1.19.2-20220805.130853-srg.jar%23137!/:?]
	at net.minecraft.server.packs.resources.SimplePreparableReloadListener.m_10789_(SimplePreparableReloadListener.java:13) ~[server-1.19.2-20220805.130853-srg.jar%23137!/:?]
	at java.util.concurrent.CompletableFuture$UniAccept.tryFire(CompletableFuture.java:718) ~[?:?]
	at java.util.concurrent.CompletableFuture$Completion.run(CompletableFuture.java:482) ~[?:?]
	at net.minecraft.server.packs.resources.SimpleReloadInstance.m_143940_(SimpleReloadInstance.java:69) ~[server-1.19.2-20220805.130853-srg.jar%23137!/:?]
	at net.minecraft.Util.m_214652_(Util.java:781) ~[server-1.19.2-20220805.130853-srg.jar%23137!/:?]
	at net.minecraft.Util.m_214679_(Util.java:770) ~[server-1.19.2-20220805.130853-srg.jar%23137!/:?]
	at net.minecraft.server.Main.main(Main.java:157) ~[server-1.19.2-20220805.130853-srg.jar%23137!/:?]
	at jdk.internal.reflect.NativeMethodAccessorImpl.invoke0(Native Method) ~[?:?]
	at jdk.internal.reflect.NativeMethodAccessorImpl.invoke(NativeMethodAccessorImpl.java:77) ~[?:?]
	at jdk.internal.reflect.DelegatingMethodAccessorImpl.invoke(DelegatingMethodAccessorImpl.java:43) ~[?:?]
	at java.lang.reflect.Method.invoke(Method.java:569) ~[?:?]
	at net.minecraftforge.fml.loading.targets.CommonServerLaunchHandler.lambda$launchService$0(CommonServerLaunchHandler.java:29) ~[fmlloader-1.19.2-43.4.2.jar%2367!/:?]
	at cpw.mods.modlauncher.LaunchServiceHandlerDecorator.launch(LaunchServiceHandlerDecorator.java:30) [modlauncher-10.0.8.jar%2354!/:?]
	at cpw.mods.modlauncher.LaunchServiceHandler.launch(LaunchServiceHandler.java:53) [modlauncher-10.0.8.jar%2354!/:?]
	at cpw.mods.modlauncher.LaunchServiceHandler.launch(LaunchServiceHandler.java:71) [modlauncher-10.0.8.jar%2354!/:?]
	at cpw.mods.modlauncher.Launcher.run(Launcher.java:106) [modlauncher-10.0.8.jar%2354!/:?]
	at cpw.mods.modlauncher.Launcher.main(Launcher.java:77) [modlauncher-10.0.8.jar%2354!/:?]
	at cpw.mods.modlauncher.BootstrapLaunchConsumer.accept(BootstrapLaunchConsumer.java:26) [modlauncher-10.0.8.jar%2354!/:?]
	at cpw.mods.modlauncher.BootstrapLaunchConsumer.accept(BootstrapLaunchConsumer.java:23) [modlauncher-10.0.8.jar%2354!/:?]
	at cpw.mods.bootstraplauncher.BootstrapLauncher.main(BootstrapLauncher.java:141) [bootstraplauncher-1.1.2.jar:?]
[11Apr2025 16:50:53.648] [main/ERROR] [net.minecraft.world.item.crafting.RecipeManager/]: Parsing error loading recipe mekanism:crushing/gloomslate/from_chiseled
com.google.gson.JsonSyntaxException: Invalid or unsupported recipe type 'mekanism:crushing'
	at net.minecraft.world.item.crafting.RecipeManager.m_220253_(RecipeManager.java:170) ~[server-1.19.2-20220805.130853-srg.jar%23137!/:?]
	at java.util.Optional.orElseThrow(Optional.java:403) ~[?:?]
	at net.minecraft.world.item.crafting.RecipeManager.fromJson(RecipeManager.java:169) ~[server-1.19.2-20220805.130853-srg.jar%23137!/:?]
	at net.minecraft.world.item.crafting.RecipeManager.m_5787_(RecipeManager.java:67) ~[server-1.19.2-20220805.130853-srg.jar%23137!/:?]
	at net.minecraft.world.item.crafting.RecipeManager.m_5787_(RecipeManager.java:34) ~[server-1.19.2-20220805.130853-srg.jar%23137!/:?]
	at net.minecraft.server.packs.resources.SimplePreparableReloadListener.m_10789_(SimplePreparableReloadListener.java:13) ~[server-1.19.2-20220805.130853-srg.jar%23137!/:?]
	at java.util.concurrent.CompletableFuture$UniAccept.tryFire(CompletableFuture.java:718) ~[?:?]
	at java.util.concurrent.CompletableFuture$Completion.run(CompletableFuture.java:482) ~[?:?]
	at net.minecraft.server.packs.resources.SimpleReloadInstance.m_143940_(SimpleReloadInstance.java:69) ~[server-1.19.2-20220805.130853-srg.jar%23137!/:?]
	at net.minecraft.Util.m_214652_(Util.java:781) ~[server-1.19.2-20220805.130853-srg.jar%23137!/:?]
	at net.minecraft.Util.m_214679_(Util.java:770) ~[server-1.19.2-20220805.130853-srg.jar%23137!/:?]
	at net.minecraft.server.Main.main(Main.java:157) ~[server-1.19.2-20220805.130853-srg.jar%23137!/:?]
	at jdk.internal.reflect.NativeMethodAccessorImpl.invoke0(Native Method) ~[?:?]
	at jdk.internal.reflect.NativeMethodAccessorImpl.invoke(NativeMethodAccessorImpl.java:77) ~[?:?]
	at jdk.internal.reflect.DelegatingMethodAccessorImpl.invoke(DelegatingMethodAccessorImpl.java:43) ~[?:?]
	at java.lang.reflect.Method.invoke(Method.java:569) ~[?:?]
	at net.minecraftforge.fml.loading.targets.CommonServerLaunchHandler.lambda$launchService$0(CommonServerLaunchHandler.java:29) ~[fmlloader-1.19.2-43.4.2.jar%2367!/:?]
	at cpw.mods.modlauncher.LaunchServiceHandlerDecorator.launch(LaunchServiceHandlerDecorator.java:30) [modlauncher-10.0.8.jar%2354!/:?]
	at cpw.mods.modlauncher.LaunchServiceHandler.launch(LaunchServiceHandler.java:53) [modlauncher-10.0.8.jar%2354!/:?]
	at cpw.mods.modlauncher.LaunchServiceHandler.launch(LaunchServiceHandler.java:71) [modlauncher-10.0.8.jar%2354!/:?]
	at cpw.mods.modlauncher.Launcher.run(Launcher.java:106) [modlauncher-10.0.8.jar%2354!/:?]
	at cpw.mods.modlauncher.Launcher.main(Launcher.java:77) [modlauncher-10.0.8.jar%2354!/:?]
	at cpw.mods.modlauncher.BootstrapLaunchConsumer.accept(BootstrapLaunchConsumer.java:26) [modlauncher-10.0.8.jar%2354!/:?]
	at cpw.mods.modlauncher.BootstrapLaunchConsumer.accept(BootstrapLaunchConsumer.java:23) [modlauncher-10.0.8.jar%2354!/:?]
	at cpw.mods.bootstraplauncher.BootstrapLauncher.main(BootstrapLauncher.java:141) [bootstraplauncher-1.1.2.jar:?]
[11Apr2025 16:50:53.650] [main/ERROR] [net.minecraft.world.item.crafting.RecipeManager/]: Parsing error loading recipe farmersdelight:cutting/echo_log
com.google.gson.JsonSyntaxException: Invalid or unsupported recipe type 'farmersdelight:cutting'
	at net.minecraft.world.item.crafting.RecipeManager.m_220253_(RecipeManager.java:170) ~[server-1.19.2-20220805.130853-srg.jar%23137!/:?]
	at java.util.Optional.orElseThrow(Optional.java:403) ~[?:?]
	at net.minecraft.world.item.crafting.RecipeManager.fromJson(RecipeManager.java:169) ~[server-1.19.2-20220805.130853-srg.jar%23137!/:?]
	at net.minecraft.world.item.crafting.RecipeManager.m_5787_(RecipeManager.java:67) ~[server-1.19.2-20220805.130853-srg.jar%23137!/:?]
	at net.minecraft.world.item.crafting.RecipeManager.m_5787_(RecipeManager.java:34) ~[server-1.19.2-20220805.130853-srg.jar%23137!/:?]
	at net.minecraft.server.packs.resources.SimplePreparableReloadListener.m_10789_(SimplePreparableReloadListener.java:13) ~[server-1.19.2-20220805.130853-srg.jar%23137!/:?]
	at java.util.concurrent.CompletableFuture$UniAccept.tryFire(CompletableFuture.java:718) ~[?:?]
	at java.util.concurrent.CompletableFuture$Completion.run(CompletableFuture.java:482) ~[?:?]
	at net.minecraft.server.packs.resources.SimpleReloadInstance.m_143940_(SimpleReloadInstance.java:69) ~[server-1.19.2-20220805.130853-srg.jar%23137!/:?]
	at net.minecraft.Util.m_214652_(Util.java:781) ~[server-1.19.2-20220805.130853-srg.jar%23137!/:?]
	at net.minecraft.Util.m_214679_(Util.java:770) ~[server-1.19.2-20220805.130853-srg.jar%23137!/:?]
	at net.minecraft.server.Main.main(Main.java:157) ~[server-1.19.2-20220805.130853-srg.jar%23137!/:?]
	at jdk.internal.reflect.NativeMethodAccessorImpl.invoke0(Native Method) ~[?:?]
	at jdk.internal.reflect.NativeMethodAccessorImpl.invoke(NativeMethodAccessorImpl.java:77) ~[?:?]
	at jdk.internal.reflect.DelegatingMethodAccessorImpl.invoke(DelegatingMethodAccessorImpl.java:43) ~[?:?]
	at java.lang.reflect.Method.invoke(Method.java:569) ~[?:?]
	at net.minecraftforge.fml.loading.targets.CommonServerLaunchHandler.lambda$launchService$0(CommonServerLaunchHandler.java:29) ~[fmlloader-1.19.2-43.4.2.jar%2367!/:?]
	at cpw.mods.modlauncher.LaunchServiceHandlerDecorator.launch(LaunchServiceHandlerDecorator.java:30) [modlauncher-10.0.8.jar%2354!/:?]
	at cpw.mods.modlauncher.LaunchServiceHandler.launch(LaunchServiceHandler.java:53) [modlauncher-10.0.8.jar%2354!/:?]
	at cpw.mods.modlauncher.LaunchServiceHandler.launch(LaunchServiceHandler.java:71) [modlauncher-10.0.8.jar%2354!/:?]
	at cpw.mods.modlauncher.Launcher.run(Launcher.java:106) [modlauncher-10.0.8.jar%2354!/:?]
	at cpw.mods.modlauncher.Launcher.main(Launcher.java:77) [modlauncher-10.0.8.jar%2354!/:?]
	at cpw.mods.modlauncher.BootstrapLaunchConsumer.accept(BootstrapLaunchConsumer.java:26) [modlauncher-10.0.8.jar%2354!/:?]
	at cpw.mods.modlauncher.BootstrapLaunchConsumer.accept(BootstrapLaunchConsumer.java:23) [modlauncher-10.0.8.jar%2354!/:?]
	at cpw.mods.bootstraplauncher.BootstrapLauncher.main(BootstrapLauncher.java:141) [bootstraplauncher-1.1.2.jar:?]
[11Apr2025 16:50:53.650] [main/ERROR] [net.minecraft.world.item.crafting.RecipeManager/]: Parsing error loading recipe mekanism:crushing/gloomslate/slabs_to_cobbled
com.google.gson.JsonSyntaxException: Invalid or unsupported recipe type 'mekanism:crushing'
	at net.minecraft.world.item.crafting.RecipeManager.m_220253_(RecipeManager.java:170) ~[server-1.19.2-20220805.130853-srg.jar%23137!/:?]
	at java.util.Optional.orElseThrow(Optional.java:403) ~[?:?]
	at net.minecraft.world.item.crafting.RecipeManager.fromJson(RecipeManager.java:169) ~[server-1.19.2-20220805.130853-srg.jar%23137!/:?]
	at net.minecraft.world.item.crafting.RecipeManager.m_5787_(RecipeManager.java:67) ~[server-1.19.2-20220805.130853-srg.jar%23137!/:?]
	at net.minecraft.world.item.crafting.RecipeManager.m_5787_(RecipeManager.java:34) ~[server-1.19.2-20220805.130853-srg.jar%23137!/:?]
	at net.minecraft.server.packs.resources.SimplePreparableReloadListener.m_10789_(SimplePreparableReloadListener.java:13) ~[server-1.19.2-20220805.130853-srg.jar%23137!/:?]
	at java.util.concurrent.CompletableFuture$UniAccept.tryFire(CompletableFuture.java:718) ~[?:?]
	at java.util.concurrent.CompletableFuture$Completion.run(CompletableFuture.java:482) ~[?:?]
	at net.minecraft.server.packs.resources.SimpleReloadInstance.m_143940_(SimpleReloadInstance.java:69) ~[server-1.19.2-20220805.130853-srg.jar%23137!/:?]
	at net.minecraft.Util.m_214652_(Util.java:781) ~[server-1.19.2-20220805.130853-srg.jar%23137!/:?]
	at net.minecraft.Util.m_214679_(Util.java:770) ~[server-1.19.2-20220805.130853-srg.jar%23137!/:?]
	at net.minecraft.server.Main.main(Main.java:157) ~[server-1.19.2-20220805.130853-srg.jar%23137!/:?]
	at jdk.internal.reflect.NativeMethodAccessorImpl.invoke0(Native Method) ~[?:?]
	at jdk.internal.reflect.NativeMethodAccessorImpl.invoke(NativeMethodAccessorImpl.java:77) ~[?:?]
	at jdk.internal.reflect.DelegatingMethodAccessorImpl.invoke(DelegatingMethodAccessorImpl.java:43) ~[?:?]
	at java.lang.reflect.Method.invoke(Method.java:569) ~[?:?]
	at net.minecraftforge.fml.loading.targets.CommonServerLaunchHandler.lambda$launchService$0(CommonServerLaunchHandler.java:29) ~[fmlloader-1.19.2-43.4.2.jar%2367!/:?]
	at cpw.mods.modlauncher.LaunchServiceHandlerDecorator.launch(LaunchServiceHandlerDecorator.java:30) [modlauncher-10.0.8.jar%2354!/:?]
	at cpw.mods.modlauncher.LaunchServiceHandler.launch(LaunchServiceHandler.java:53) [modlauncher-10.0.8.jar%2354!/:?]
	at cpw.mods.modlauncher.LaunchServiceHandler.launch(LaunchServiceHandler.java:71) [modlauncher-10.0.8.jar%2354!/:?]
	at cpw.mods.modlauncher.Launcher.run(Launcher.java:106) [modlauncher-10.0.8.jar%2354!/:?]
	at cpw.mods.modlauncher.Launcher.main(Launcher.java:77) [modlauncher-10.0.8.jar%2354!/:?]
	at cpw.mods.modlauncher.BootstrapLaunchConsumer.accept(BootstrapLaunchConsumer.java:26) [modlauncher-10.0.8.jar%2354!/:?]
	at cpw.mods.modlauncher.BootstrapLaunchConsumer.accept(BootstrapLaunchConsumer.java:23) [modlauncher-10.0.8.jar%2354!/:?]
	at cpw.mods.bootstraplauncher.BootstrapLauncher.main(BootstrapLauncher.java:141) [bootstraplauncher-1.1.2.jar:?]
[11Apr2025 16:50:53.651] [main/ERROR] [net.minecraft.world.item.crafting.RecipeManager/]: Parsing error loading recipe mekanism:enriching/conversion/gloomslate/tiles_to_bricks
com.google.gson.JsonSyntaxException: Invalid or unsupported recipe type 'mekanism:enriching'
	at net.minecraft.world.item.crafting.RecipeManager.m_220253_(RecipeManager.java:170) ~[server-1.19.2-20220805.130853-srg.jar%23137!/:?]
	at java.util.Optional.orElseThrow(Optional.java:403) ~[?:?]
	at net.minecraft.world.item.crafting.RecipeManager.fromJson(RecipeManager.java:169) ~[server-1.19.2-20220805.130853-srg.jar%23137!/:?]
	at net.minecraft.world.item.crafting.RecipeManager.m_5787_(RecipeManager.java:67) ~[server-1.19.2-20220805.130853-srg.jar%23137!/:?]
	at net.minecraft.world.item.crafting.RecipeManager.m_5787_(RecipeManager.java:34) ~[server-1.19.2-20220805.130853-srg.jar%23137!/:?]
	at net.minecraft.server.packs.resources.SimplePreparableReloadListener.m_10789_(SimplePreparableReloadListener.java:13) ~[server-1.19.2-20220805.130853-srg.jar%23137!/:?]
	at java.util.concurrent.CompletableFuture$UniAccept.tryFire(CompletableFuture.java:718) ~[?:?]
	at java.util.concurrent.CompletableFuture$Completion.run(CompletableFuture.java:482) ~[?:?]
	at net.minecraft.server.packs.resources.SimpleReloadInstance.m_143940_(SimpleReloadInstance.java:69) ~[server-1.19.2-20220805.130853-srg.jar%23137!/:?]
	at net.minecraft.Util.m_214652_(Util.java:781) ~[server-1.19.2-20220805.130853-srg.jar%23137!/:?]
	at net.minecraft.Util.m_214679_(Util.java:770) ~[server-1.19.2-20220805.130853-srg.jar%23137!/:?]
	at net.minecraft.server.Main.main(Main.java:157) ~[server-1.19.2-20220805.130853-srg.jar%23137!/:?]
	at jdk.internal.reflect.NativeMethodAccessorImpl.invoke0(Native Method) ~[?:?]
	at jdk.internal.reflect.NativeMethodAccessorImpl.invoke(NativeMethodAccessorImpl.java:77) ~[?:?]
	at jdk.internal.reflect.DelegatingMethodAccessorImpl.invoke(DelegatingMethodAccessorImpl.java:43) ~[?:?]
	at java.lang.reflect.Method.invoke(Method.java:569) ~[?:?]
	at net.minecraftforge.fml.loading.targets.CommonServerLaunchHandler.lambda$launchService$0(CommonServerLaunchHandler.java:29) ~[fmlloader-1.19.2-43.4.2.jar%2367!/:?]
	at cpw.mods.modlauncher.LaunchServiceHandlerDecorator.launch(LaunchServiceHandlerDecorator.java:30) [modlauncher-10.0.8.jar%2354!/:?]
	at cpw.mods.modlauncher.LaunchServiceHandler.launch(LaunchServiceHandler.java:53) [modlauncher-10.0.8.jar%2354!/:?]
	at cpw.mods.modlauncher.LaunchServiceHandler.launch(LaunchServiceHandler.java:71) [modlauncher-10.0.8.jar%2354!/:?]
	at cpw.mods.modlauncher.Launcher.run(Launcher.java:106) [modlauncher-10.0.8.jar%2354!/:?]
	at cpw.mods.modlauncher.Launcher.main(Launcher.java:77) [modlauncher-10.0.8.jar%2354!/:?]
	at cpw.mods.modlauncher.BootstrapLaunchConsumer.accept(BootstrapLaunchConsumer.java:26) [modlauncher-10.0.8.jar%2354!/:?]
	at cpw.mods.modlauncher.BootstrapLaunchConsumer.accept(BootstrapLaunchConsumer.java:23) [modlauncher-10.0.8.jar%2354!/:?]
	at cpw.mods.bootstraplauncher.BootstrapLauncher.main(BootstrapLauncher.java:141) [bootstraplauncher-1.1.2.jar:?]
[11Apr2025 16:50:53.652] [main/ERROR] [net.minecraft.world.item.crafting.RecipeManager/]: Parsing error loading recipe mekanism:crushing/sculk_stone/bricks_to_tiles
com.google.gson.JsonSyntaxException: Invalid or unsupported recipe type 'mekanism:crushing'
	at net.minecraft.world.item.crafting.RecipeManager.m_220253_(RecipeManager.java:170) ~[server-1.19.2-20220805.130853-srg.jar%23137!/:?]
	at java.util.Optional.orElseThrow(Optional.java:403) ~[?:?]
	at net.minecraft.world.item.crafting.RecipeManager.fromJson(RecipeManager.java:169) ~[server-1.19.2-20220805.130853-srg.jar%23137!/:?]
	at net.minecraft.world.item.crafting.RecipeManager.m_5787_(RecipeManager.java:67) ~[server-1.19.2-20220805.130853-srg.jar%23137!/:?]
	at net.minecraft.world.item.crafting.RecipeManager.m_5787_(RecipeManager.java:34) ~[server-1.19.2-20220805.130853-srg.jar%23137!/:?]
	at net.minecraft.server.packs.resources.SimplePreparableReloadListener.m_10789_(SimplePreparableReloadListener.java:13) ~[server-1.19.2-20220805.130853-srg.jar%23137!/:?]
	at java.util.concurrent.CompletableFuture$UniAccept.tryFire(CompletableFuture.java:718) ~[?:?]
	at java.util.concurrent.CompletableFuture$Completion.run(CompletableFuture.java:482) ~[?:?]
	at net.minecraft.server.packs.resources.SimpleReloadInstance.m_143940_(SimpleReloadInstance.java:69) ~[server-1.19.2-20220805.130853-srg.jar%23137!/:?]
	at net.minecraft.Util.m_214652_(Util.java:781) ~[server-1.19.2-20220805.130853-srg.jar%23137!/:?]
	at net.minecraft.Util.m_214679_(Util.java:770) ~[server-1.19.2-20220805.130853-srg.jar%23137!/:?]
	at net.minecraft.server.Main.main(Main.java:157) ~[server-1.19.2-20220805.130853-srg.jar%23137!/:?]
	at jdk.internal.reflect.NativeMethodAccessorImpl.invoke0(Native Method) ~[?:?]
	at jdk.internal.reflect.NativeMethodAccessorImpl.invoke(NativeMethodAccessorImpl.java:77) ~[?:?]
	at jdk.internal.reflect.DelegatingMethodAccessorImpl.invoke(DelegatingMethodAccessorImpl.java:43) ~[?:?]
	at java.lang.reflect.Method.invoke(Method.java:569) ~[?:?]
	at net.minecraftforge.fml.loading.targets.CommonServerLaunchHandler.lambda$launchService$0(CommonServerLaunchHandler.java:29) ~[fmlloader-1.19.2-43.4.2.jar%2367!/:?]
	at cpw.mods.modlauncher.LaunchServiceHandlerDecorator.launch(LaunchServiceHandlerDecorator.java:30) [modlauncher-10.0.8.jar%2354!/:?]
	at cpw.mods.modlauncher.LaunchServiceHandler.launch(LaunchServiceHandler.java:53) [modlauncher-10.0.8.jar%2354!/:?]
	at cpw.mods.modlauncher.LaunchServiceHandler.launch(LaunchServiceHandler.java:71) [modlauncher-10.0.8.jar%2354!/:?]
	at cpw.mods.modlauncher.Launcher.run(Launcher.java:106) [modlauncher-10.0.8.jar%2354!/:?]
	at cpw.mods.modlauncher.Launcher.main(Launcher.java:77) [modlauncher-10.0.8.jar%2354!/:?]
	at cpw.mods.modlauncher.BootstrapLaunchConsumer.accept(BootstrapLaunchConsumer.java:26) [modlauncher-10.0.8.jar%2354!/:?]
	at cpw.mods.modlauncher.BootstrapLaunchConsumer.accept(BootstrapLaunchConsumer.java:23) [modlauncher-10.0.8.jar%2354!/:?]
	at cpw.mods.bootstraplauncher.BootstrapLauncher.main(BootstrapLauncher.java:141) [bootstraplauncher-1.1.2.jar:?]
[11Apr2025 16:50:53.654] [main/ERROR] [net.minecraft.world.item.crafting.RecipeManager/]: Parsing error loading recipe mekanism:enriching/conversion/sculk_stone/from_cobbled_slabs
com.google.gson.JsonSyntaxException: Invalid or unsupported recipe type 'mekanism:enriching'
	at net.minecraft.world.item.crafting.RecipeManager.m_220253_(RecipeManager.java:170) ~[server-1.19.2-20220805.130853-srg.jar%23137!/:?]
	at java.util.Optional.orElseThrow(Optional.java:403) ~[?:?]
	at net.minecraft.world.item.crafting.RecipeManager.fromJson(RecipeManager.java:169) ~[server-1.19.2-20220805.130853-srg.jar%23137!/:?]
	at net.minecraft.world.item.crafting.RecipeManager.m_5787_(RecipeManager.java:67) ~[server-1.19.2-20220805.130853-srg.jar%23137!/:?]
	at net.minecraft.world.item.crafting.RecipeManager.m_5787_(RecipeManager.java:34) ~[server-1.19.2-20220805.130853-srg.jar%23137!/:?]
	at net.minecraft.server.packs.resources.SimplePreparableReloadListener.m_10789_(SimplePreparableReloadListener.java:13) ~[server-1.19.2-20220805.130853-srg.jar%23137!/:?]
	at java.util.concurrent.CompletableFuture$UniAccept.tryFire(CompletableFuture.java:718) ~[?:?]
	at java.util.concurrent.CompletableFuture$Completion.run(CompletableFuture.java:482) ~[?:?]
	at net.minecraft.server.packs.resources.SimpleReloadInstance.m_143940_(SimpleReloadInstance.java:69) ~[server-1.19.2-20220805.130853-srg.jar%23137!/:?]
	at net.minecraft.Util.m_214652_(Util.java:781) ~[server-1.19.2-20220805.130853-srg.jar%23137!/:?]
	at net.minecraft.Util.m_214679_(Util.java:770) ~[server-1.19.2-20220805.130853-srg.jar%23137!/:?]
	at net.minecraft.server.Main.main(Main.java:157) ~[server-1.19.2-20220805.130853-srg.jar%23137!/:?]
	at jdk.internal.reflect.NativeMethodAccessorImpl.invoke0(Native Method) ~[?:?]
	at jdk.internal.reflect.NativeMethodAccessorImpl.invoke(NativeMethodAccessorImpl.java:77) ~[?:?]
	at jdk.internal.reflect.DelegatingMethodAccessorImpl.invoke(DelegatingMethodAccessorImpl.java:43) ~[?:?]
	at java.lang.reflect.Method.invoke(Method.java:569) ~[?:?]
	at net.minecraftforge.fml.loading.targets.CommonServerLaunchHandler.lambda$launchService$0(CommonServerLaunchHandler.java:29) ~[fmlloader-1.19.2-43.4.2.jar%2367!/:?]
	at cpw.mods.modlauncher.LaunchServiceHandlerDecorator.launch(LaunchServiceHandlerDecorator.java:30) [modlauncher-10.0.8.jar%2354!/:?]
	at cpw.mods.modlauncher.LaunchServiceHandler.launch(LaunchServiceHandler.java:53) [modlauncher-10.0.8.jar%2354!/:?]
	at cpw.mods.modlauncher.LaunchServiceHandler.launch(LaunchServiceHandler.java:71) [modlauncher-10.0.8.jar%2354!/:?]
	at cpw.mods.modlauncher.Launcher.run(Launcher.java:106) [modlauncher-10.0.8.jar%2354!/:?]
	at cpw.mods.modlauncher.Launcher.main(Launcher.java:77) [modlauncher-10.0.8.jar%2354!/:?]
	at cpw.mods.modlauncher.BootstrapLaunchConsumer.accept(BootstrapLaunchConsumer.java:26) [modlauncher-10.0.8.jar%2354!/:?]
	at cpw.mods.modlauncher.BootstrapLaunchConsumer.accept(BootstrapLaunchConsumer.java:23) [modlauncher-10.0.8.jar%2354!/:?]
	at cpw.mods.bootstraplauncher.BootstrapLauncher.main(BootstrapLauncher.java:141) [bootstraplauncher-1.1.2.jar:?]
[11Apr2025 16:50:53.655] [main/ERROR] [net.minecraft.world.item.crafting.RecipeManager/]: Parsing error loading recipe mekanism:enriching/conversion/sculk_stone/tiles_to_bricks
com.google.gson.JsonSyntaxException: Invalid or unsupported recipe type 'mekanism:enriching'
	at net.minecraft.world.item.crafting.RecipeManager.m_220253_(RecipeManager.java:170) ~[server-1.19.2-20220805.130853-srg.jar%23137!/:?]
	at java.util.Optional.orElseThrow(Optional.java:403) ~[?:?]
	at net.minecraft.world.item.crafting.RecipeManager.fromJson(RecipeManager.java:169) ~[server-1.19.2-20220805.130853-srg.jar%23137!/:?]
	at net.minecraft.world.item.crafting.RecipeManager.m_5787_(RecipeManager.java:67) ~[server-1.19.2-20220805.130853-srg.jar%23137!/:?]
	at net.minecraft.world.item.crafting.RecipeManager.m_5787_(RecipeManager.java:34) ~[server-1.19.2-20220805.130853-srg.jar%23137!/:?]
	at net.minecraft.server.packs.resources.SimplePreparableReloadListener.m_10789_(SimplePreparableReloadListener.java:13) ~[server-1.19.2-20220805.130853-srg.jar%23137!/:?]
	at java.util.concurrent.CompletableFuture$UniAccept.tryFire(CompletableFuture.java:718) ~[?:?]
	at java.util.concurrent.CompletableFuture$Completion.run(CompletableFuture.java:482) ~[?:?]
	at net.minecraft.server.packs.resources.SimpleReloadInstance.m_143940_(SimpleReloadInstance.java:69) ~[server-1.19.2-20220805.130853-srg.jar%23137!/:?]
	at net.minecraft.Util.m_214652_(Util.java:781) ~[server-1.19.2-20220805.130853-srg.jar%23137!/:?]
	at net.minecraft.Util.m_214679_(Util.java:770) ~[server-1.19.2-20220805.130853-srg.jar%23137!/:?]
	at net.minecraft.server.Main.main(Main.java:157) ~[server-1.19.2-20220805.130853-srg.jar%23137!/:?]
	at jdk.internal.reflect.NativeMethodAccessorImpl.invoke0(Native Method) ~[?:?]
	at jdk.internal.reflect.NativeMethodAccessorImpl.invoke(NativeMethodAccessorImpl.java:77) ~[?:?]
	at jdk.internal.reflect.DelegatingMethodAccessorImpl.invoke(DelegatingMethodAccessorImpl.java:43) ~[?:?]
	at java.lang.reflect.Method.invoke(Method.java:569) ~[?:?]
	at net.minecraftforge.fml.loading.targets.CommonServerLaunchHandler.lambda$launchService$0(CommonServerLaunchHandler.java:29) ~[fmlloader-1.19.2-43.4.2.jar%2367!/:?]
	at cpw.mods.modlauncher.LaunchServiceHandlerDecorator.launch(LaunchServiceHandlerDecorator.java:30) [modlauncher-10.0.8.jar%2354!/:?]
	at cpw.mods.modlauncher.LaunchServiceHandler.launch(LaunchServiceHandler.java:53) [modlauncher-10.0.8.jar%2354!/:?]
	at cpw.mods.modlauncher.LaunchServiceHandler.launch(LaunchServiceHandler.java:71) [modlauncher-10.0.8.jar%2354!/:?]
	at cpw.mods.modlauncher.Launcher.run(Launcher.java:106) [modlauncher-10.0.8.jar%2354!/:?]
	at cpw.mods.modlauncher.Launcher.main(Launcher.java:77) [modlauncher-10.0.8.jar%2354!/:?]
	at cpw.mods.modlauncher.BootstrapLaunchConsumer.accept(BootstrapLaunchConsumer.java:26) [modlauncher-10.0.8.jar%2354!/:?]
	at cpw.mods.modlauncher.BootstrapLaunchConsumer.accept(BootstrapLaunchConsumer.java:23) [modlauncher-10.0.8.jar%2354!/:?]
	at cpw.mods.bootstraplauncher.BootstrapLauncher.main(BootstrapLauncher.java:141) [bootstraplauncher-1.1.2.jar:?]
[11Apr2025 16:50:53.656] [main/ERROR] [net.minecraft.world.item.crafting.RecipeManager/]: Parsing error loading recipe mekanism:crushing/gloomslate/bricks_to_tiles
com.google.gson.JsonSyntaxException: Invalid or unsupported recipe type 'mekanism:crushing'
	at net.minecraft.world.item.crafting.RecipeManager.m_220253_(RecipeManager.java:170) ~[server-1.19.2-20220805.130853-srg.jar%23137!/:?]
	at java.util.Optional.orElseThrow(Optional.java:403) ~[?:?]
	at net.minecraft.world.item.crafting.RecipeManager.fromJson(RecipeManager.java:169) ~[server-1.19.2-20220805.130853-srg.jar%23137!/:?]
	at net.minecraft.world.item.crafting.RecipeManager.m_5787_(RecipeManager.java:67) ~[server-1.19.2-20220805.130853-srg.jar%23137!/:?]
	at net.minecraft.world.item.crafting.RecipeManager.m_5787_(RecipeManager.java:34) ~[server-1.19.2-20220805.130853-srg.jar%23137!/:?]
	at net.minecraft.server.packs.resources.SimplePreparableReloadListener.m_10789_(SimplePreparableReloadListener.java:13) ~[server-1.19.2-20220805.130853-srg.jar%23137!/:?]
	at java.util.concurrent.CompletableFuture$UniAccept.tryFire(CompletableFuture.java:718) ~[?:?]
	at java.util.concurrent.CompletableFuture$Completion.run(CompletableFuture.java:482) ~[?:?]
	at net.minecraft.server.packs.resources.SimpleReloadInstance.m_143940_(SimpleReloadInstance.java:69) ~[server-1.19.2-20220805.130853-srg.jar%23137!/:?]
	at net.minecraft.Util.m_214652_(Util.java:781) ~[server-1.19.2-20220805.130853-srg.jar%23137!/:?]
	at net.minecraft.Util.m_214679_(Util.java:770) ~[server-1.19.2-20220805.130853-srg.jar%23137!/:?]
	at net.minecraft.server.Main.main(Main.java:157) ~[server-1.19.2-20220805.130853-srg.jar%23137!/:?]
	at jdk.internal.reflect.NativeMethodAccessorImpl.invoke0(Native Method) ~[?:?]
	at jdk.internal.reflect.NativeMethodAccessorImpl.invoke(NativeMethodAccessorImpl.java:77) ~[?:?]
	at jdk.internal.reflect.DelegatingMethodAccessorImpl.invoke(DelegatingMethodAccessorImpl.java:43) ~[?:?]
	at java.lang.reflect.Method.invoke(Method.java:569) ~[?:?]
	at net.minecraftforge.fml.loading.targets.CommonServerLaunchHandler.lambda$launchService$0(CommonServerLaunchHandler.java:29) ~[fmlloader-1.19.2-43.4.2.jar%2367!/:?]
	at cpw.mods.modlauncher.LaunchServiceHandlerDecorator.launch(LaunchServiceHandlerDecorator.java:30) [modlauncher-10.0.8.jar%2354!/:?]
	at cpw.mods.modlauncher.LaunchServiceHandler.launch(LaunchServiceHandler.java:53) [modlauncher-10.0.8.jar%2354!/:?]
	at cpw.mods.modlauncher.LaunchServiceHandler.launch(LaunchServiceHandler.java:71) [modlauncher-10.0.8.jar%2354!/:?]
	at cpw.mods.modlauncher.Launcher.run(Launcher.java:106) [modlauncher-10.0.8.jar%2354!/:?]
	at cpw.mods.modlauncher.Launcher.main(Launcher.java:77) [modlauncher-10.0.8.jar%2354!/:?]
	at cpw.mods.modlauncher.BootstrapLaunchConsumer.accept(BootstrapLaunchConsumer.java:26) [modlauncher-10.0.8.jar%2354!/:?]
	at cpw.mods.modlauncher.BootstrapLaunchConsumer.accept(BootstrapLaunchConsumer.java:23) [modlauncher-10.0.8.jar%2354!/:?]
	at cpw.mods.bootstraplauncher.BootstrapLauncher.main(BootstrapLauncher.java:141) [bootstraplauncher-1.1.2.jar:?]
[11Apr2025 16:50:53.658] [main/INFO] [net.minecraft.world.item.crafting.RecipeManager/]: Loaded 9 recipes
[11Apr2025 16:50:54.153] [main/ERROR] [net.minecraft.server.ServerAdvancementManager/]: Parsing error loading custom advancement mutantmore:nether/upgrade_rodling: Expected requirements[0] to be a JsonArray, was "rod...et"
[11Apr2025 16:50:54.198] [main/ERROR] [net.minecraft.server.ServerAdvancementManager/]: Parsing error loading custom advancement minecraft:adventure/craft_decorated_pot_using_only_sherds: Invalid criterion trigger: minecraft:recipe_crafted
[11Apr2025 16:50:54.276] [main/INFO] [net.minecraft.advancements.AdvancementList/]: Loaded 1799 advancements
[11Apr2025 16:50:55.140] [main/DEBUG] [net.minecraftforge.common.ForgeHooks/WP]: Gathering id map for writing to world save world
[11Apr2025 16:50:55.150] [main/DEBUG] [net.minecraftforge.common.ForgeHooks/WP]: ID Map collection complete world
[11Apr2025 16:50:55.214] [Server thread/INFO] [net.minecraft.server.dedicated.DedicatedServer/]: Starting minecraft server version 1.19.2
[11Apr2025 16:50:55.216] [Server thread/INFO] [net.minecraft.server.dedicated.DedicatedServer/]: Loading properties
[11Apr2025 16:50:55.216] [Server thread/INFO] [net.minecraft.server.dedicated.DedicatedServer/]: Default game type: SURVIVAL
[11Apr2025 16:50:55.216] [Server thread/INFO] [net.minecraft.server.MinecraftServer/]: Generating keypair
[11Apr2025 16:50:55.370] [Server thread/INFO] [net.minecraft.server.dedicated.DedicatedServer/]: Starting Minecraft server on *:25565
[11Apr2025 16:50:55.371] [Server thread/DEBUG] [net.minecraftforge.network.DualStackUtils/]: Detected IPv6 address: "0:0:0:0:0:0:0:0"
[11Apr2025 16:50:55.382] [Server thread/DEBUG] [io.netty.util.internal.NativeLibraryLoader/]: -Dio.netty.native.workdir: /tmp (io.netty.tmpdir)
[11Apr2025 16:50:55.383] [Server thread/DEBUG] [io.netty.util.internal.NativeLibraryLoader/]: -Dio.netty.native.deleteLibAfterLoading: true
[11Apr2025 16:50:55.383] [Server thread/DEBUG] [io.netty.util.internal.NativeLibraryLoader/]: -Dio.netty.native.tryPatchShadedId: true
[11Apr2025 16:50:55.383] [Server thread/DEBUG] [io.netty.util.internal.NativeLibraryLoader/]: -Dio.netty.native.detectNativeLibraryDuplicates: true
[11Apr2025 16:50:55.392] [Server thread/DEBUG] [io.netty.util.internal.NativeLibraryLoader/]: Successfully loaded the library /tmp/libnetty_transport_native_epoll_x86_643772199388272923392.so
[11Apr2025 16:50:55.396] [Server thread/DEBUG] [io.netty.util.NetUtil/]: -Djava.net.preferIPv4Stack: false
[11Apr2025 16:50:55.396] [Server thread/DEBUG] [io.netty.util.NetUtil/]: -Djava.net.preferIPv6Addresses: true
[11Apr2025 16:50:55.399] [Server thread/DEBUG] [io.netty.util.NetUtilInitializations/]: Loopback interface: lo (lo, 0:0:0:0:0:0:0:1%lo)
[11Apr2025 16:50:55.400] [Server thread/DEBUG] [io.netty.util.NetUtil/]: /proc/sys/net/core/somaxconn: 4096
[11Apr2025 16:50:55.403] [Server thread/INFO] [net.minecraft.server.network.ServerConnectionListener/]: Using epoll channel type
[11Apr2025 16:50:55.418] [Server thread/DEBUG] [io.netty.channel.MultithreadEventLoopGroup/]: -Dio.netty.eventLoopThreads: 8
[11Apr2025 16:50:55.431] [Server thread/DEBUG] [io.netty.util.internal.InternalThreadLocalMap/]: -Dio.netty.threadLocalMap.stringBuilder.initialSize: 1024
[11Apr2025 16:50:55.431] [Server thread/DEBUG] [io.netty.util.internal.InternalThreadLocalMap/]: -Dio.netty.threadLocalMap.stringBuilder.maxSize: 4096
[11Apr2025 16:50:55.443] [Server thread/DEBUG] [io.netty.util.internal.PlatformDependent/]: org.jctools-core.MpscChunkedArrayQueue: available
[11Apr2025 16:50:55.454] [Server thread/DEBUG] [io.netty.channel.DefaultChannelId/]: -Dio.netty.processId: 1137 (auto-detected)
[11Apr2025 16:50:55.455] [Server thread/DEBUG] [io.netty.channel.DefaultChannelId/]: -Dio.netty.machineId: 7c:1e:52:ff:fe:d2:26:26 (auto-detected)
[11Apr2025 16:50:55.489] [Server thread/DEBUG] [io.netty.buffer.PooledByteBufAllocator/]: -Dio.netty.allocator.numHeapArenas: 8
[11Apr2025 16:50:55.489] [Server thread/DEBUG] [io.netty.buffer.PooledByteBufAllocator/]: -Dio.netty.allocator.numDirectArenas: 8
[11Apr2025 16:50:55.489] [Server thread/DEBUG] [io.netty.buffer.PooledByteBufAllocator/]: -Dio.netty.allocator.pageSize: 8192
[11Apr2025 16:50:55.489] [Server thread/DEBUG] [io.netty.buffer.PooledByteBufAllocator/]: -Dio.netty.allocator.maxOrder: 9
[11Apr2025 16:50:55.489] [Server thread/DEBUG] [io.netty.buffer.PooledByteBufAllocator/]: -Dio.netty.allocator.chunkSize: 4194304
[11Apr2025 16:50:55.489] [Server thread/DEBUG] [io.netty.buffer.PooledByteBufAllocator/]: -Dio.netty.allocator.smallCacheSize: 256
[11Apr2025 16:50:55.489] [Server thread/DEBUG] [io.netty.buffer.PooledByteBufAllocator/]: -Dio.netty.allocator.normalCacheSize: 64
[11Apr2025 16:50:55.489] [Server thread/DEBUG] [io.netty.buffer.PooledByteBufAllocator/]: -Dio.netty.allocator.maxCachedBufferCapacity: 32768
[11Apr2025 16:50:55.489] [Server thread/DEBUG] [io.netty.buffer.PooledByteBufAllocator/]: -Dio.netty.allocator.cacheTrimInterval: 8192
[11Apr2025 16:50:55.489] [Server thread/DEBUG] [io.netty.buffer.PooledByteBufAllocator/]: -Dio.netty.allocator.cacheTrimIntervalMillis: 0
[11Apr2025 16:50:55.489] [Server thread/DEBUG] [io.netty.buffer.PooledByteBufAllocator/]: -Dio.netty.allocator.useCacheForAllThreads: false
[11Apr2025 16:50:55.489] [Server thread/DEBUG] [io.netty.buffer.PooledByteBufAllocator/]: -Dio.netty.allocator.maxCachedByteBuffersPerChunk: 1023
[11Apr2025 16:50:55.497] [Server thread/DEBUG] [io.netty.buffer.ByteBufUtil/]: -Dio.netty.allocator.type: pooled
[11Apr2025 16:50:55.497] [Server thread/DEBUG] [io.netty.buffer.ByteBufUtil/]: -Dio.netty.threadLocalDirectBufferSize: 0
[11Apr2025 16:50:55.497] [Server thread/DEBUG] [io.netty.buffer.ByteBufUtil/]: -Dio.netty.maxThreadLocalCharBufferSize: 16384
[11Apr2025 16:50:55.508] [Server thread/WARN] [net.minecraft.server.dedicated.DedicatedServer/]: **** SERVER IS RUNNING IN OFFLINE/INSECURE MODE!
[11Apr2025 16:50:55.509] [Server thread/WARN] [net.minecraft.server.dedicated.DedicatedServer/]: The server will make no attempt to authenticate usernames. Beware.
[11Apr2025 16:50:55.509] [Server thread/WARN] [net.minecraft.server.dedicated.DedicatedServer/]: While this makes the game possible to play without internet access, it also opens up the ability for hackers to connect with any username they choose.
[11Apr2025 16:50:55.509] [Server thread/WARN] [net.minecraft.server.dedicated.DedicatedServer/]: To change this, set "online-mode" to "true" in the server.properties file.
[11Apr2025 16:50:55.522] [Server thread/DEBUG] [net.minecraftforge.fml.loading.FileUtils/CORE]: Found existing serverconfig directory : ./world/serverconfig
[11Apr2025 16:50:55.522] [Server thread/DEBUG] [net.minecraftforge.fml.config.ConfigTracker/CONFIG]: Loading configs type SERVER
[11Apr2025 16:50:55.523] [Server thread/DEBUG] [net.minecraftforge.fml.config.ConfigFileTypeHandler/CONFIG]: Built TOML config for ./world/serverconfig/jei-server.toml
[11Apr2025 16:50:55.523] [Server thread/DEBUG] [net.minecraftforge.fml.config.ConfigFileTypeHandler/CONFIG]: Loaded TOML config file ./world/serverconfig/jei-server.toml
[11Apr2025 16:50:55.523] [Server thread/DEBUG] [net.minecraftforge.fml.config.ConfigFileTypeHandler/CONFIG]: Watching TOML config file ./world/serverconfig/jei-server.toml for changes
[11Apr2025 16:50:55.524] [Server thread/DEBUG] [net.minecraftforge.fml.config.ConfigFileTypeHandler/CONFIG]: Built TOML config for ./world/serverconfig/curios-server.toml
[11Apr2025 16:50:55.524] [Thread-0/DEBUG] [net.minecraftforge.fml.config.ConfigFileTypeHandler/CONFIG]: Config file jei-server.toml changed, sending notifies
[11Apr2025 16:50:55.525] [Server thread/DEBUG] [net.minecraftforge.fml.config.ConfigFileTypeHandler/CONFIG]: Loaded TOML config file ./world/serverconfig/curios-server.toml
[11Apr2025 16:50:55.525] [Server thread/DEBUG] [net.minecraftforge.fml.config.ConfigFileTypeHandler/CONFIG]: Watching TOML config file ./world/serverconfig/curios-server.toml for changes
[11Apr2025 16:50:55.525] [Thread-0/DEBUG] [net.minecraftforge.fml.config.ConfigFileTypeHandler/CONFIG]: Config file jei-server.toml changed, sending notifies
[11Apr2025 16:50:55.530] [Thread-0/DEBUG] [net.minecraftforge.fml.config.ConfigFileTypeHandler/CONFIG]: Config file curios-server.toml changed, sending notifies
[11Apr2025 16:50:55.530] [Server thread/DEBUG] [net.minecraftforge.fml.config.ConfigFileTypeHandler/CONFIG]: Built TOML config for ./world/serverconfig/journeymap-server.toml
[11Apr2025 16:50:55.530] [Thread-0/DEBUG] [net.minecraftforge.fml.config.ConfigFileTypeHandler/CONFIG]: Config file curios-server.toml changed, sending notifies
[11Apr2025 16:50:55.531] [Server thread/DEBUG] [net.minecraftforge.fml.config.ConfigFileTypeHandler/CONFIG]: Loaded TOML config file ./world/serverconfig/journeymap-server.toml
[11Apr2025 16:50:55.531] [Server thread/DEBUG] [net.minecraftforge.fml.config.ConfigFileTypeHandler/CONFIG]: Watching TOML config file ./world/serverconfig/journeymap-server.toml for changes
[11Apr2025 16:50:55.531] [Server thread/INFO] [journeymap/]: Loading JourneyMap Forge Configs
[11Apr2025 16:50:55.532] [Thread-0/DEBUG] [net.minecraftforge.fml.config.ConfigFileTypeHandler/CONFIG]: Config file journeymap-server.toml changed, sending notifies
[11Apr2025 16:50:55.532] [Server thread/DEBUG] [net.minecraftforge.fml.config.ConfigFileTypeHandler/CONFIG]: Built TOML config for /workspaces/refactored-adventure/servidor_minecraft/config/tombstone-server.toml
[11Apr2025 16:50:55.533] [Server thread/DEBUG] [net.minecraftforge.fml.config.ConfigFileTypeHandler/CONFIG]: Loaded TOML config file /workspaces/refactored-adventure/servidor_minecraft/config/tombstone-server.toml
[11Apr2025 16:50:55.533] [Server thread/DEBUG] [net.minecraftforge.fml.config.ConfigFileTypeHandler/CONFIG]: Watching TOML config file /workspaces/refactored-adventure/servidor_minecraft/config/tombstone-server.toml for changes
[11Apr2025 16:50:55.532] [Thread-0/INFO] [journeymap/]: Loading JourneyMap Forge Configs
[11Apr2025 16:50:55.533] [Thread-0/DEBUG] [net.minecraftforge.fml.config.ConfigFileTypeHandler/CONFIG]: Config file journeymap-server.toml changed, sending notifies
[11Apr2025 16:50:55.534] [Thread-0/INFO] [journeymap/]: Loading JourneyMap Forge Configs
[11Apr2025 16:50:55.534] [Server thread/DEBUG] [net.minecraftforge.fml.config.ConfigFileTypeHandler/CONFIG]: Built TOML config for ./world/serverconfig/forge-server.toml
[11Apr2025 16:50:55.535] [Server thread/DEBUG] [net.minecraftforge.fml.config.ConfigFileTypeHandler/CONFIG]: Loaded TOML config file ./world/serverconfig/forge-server.toml
[11Apr2025 16:50:55.535] [Server thread/DEBUG] [net.minecraftforge.fml.config.ConfigFileTypeHandler/CONFIG]: Watching TOML config file ./world/serverconfig/forge-server.toml for changes
[11Apr2025 16:50:55.535] [Server thread/DEBUG] [net.minecraftforge.common.ForgeConfig/FORGEMOD]: Loaded forge config file forge-server.toml
[11Apr2025 16:50:55.535] [Thread-0/DEBUG] [net.minecraftforge.fml.config.ConfigFileTypeHandler/CONFIG]: Config file forge-server.toml changed, sending notifies
[11Apr2025 16:50:55.535] [Thread-0/DEBUG] [net.minecraftforge.common.ForgeConfig/FORGEMOD]: Forge config just got changed on the file system!
[11Apr2025 16:50:55.536] [Server thread/DEBUG] [net.minecraftforge.fml.config.ConfigFileTypeHandler/CONFIG]: Built TOML config for ./world/serverconfig/artifacts-server.toml
[11Apr2025 16:50:55.536] [Thread-0/DEBUG] [net.minecraftforge.fml.config.ConfigFileTypeHandler/CONFIG]: Config file forge-server.toml changed, sending notifies
[11Apr2025 16:50:55.536] [Thread-0/DEBUG] [net.minecraftforge.common.ForgeConfig/FORGEMOD]: Forge config just got changed on the file system!
[11Apr2025 16:50:55.536] [Server thread/DEBUG] [net.minecraftforge.fml.config.ConfigFileTypeHandler/CONFIG]: Loaded TOML config file ./world/serverconfig/artifacts-server.toml
[11Apr2025 16:50:55.536] [Server thread/DEBUG] [net.minecraftforge.fml.config.ConfigFileTypeHandler/CONFIG]: Watching TOML config file ./world/serverconfig/artifacts-server.toml for changes
[11Apr2025 16:50:55.539] [Thread-0/DEBUG] [net.minecraftforge.fml.config.ConfigFileTypeHandler/CONFIG]: Config file artifacts-server.toml changed, sending notifies
[11Apr2025 16:50:55.542] [Thread-0/DEBUG] [net.minecraftforge.fml.config.ConfigFileTypeHandler/CONFIG]: Config file artifacts-server.toml changed, sending notifies
[11Apr2025 16:50:55.580] [Server thread/INFO] [net.minecraft.server.dedicated.DedicatedServer/]: Preparing level "world"
[11Apr2025 16:50:55.880] [Server thread/DEBUG] [mixin/]: Mixing StructureManagerAccessor from cataclysm.mixins.json into net.minecraft.world.level.StructureManager
[11Apr2025 16:50:55.918] [Server thread/DEBUG] [mixin/]: Mixing swimming.CombatTrackerMixin from expandability-common.mixins.json into net.minecraft.world.damagesource.CombatTracker
[11Apr2025 16:50:56.134] [Server thread/DEBUG] [mixin/]: Mixing MixinPiglinAi from curios.mixins.json into net.minecraft.world.entity.monster.piglin.PiglinAi
[11Apr2025 16:50:56.271] [Server thread/INFO] [net.minecraft.server.MinecraftServer/]: Preparing start region for dimension minecraft:overworld
[11Apr2025 16:50:59.674] [Server thread/DEBUG] [mixin/]: Mixing StructureTemplateMixin from cataclysm.mixins.json into net.minecraft.world.level.levelgen.structure.templatesystem.StructureTemplate
[11Apr2025 16:50:59.674] [Server thread/DEBUG] [mixin/]: Renaming synthetic method lambda$repurposedstructures_preventAutoWaterlogging$0(Lnet/minecraft/world/level/levelgen/structure/templatesystem/StructureProcessor;)Z to mda9915c$lambda$repurposedstructures_preventAutoWaterlogging$0$0 in cataclysm.mixins.json:StructureTemplateMixin
[11Apr2025 16:50:59.682] [Server thread/DEBUG] [mixin/]: Mixing StructureBlockInfoMixin from archaeology.mixins.json into net.minecraft.world.level.levelgen.structure.templatesystem.StructureTemplate$StructureBlockInfo
[11Apr2025 16:51:02.793] [Worker-Main-1/INFO] [net.minecraft.server.level.progress.LoggerChunkProgressListener/]: Preparing spawn area: 0%
[11Apr2025 16:51:02.807] [Worker-Main-1/INFO] [net.minecraft.server.level.progress.LoggerChunkProgressListener/]: Preparing spawn area: 0%
[11Apr2025 16:51:02.808] [Worker-Main-1/INFO] [net.minecraft.server.level.progress.LoggerChunkProgressListener/]: Preparing spawn area: 0%
[11Apr2025 16:51:02.809] [Worker-Main-1/INFO] [net.minecraft.server.level.progress.LoggerChunkProgressListener/]: Preparing spawn area: 0%
[11Apr2025 16:51:02.813] [Worker-Main-1/INFO] [net.minecraft.server.level.progress.LoggerChunkProgressListener/]: Preparing spawn area: 0%
[11Apr2025 16:51:02.816] [Worker-Main-3/INFO] [net.minecraft.server.level.progress.LoggerChunkProgressListener/]: Preparing spawn area: 0%
[11Apr2025 16:51:02.817] [Worker-Main-3/INFO] [net.minecraft.server.level.progress.LoggerChunkProgressListener/]: Preparing spawn area: 0%
[11Apr2025 16:51:02.819] [Worker-Main-3/INFO] [net.minecraft.server.level.progress.LoggerChunkProgressListener/]: Preparing spawn area: 0%
[11Apr2025 16:51:02.820] [Worker-Main-3/INFO] [net.minecraft.server.level.progress.LoggerChunkProgressListener/]: Preparing spawn area: 0%
[11Apr2025 16:51:02.821] [Worker-Main-1/INFO] [net.minecraft.server.level.progress.LoggerChunkProgressListener/]: Preparing spawn area: 0%
[11Apr2025 16:51:02.822] [Worker-Main-1/INFO] [net.minecraft.server.level.progress.LoggerChunkProgressListener/]: Preparing spawn area: 0%
[11Apr2025 16:51:02.826] [Worker-Main-3/INFO] [net.minecraft.server.level.progress.LoggerChunkProgressListener/]: Preparing spawn area: 0%
[11Apr2025 16:51:02.829] [Worker-Main-3/INFO] [net.minecraft.server.level.progress.LoggerChunkProgressListener/]: Preparing spawn area: 0%
[11Apr2025 16:51:02.833] [Worker-Main-3/INFO] [net.minecraft.server.level.progress.LoggerChunkProgressListener/]: Preparing spawn area: 0%
[11Apr2025 16:51:03.278] [Worker-Main-3/INFO] [net.minecraft.server.level.progress.LoggerChunkProgressListener/]: Preparing spawn area: 4%
[11Apr2025 16:51:03.772] [Worker-Main-1/INFO] [net.minecraft.server.level.progress.LoggerChunkProgressListener/]: Preparing spawn area: 41%
[11Apr2025 16:51:04.272] [Worker-Main-3/INFO] [net.minecraft.server.level.progress.LoggerChunkProgressListener/]: Preparing spawn area: 85%
[11Apr2025 16:51:04.448] [Server thread/INFO] [net.minecraft.server.level.progress.LoggerChunkProgressListener/]: Time elapsed: 8177 ms
[11Apr2025 16:51:04.449] [Server thread/INFO] [net.minecraft.server.dedicated.DedicatedServer/]: Done (8.930s)! For help, type "help"
[11Apr2025 16:51:04.546] [Server thread/DEBUG] [net.minecraftforge.common.ForgeI18n/CORE]: Loading I18N data entries: 2575
[11Apr2025 16:51:04.553] [Server thread/INFO] [net.minecraftforge.server.permission.PermissionAPI/]: Successfully initialized permission handler forge:default_handler
[11Apr2025 16:51:04.781] [Server thread/DEBUG] [tombstone/]: Updating LootTables
[11Apr2025 16:51:50.698] [Server thread/INFO] [net.minecraft.server.MinecraftServer/]: Unknown or incomplete command, see below for error
[11Apr2025 16:51:50.699] [Server thread/INFO] [net.minecraft.server.MinecraftServer/]: asd<--[HERE]
[11Apr2025 16:51:55.696] [Server thread/INFO] [net.minecraft.server.MinecraftServer/]: Unknown or incomplete command, see below for error
[11Apr2025 16:51:55.702] [Server thread/INFO] [net.minecraft.server.MinecraftServer/]: gh<--[HERE]
[11Apr2025 16:52:18.587] [Netty Epoll Server IO #1/DEBUG] [io.netty.util.Recycler/]: -Dio.netty.recycler.maxCapacityPerThread: 4096
[11Apr2025 16:52:18.587] [Netty Epoll Server IO #1/DEBUG] [io.netty.util.Recycler/]: -Dio.netty.recycler.ratio: 8
[11Apr2025 16:52:18.587] [Netty Epoll Server IO #1/DEBUG] [io.netty.util.Recycler/]: -Dio.netty.recycler.chunkSize: 32
[11Apr2025 16:52:18.587] [Netty Epoll Server IO #1/DEBUG] [io.netty.util.Recycler/]: -Dio.netty.recycler.blocking: false
[11Apr2025 16:52:18.593] [Netty Epoll Server IO #1/DEBUG] [io.netty.buffer.AbstractByteBuf/]: -Dio.netty.buffer.checkAccessible: true
[11Apr2025 16:52:18.593] [Netty Epoll Server IO #1/DEBUG] [io.netty.buffer.AbstractByteBuf/]: -Dio.netty.buffer.checkBounds: true
[11Apr2025 16:52:18.594] [Netty Epoll Server IO #1/DEBUG] [io.netty.util.ResourceLeakDetectorFactory/]: Loaded default ResourceLeakDetector: io.netty.util.ResourceLeakDetector@47b03801
[11Apr2025 16:52:21.749] [Netty Epoll Server IO #3/DEBUG] [net.minecraftforge.network.HandshakeHandler/FMLHANDSHAKE]: Starting new modded impl connection. Found 27 messages to dispatch.
[11Apr2025 16:52:21.797] [Server thread/DEBUG] [net.minecraftforge.network.HandshakeHandler/FMLHANDSHAKE]: Sending ticking packet info 'net.minecraftforge.network.HandshakeMessages$S2CModData' to 'fml:handshake' sequence 0
[11Apr2025 16:52:21.846] [Server thread/DEBUG] [net.minecraftforge.network.HandshakeHandler/FMLHANDSHAKE]: Sending ticking packet info 'net.minecraftforge.network.HandshakeMessages$S2CModList' to 'fml:handshake' sequence 1
[11Apr2025 16:52:21.896] [Server thread/DEBUG] [net.minecraftforge.network.HandshakeHandler/FMLHANDSHAKE]: Sending ticking packet info 'Registry minecraft:command_argument_type' to 'fml:handshake' sequence 2
[11Apr2025 16:52:21.946] [Server thread/DEBUG] [net.minecraftforge.network.HandshakeHandler/FMLHANDSHAKE]: Sending ticking packet info 'Registry minecraft:recipe_serializer' to 'fml:handshake' sequence 3
[11Apr2025 16:52:21.996] [Server thread/DEBUG] [net.minecraftforge.network.HandshakeHandler/FMLHANDSHAKE]: Sending ticking packet info 'Registry minecraft:sound_event' to 'fml:handshake' sequence 4
[11Apr2025 16:52:22.001] [Netty Epoll Server IO #3/DEBUG] [net.minecraftforge.network.LoginWrapper/FMLHANDSHAKE]: Recieved login wrapper packet event for channel fml:handshake with index 1
[11Apr2025 16:52:22.004] [Netty Epoll Server IO #3/DEBUG] [net.minecraftforge.network.HandshakeHandler/FMLHANDSHAKE]: Received client indexed reply 1 of type net.minecraftforge.network.HandshakeMessages$C2SModListReply
[11Apr2025 16:52:22.004] [Netty Epoll Server IO #3/DEBUG] [net.minecraftforge.network.HandshakeHandler/FMLHANDSHAKE]: Received client connection with modlist [minecraft, creativecore, jei, paragon, lionfishapi, goblintraders, ringsofascension, cataclysm, curios, archaeology, journeymap, citadel, travelersbackpack, artifacts, tombstone, mutantmore, deeperdarker, forge, appleskin, expandability, playerrevive, geckolib3]
[11Apr2025 16:52:22.005] [Netty Epoll Server IO #3/DEBUG] [net.minecraftforge.network.NetworkRegistry/NETREGISTRY]: Channel 'jei:channel' : Version test of '1.0.0' from client : ACCEPTED
[11Apr2025 16:52:22.005] [Netty Epoll Server IO #3/DEBUG] [net.minecraftforge.network.NetworkRegistry/NETREGISTRY]: Channel 'minecraft:unregister' : Version test of 'FML3' from client : ACCEPTED
[11Apr2025 16:52:22.005] [Netty Epoll Server IO #3/DEBUG] [net.minecraftforge.network.NetworkRegistry/NETREGISTRY]: Channel 'citadel:main_channel' : Version test of '1' from client : ACCEPTED
[11Apr2025 16:52:22.005] [Netty Epoll Server IO #3/DEBUG] [net.minecraftforge.network.NetworkRegistry/NETREGISTRY]: Channel 'paragon:main' : Version test of '1.0' from client : ACCEPTED
[11Apr2025 16:52:22.005] [Netty Epoll Server IO #3/DEBUG] [net.minecraftforge.network.NetworkRegistry/NETREGISTRY]: Channel 'mutantmore:messages' : Version test of '1.0' from client : ACCEPTED
[11Apr2025 16:52:22.005] [Netty Epoll Server IO #3/DEBUG] [net.minecraftforge.network.NetworkRegistry/NETREGISTRY]: Channel 'journeymap:version' : Version test of '1' from client : ACCEPTED
[11Apr2025 16:52:22.005] [Netty Epoll Server IO #3/DEBUG] [net.minecraftforge.network.NetworkRegistry/NETREGISTRY]: Channel 'travelersbackpack:network' : Version test of 'travelersbackpack:1' from client : ACCEPTED
[11Apr2025 16:52:22.005] [Netty Epoll Server IO #3/DEBUG] [net.minecraftforge.network.NetworkRegistry/NETREGISTRY]: Channel 'curios:main' : Version test of '1' from client : ACCEPTED
[11Apr2025 16:52:22.005] [Netty Epoll Server IO #3/DEBUG] [net.minecraftforge.network.NetworkRegistry/NETREGISTRY]: Channel 'worldinfo:world_id' : Version test of '1' from client : ACCEPTED
[11Apr2025 16:52:22.005] [Netty Epoll Server IO #3/DEBUG] [net.minecraftforge.network.NetworkRegistry/NETREGISTRY]: Channel 'appleskin:sync' : Version test of '1' from client : ACCEPTED
[11Apr2025 16:52:22.005] [Netty Epoll Server IO #3/DEBUG] [net.minecraftforge.network.NetworkRegistry/NETREGISTRY]: Channel 'journeymap:admin_req' : Version test of '1' from client : ACCEPTED
[11Apr2025 16:52:22.006] [Netty Epoll Server IO #3/DEBUG] [net.minecraftforge.network.NetworkRegistry/NETREGISTRY]: Channel 'cataclysm:main_channel' : Version test of '1' from client : ACCEPTED
[11Apr2025 16:52:22.006] [Netty Epoll Server IO #3/DEBUG] [net.minecraftforge.network.NetworkRegistry/NETREGISTRY]: Channel 'journeymap:mp_options_req' : Version test of '1' from client : ACCEPTED
[11Apr2025 16:52:22.006] [Netty Epoll Server IO #3/DEBUG] [net.minecraftforge.network.NetworkRegistry/NETREGISTRY]: Channel 'journeymap:waypoint' : Version test of '1' from client : ACCEPTED
[11Apr2025 16:52:22.006] [Netty Epoll Server IO #3/DEBUG] [net.minecraftforge.network.NetworkRegistry/NETREGISTRY]: Channel 'lionfishapi:main_channel' : Version test of '1' from client : ACCEPTED
[11Apr2025 16:52:22.006] [Netty Epoll Server IO #3/DEBUG] [net.minecraftforge.network.NetworkRegistry/NETREGISTRY]: Channel 'fml:loginwrapper' : Version test of 'FML3' from client : ACCEPTED
[11Apr2025 16:52:22.006] [Netty Epoll Server IO #3/DEBUG] [net.minecraftforge.network.NetworkRegistry/NETREGISTRY]: Channel 'forge:tier_sorting' : Version test of '1.0' from client : ACCEPTED
[11Apr2025 16:52:22.006] [Netty Epoll Server IO #3/DEBUG] [net.minecraftforge.network.NetworkRegistry/NETREGISTRY]: Channel 'tombstone:tombstone_channel' : Version test of 'tombstone-8.2.17' from client : ACCEPTED
[11Apr2025 16:52:22.006] [Netty Epoll Server IO #3/DEBUG] [net.minecraftforge.network.NetworkRegistry/NETREGISTRY]: Channel 'playerrevive:main' : Version test of '1.0' from client : ACCEPTED
[11Apr2025 16:52:22.006] [Netty Epoll Server IO #3/DEBUG] [net.minecraftforge.network.NetworkRegistry/NETREGISTRY]: Channel 'fml:play' : Version test of 'FML3' from client : ACCEPTED
[11Apr2025 16:52:22.006] [Netty Epoll Server IO #3/DEBUG] [net.minecraftforge.network.NetworkRegistry/NETREGISTRY]: Channel 'journeymap:admin_save' : Version test of '1' from client : ACCEPTED
[11Apr2025 16:52:22.006] [Netty Epoll Server IO #3/DEBUG] [net.minecraftforge.network.NetworkRegistry/NETREGISTRY]: Channel 'journeymap:player_loc' : Version test of '1' from client : ACCEPTED
[11Apr2025 16:52:22.006] [Netty Epoll Server IO #3/DEBUG] [net.minecraftforge.network.NetworkRegistry/NETREGISTRY]: Channel 'creativecore:main' : Version test of '1.0' from client : ACCEPTED
[11Apr2025 16:52:22.006] [Netty Epoll Server IO #3/DEBUG] [net.minecraftforge.network.NetworkRegistry/NETREGISTRY]: Channel 'journeymap:teleport_req' : Version test of '1' from client : ACCEPTED
[11Apr2025 16:52:22.006] [Netty Epoll Server IO #3/DEBUG] [net.minecraftforge.network.NetworkRegistry/NETREGISTRY]: Channel 'artifacts:main' : Version test of '1' from client : ACCEPTED
[11Apr2025 16:52:22.006] [Netty Epoll Server IO #3/DEBUG] [net.minecraftforge.network.NetworkRegistry/NETREGISTRY]: Channel 'fml:handshake' : Version test of 'FML3' from client : ACCEPTED
[11Apr2025 16:52:22.006] [Netty Epoll Server IO #3/DEBUG] [net.minecraftforge.network.NetworkRegistry/NETREGISTRY]: Channel 'journeymap:common' : Version test of '1' from client : ACCEPTED
[11Apr2025 16:52:22.006] [Netty Epoll Server IO #3/DEBUG] [net.minecraftforge.network.NetworkRegistry/NETREGISTRY]: Channel 'geckolib3:main' : Version test of '0' from client : ACCEPTED
[11Apr2025 16:52:22.006] [Netty Epoll Server IO #3/DEBUG] [net.minecraftforge.network.NetworkRegistry/NETREGISTRY]: Channel 'minecraft:register' : Version test of 'FML3' from client : ACCEPTED
[11Apr2025 16:52:22.006] [Netty Epoll Server IO #3/DEBUG] [net.minecraftforge.network.NetworkRegistry/NETREGISTRY]: Channel 'forge:split' : Version test of '1.1' from client : ACCEPTED
[11Apr2025 16:52:22.006] [Netty Epoll Server IO #3/DEBUG] [net.minecraftforge.network.NetworkRegistry/NETREGISTRY]: Channel 'journeymap:perm_req' : Version test of '1' from client : ACCEPTED
[11Apr2025 16:52:22.006] [Netty Epoll Server IO #3/DEBUG] [net.minecraftforge.network.NetworkRegistry/NETREGISTRY]: Accepting channel list from client
[11Apr2025 16:52:22.007] [Netty Epoll Server IO #3/DEBUG] [net.minecraftforge.network.HandshakeHandler/FMLHANDSHAKE]: Accepted client connection mod list
[11Apr2025 16:52:22.046] [Server thread/DEBUG] [net.minecraftforge.network.HandshakeHandler/FMLHANDSHAKE]: Sending ticking packet info 'Registry minecraft:particle_type' to 'fml:handshake' sequence 5
[11Apr2025 16:52:22.071] [Netty Epoll Server IO #3/DEBUG] [net.minecraftforge.network.LoginWrapper/FMLHANDSHAKE]: Recieved login wrapper packet event for channel fml:handshake with index 2
[11Apr2025 16:52:22.071] [Netty Epoll Server IO #3/DEBUG] [net.minecraftforge.network.HandshakeHandler/FMLHANDSHAKE]: Received client indexed reply 2 of type net.minecraftforge.network.HandshakeMessages$C2SAcknowledge
[11Apr2025 16:52:22.071] [Netty Epoll Server IO #3/DEBUG] [net.minecraftforge.network.HandshakeHandler/FMLHANDSHAKE]: Received acknowledgement from client
[11Apr2025 16:52:22.096] [Server thread/DEBUG] [net.minecraftforge.network.HandshakeHandler/FMLHANDSHAKE]: Sending ticking packet info 'Registry minecraft:villager_profession' to 'fml:handshake' sequence 6
[11Apr2025 16:52:22.118] [Netty Epoll Server IO #3/DEBUG] [net.minecraftforge.network.LoginWrapper/FMLHANDSHAKE]: Recieved login wrapper packet event for channel fml:handshake with index 3
[11Apr2025 16:52:22.118] [Netty Epoll Server IO #3/DEBUG] [net.minecraftforge.network.HandshakeHandler/FMLHANDSHAKE]: Received client indexed reply 3 of type net.minecraftforge.network.HandshakeMessages$C2SAcknowledge
[11Apr2025 16:52:22.118] [Netty Epoll Server IO #3/DEBUG] [net.minecraftforge.network.HandshakeHandler/FMLHANDSHAKE]: Received acknowledgement from client
[11Apr2025 16:52:22.146] [Server thread/DEBUG] [net.minecraftforge.network.HandshakeHandler/FMLHANDSHAKE]: Sending ticking packet info 'Registry minecraft:item' to 'fml:handshake' sequence 7
[11Apr2025 16:52:22.196] [Server thread/DEBUG] [net.minecraftforge.network.HandshakeHandler/FMLHANDSHAKE]: Sending ticking packet info 'Registry minecraft:potion' to 'fml:handshake' sequence 8
[11Apr2025 16:52:22.246] [Server thread/DEBUG] [net.minecraftforge.network.HandshakeHandler/FMLHANDSHAKE]: Sending ticking packet info 'Registry minecraft:painting_variant' to 'fml:handshake' sequence 9
[11Apr2025 16:52:22.296] [Server thread/DEBUG] [net.minecraftforge.network.HandshakeHandler/FMLHANDSHAKE]: Sending ticking packet info 'Registry forge:fluid_type' to 'fml:handshake' sequence 10
[11Apr2025 16:52:22.346] [Server thread/DEBUG] [net.minecraftforge.network.HandshakeHandler/FMLHANDSHAKE]: Sending ticking packet info 'Registry minecraft:block_entity_type' to 'fml:handshake' sequence 11
[11Apr2025 16:52:22.362] [Netty Epoll Server IO #3/DEBUG] [net.minecraftforge.network.LoginWrapper/FMLHANDSHAKE]: Recieved login wrapper packet event for channel fml:handshake with index 4
[11Apr2025 16:52:22.363] [Netty Epoll Server IO #3/DEBUG] [net.minecraftforge.network.HandshakeHandler/FMLHANDSHAKE]: Received client indexed reply 4 of type net.minecraftforge.network.HandshakeMessages$C2SAcknowledge
[11Apr2025 16:52:22.363] [Netty Epoll Server IO #3/DEBUG] [net.minecraftforge.network.HandshakeHandler/FMLHANDSHAKE]: Received acknowledgement from client
[11Apr2025 16:52:22.395] [Server thread/DEBUG] [net.minecraftforge.network.HandshakeHandler/FMLHANDSHAKE]: Sending ticking packet info 'Registry minecraft:block' to 'fml:handshake' sequence 12
[11Apr2025 16:52:22.396] [Netty Epoll Server IO #3/DEBUG] [net.minecraftforge.network.LoginWrapper/FMLHANDSHAKE]: Recieved login wrapper packet event for channel fml:handshake with index 5
[11Apr2025 16:52:22.396] [Netty Epoll Server IO #3/DEBUG] [net.minecraftforge.network.HandshakeHandler/FMLHANDSHAKE]: Received client indexed reply 5 of type net.minecraftforge.network.HandshakeMessages$C2SAcknowledge
[11Apr2025 16:52:22.397] [Netty Epoll Server IO #3/DEBUG] [net.minecraftforge.network.HandshakeHandler/FMLHANDSHAKE]: Received acknowledgement from client
[11Apr2025 16:52:22.397] [Netty Epoll Server IO #3/DEBUG] [net.minecraftforge.network.LoginWrapper/FMLHANDSHAKE]: Recieved login wrapper packet event for channel fml:handshake with index 6
[11Apr2025 16:52:22.397] [Netty Epoll Server IO #3/DEBUG] [net.minecraftforge.network.HandshakeHandler/FMLHANDSHAKE]: Received client indexed reply 6 of type net.minecraftforge.network.HandshakeMessages$C2SAcknowledge
[11Apr2025 16:52:22.397] [Netty Epoll Server IO #3/DEBUG] [net.minecraftforge.network.HandshakeHandler/FMLHANDSHAKE]: Received acknowledgement from client
[11Apr2025 16:52:22.437] [Netty Epoll Server IO #3/DEBUG] [net.minecraftforge.network.LoginWrapper/FMLHANDSHAKE]: Recieved login wrapper packet event for channel fml:handshake with index 7
[11Apr2025 16:52:22.437] [Netty Epoll Server IO #3/DEBUG] [net.minecraftforge.network.HandshakeHandler/FMLHANDSHAKE]: Received client indexed reply 7 of type net.minecraftforge.network.HandshakeMessages$C2SAcknowledge
[11Apr2025 16:52:22.437] [Netty Epoll Server IO #3/DEBUG] [net.minecraftforge.network.HandshakeHandler/FMLHANDSHAKE]: Received acknowledgement from client
[11Apr2025 16:52:22.437] [Netty Epoll Server IO #3/DEBUG] [net.minecraftforge.network.LoginWrapper/FMLHANDSHAKE]: Recieved login wrapper packet event for channel fml:handshake with index 8
[11Apr2025 16:52:22.438] [Netty Epoll Server IO #3/DEBUG] [net.minecraftforge.network.HandshakeHandler/FMLHANDSHAKE]: Received client indexed reply 8 of type net.minecraftforge.network.HandshakeMessages$C2SAcknowledge
[11Apr2025 16:52:22.438] [Netty Epoll Server IO #3/DEBUG] [net.minecraftforge.network.HandshakeHandler/FMLHANDSHAKE]: Received acknowledgement from client
[11Apr2025 16:52:22.438] [Netty Epoll Server IO #3/DEBUG] [net.minecraftforge.network.LoginWrapper/FMLHANDSHAKE]: Recieved login wrapper packet event for channel fml:handshake with index 9
[11Apr2025 16:52:22.438] [Netty Epoll Server IO #3/DEBUG] [net.minecraftforge.network.HandshakeHandler/FMLHANDSHAKE]: Received client indexed reply 9 of type net.minecraftforge.network.HandshakeMessages$C2SAcknowledge
[11Apr2025 16:52:22.438] [Netty Epoll Server IO #3/DEBUG] [net.minecraftforge.network.HandshakeHandler/FMLHANDSHAKE]: Received acknowledgement from client
[11Apr2025 16:52:22.438] [Netty Epoll Server IO #3/DEBUG] [net.minecraftforge.network.LoginWrapper/FMLHANDSHAKE]: Recieved login wrapper packet event for channel fml:handshake with index 10
[11Apr2025 16:52:22.438] [Netty Epoll Server IO #3/DEBUG] [net.minecraftforge.network.HandshakeHandler/FMLHANDSHAKE]: Received client indexed reply 10 of type net.minecraftforge.network.HandshakeMessages$C2SAcknowledge
[11Apr2025 16:52:22.438] [Netty Epoll Server IO #3/DEBUG] [net.minecraftforge.network.HandshakeHandler/FMLHANDSHAKE]: Received acknowledgement from client
[11Apr2025 16:52:22.446] [Server thread/DEBUG] [net.minecraftforge.network.HandshakeHandler/FMLHANDSHAKE]: Sending ticking packet info 'Registry forge:entity_data_serializers' to 'fml:handshake' sequence 13
[11Apr2025 16:52:22.496] [Server thread/DEBUG] [net.minecraftforge.network.HandshakeHandler/FMLHANDSHAKE]: Sending ticking packet info 'Registry minecraft:mob_effect' to 'fml:handshake' sequence 14
[11Apr2025 16:52:22.518] [Netty Epoll Server IO #3/DEBUG] [net.minecraftforge.network.LoginWrapper/FMLHANDSHAKE]: Recieved login wrapper packet event for channel fml:handshake with index 11
[11Apr2025 16:52:22.518] [Netty Epoll Server IO #3/DEBUG] [net.minecraftforge.network.HandshakeHandler/FMLHANDSHAKE]: Received client indexed reply 11 of type net.minecraftforge.network.HandshakeMessages$C2SAcknowledge
[11Apr2025 16:52:22.518] [Netty Epoll Server IO #3/DEBUG] [net.minecraftforge.network.HandshakeHandler/FMLHANDSHAKE]: Received acknowledgement from client
[11Apr2025 16:52:22.546] [Server thread/DEBUG] [net.minecraftforge.network.HandshakeHandler/FMLHANDSHAKE]: Sending ticking packet info 'Registry minecraft:stat_type' to 'fml:handshake' sequence 15
[11Apr2025 16:52:22.548] [Netty Epoll Server IO #3/DEBUG] [net.minecraftforge.network.LoginWrapper/FMLHANDSHAKE]: Recieved login wrapper packet event for channel fml:handshake with index 12
[11Apr2025 16:52:22.548] [Netty Epoll Server IO #3/DEBUG] [net.minecraftforge.network.HandshakeHandler/FMLHANDSHAKE]: Received client indexed reply 12 of type net.minecraftforge.network.HandshakeMessages$C2SAcknowledge
[11Apr2025 16:52:22.548] [Netty Epoll Server IO #3/DEBUG] [net.minecraftforge.network.HandshakeHandler/FMLHANDSHAKE]: Received acknowledgement from client
[11Apr2025 16:52:22.596] [Server thread/DEBUG] [net.minecraftforge.network.HandshakeHandler/FMLHANDSHAKE]: Sending ticking packet info 'Registry tombstone:perks' to 'fml:handshake' sequence 16
[11Apr2025 16:52:22.618] [Netty Epoll Server IO #3/DEBUG] [net.minecraftforge.network.LoginWrapper/FMLHANDSHAKE]: Recieved login wrapper packet event for channel fml:handshake with index 13
[11Apr2025 16:52:22.618] [Netty Epoll Server IO #3/DEBUG] [net.minecraftforge.network.HandshakeHandler/FMLHANDSHAKE]: Received client indexed reply 13 of type net.minecraftforge.network.HandshakeMessages$C2SAcknowledge
[11Apr2025 16:52:22.618] [Netty Epoll Server IO #3/DEBUG] [net.minecraftforge.network.HandshakeHandler/FMLHANDSHAKE]: Received acknowledgement from client
[11Apr2025 16:52:22.646] [Server thread/DEBUG] [net.minecraftforge.network.HandshakeHandler/FMLHANDSHAKE]: Sending ticking packet info 'Registry minecraft:menu' to 'fml:handshake' sequence 17
[11Apr2025 16:52:22.669] [Netty Epoll Server IO #3/DEBUG] [net.minecraftforge.network.LoginWrapper/FMLHANDSHAKE]: Recieved login wrapper packet event for channel fml:handshake with index 14
[11Apr2025 16:52:22.669] [Netty Epoll Server IO #3/DEBUG] [net.minecraftforge.network.HandshakeHandler/FMLHANDSHAKE]: Received client indexed reply 14 of type net.minecraftforge.network.HandshakeMessages$C2SAcknowledge
[11Apr2025 16:52:22.669] [Netty Epoll Server IO #3/DEBUG] [net.minecraftforge.network.HandshakeHandler/FMLHANDSHAKE]: Received acknowledgement from client
[11Apr2025 16:52:22.696] [Server thread/DEBUG] [net.minecraftforge.network.HandshakeHandler/FMLHANDSHAKE]: Sending ticking packet info 'Registry minecraft:enchantment' to 'fml:handshake' sequence 18
[11Apr2025 16:52:22.696] [Netty Epoll Server IO #3/DEBUG] [net.minecraftforge.network.LoginWrapper/FMLHANDSHAKE]: Recieved login wrapper packet event for channel fml:handshake with index 15
[11Apr2025 16:52:22.696] [Netty Epoll Server IO #3/DEBUG] [net.minecraftforge.network.HandshakeHandler/FMLHANDSHAKE]: Received client indexed reply 15 of type net.minecraftforge.network.HandshakeMessages$C2SAcknowledge
[11Apr2025 16:52:22.696] [Netty Epoll Server IO #3/DEBUG] [net.minecraftforge.network.HandshakeHandler/FMLHANDSHAKE]: Received acknowledgement from client
[11Apr2025 16:52:22.746] [Server thread/DEBUG] [net.minecraftforge.network.HandshakeHandler/FMLHANDSHAKE]: Sending ticking packet info 'Registry minecraft:fluid' to 'fml:handshake' sequence 19
[11Apr2025 16:52:22.790] [Netty Epoll Server IO #3/DEBUG] [net.minecraftforge.network.LoginWrapper/FMLHANDSHAKE]: Recieved login wrapper packet event for channel fml:handshake with index 16
[11Apr2025 16:52:22.790] [Netty Epoll Server IO #3/DEBUG] [net.minecraftforge.network.HandshakeHandler/FMLHANDSHAKE]: Received client indexed reply 16 of type net.minecraftforge.network.HandshakeMessages$C2SAcknowledge
[11Apr2025 16:52:22.790] [Netty Epoll Server IO #3/DEBUG] [net.minecraftforge.network.HandshakeHandler/FMLHANDSHAKE]: Received acknowledgement from client
[11Apr2025 16:52:22.790] [Netty Epoll Server IO #3/DEBUG] [net.minecraftforge.network.LoginWrapper/FMLHANDSHAKE]: Recieved login wrapper packet event for channel fml:handshake with index 17
[11Apr2025 16:52:22.790] [Netty Epoll Server IO #3/DEBUG] [net.minecraftforge.network.HandshakeHandler/FMLHANDSHAKE]: Received client indexed reply 17 of type net.minecraftforge.network.HandshakeMessages$C2SAcknowledge
[11Apr2025 16:52:22.790] [Netty Epoll Server IO #3/DEBUG] [net.minecraftforge.network.HandshakeHandler/FMLHANDSHAKE]: Received acknowledgement from client
[11Apr2025 16:52:22.795] [Server thread/DEBUG] [net.minecraftforge.network.HandshakeHandler/FMLHANDSHAKE]: Sending ticking packet info 'Registry minecraft:entity_type' to 'fml:handshake' sequence 20
[11Apr2025 16:52:22.846] [Server thread/DEBUG] [net.minecraftforge.network.HandshakeHandler/FMLHANDSHAKE]: Sending ticking packet info 'Config curios-server.toml' to 'fml:handshake' sequence 21
[11Apr2025 16:52:22.868] [Netty Epoll Server IO #3/DEBUG] [net.minecraftforge.network.LoginWrapper/FMLHANDSHAKE]: Recieved login wrapper packet event for channel fml:handshake with index 18
[11Apr2025 16:52:22.868] [Netty Epoll Server IO #3/DEBUG] [net.minecraftforge.network.HandshakeHandler/FMLHANDSHAKE]: Received client indexed reply 18 of type net.minecraftforge.network.HandshakeMessages$C2SAcknowledge
[11Apr2025 16:52:22.868] [Netty Epoll Server IO #3/DEBUG] [net.minecraftforge.network.HandshakeHandler/FMLHANDSHAKE]: Received acknowledgement from client
[11Apr2025 16:52:22.896] [Server thread/DEBUG] [net.minecraftforge.network.HandshakeHandler/FMLHANDSHAKE]: Sending ticking packet info 'Config journeymap-server.toml' to 'fml:handshake' sequence 22
[11Apr2025 16:52:22.910] [Netty Epoll Server IO #3/DEBUG] [net.minecraftforge.network.LoginWrapper/FMLHANDSHAKE]: Recieved login wrapper packet event for channel fml:handshake with index 19
[11Apr2025 16:52:22.910] [Netty Epoll Server IO #3/DEBUG] [net.minecraftforge.network.HandshakeHandler/FMLHANDSHAKE]: Received client indexed reply 19 of type net.minecraftforge.network.HandshakeMessages$C2SAcknowledge
[11Apr2025 16:52:22.910] [Netty Epoll Server IO #3/DEBUG] [net.minecraftforge.network.HandshakeHandler/FMLHANDSHAKE]: Received acknowledgement from client
[11Apr2025 16:52:22.946] [Server thread/DEBUG] [net.minecraftforge.network.HandshakeHandler/FMLHANDSHAKE]: Sending ticking packet info 'Config artifacts-server.toml' to 'fml:handshake' sequence 23
[11Apr2025 16:52:22.995] [Server thread/DEBUG] [net.minecraftforge.network.HandshakeHandler/FMLHANDSHAKE]: Sending ticking packet info 'Config tombstone-server.toml' to 'fml:handshake' sequence 24
[11Apr2025 16:52:23.046] [Server thread/DEBUG] [net.minecraftforge.network.HandshakeHandler/FMLHANDSHAKE]: Sending ticking packet info 'Config jei-server.toml' to 'fml:handshake' sequence 25
[11Apr2025 16:52:23.096] [Server thread/DEBUG] [net.minecraftforge.network.HandshakeHandler/FMLHANDSHAKE]: Sending ticking packet info 'Config forge-server.toml' to 'fml:handshake' sequence 26
[11Apr2025 16:52:24.029] [Netty Epoll Server IO #3/DEBUG] [net.minecraftforge.network.LoginWrapper/FMLHANDSHAKE]: Recieved login wrapper packet event for channel fml:handshake with index 20
[11Apr2025 16:52:24.030] [Netty Epoll Server IO #3/DEBUG] [net.minecraftforge.network.HandshakeHandler/FMLHANDSHAKE]: Received client indexed reply 20 of type net.minecraftforge.network.HandshakeMessages$C2SAcknowledge
[11Apr2025 16:52:24.030] [Netty Epoll Server IO #3/DEBUG] [net.minecraftforge.network.HandshakeHandler/FMLHANDSHAKE]: Received acknowledgement from client
[11Apr2025 16:52:24.071] [Netty Epoll Server IO #3/DEBUG] [net.minecraftforge.network.LoginWrapper/FMLHANDSHAKE]: Recieved login wrapper packet event for channel fml:handshake with index 21
[11Apr2025 16:52:24.071] [Netty Epoll Server IO #3/DEBUG] [net.minecraftforge.network.HandshakeHandler/FMLHANDSHAKE]: Received client indexed reply 21 of type net.minecraftforge.network.HandshakeMessages$C2SAcknowledge
[11Apr2025 16:52:24.071] [Netty Epoll Server IO #3/DEBUG] [net.minecraftforge.network.HandshakeHandler/FMLHANDSHAKE]: Received acknowledgement from client
[11Apr2025 16:52:24.072] [Netty Epoll Server IO #3/DEBUG] [net.minecraftforge.network.LoginWrapper/FMLHANDSHAKE]: Recieved login wrapper packet event for channel fml:handshake with index 22
[11Apr2025 16:52:24.072] [Netty Epoll Server IO #3/DEBUG] [net.minecraftforge.network.HandshakeHandler/FMLHANDSHAKE]: Received client indexed reply 22 of type net.minecraftforge.network.HandshakeMessages$C2SAcknowledge
[11Apr2025 16:52:24.072] [Netty Epoll Server IO #3/DEBUG] [net.minecraftforge.network.HandshakeHandler/FMLHANDSHAKE]: Received acknowledgement from client
[11Apr2025 16:52:24.072] [Netty Epoll Server IO #3/DEBUG] [net.minecraftforge.network.LoginWrapper/FMLHANDSHAKE]: Recieved login wrapper packet event for channel fml:handshake with index 23
[11Apr2025 16:52:24.072] [Netty Epoll Server IO #3/DEBUG] [net.minecraftforge.network.HandshakeHandler/FMLHANDSHAKE]: Received client indexed reply 23 of type net.minecraftforge.network.HandshakeMessages$C2SAcknowledge
[11Apr2025 16:52:24.072] [Netty Epoll Server IO #3/DEBUG] [net.minecraftforge.network.HandshakeHandler/FMLHANDSHAKE]: Received acknowledgement from client
[11Apr2025 16:52:24.072] [Netty Epoll Server IO #3/DEBUG] [net.minecraftforge.network.LoginWrapper/FMLHANDSHAKE]: Recieved login wrapper packet event for channel fml:handshake with index 24
[11Apr2025 16:52:24.072] [Netty Epoll Server IO #3/DEBUG] [net.minecraftforge.network.HandshakeHandler/FMLHANDSHAKE]: Received client indexed reply 24 of type net.minecraftforge.network.HandshakeMessages$C2SAcknowledge
[11Apr2025 16:52:24.072] [Netty Epoll Server IO #3/DEBUG] [net.minecraftforge.network.HandshakeHandler/FMLHANDSHAKE]: Received acknowledgement from client
[11Apr2025 16:52:24.072] [Netty Epoll Server IO #3/DEBUG] [net.minecraftforge.network.LoginWrapper/FMLHANDSHAKE]: Recieved login wrapper packet event for channel fml:handshake with index 25
[11Apr2025 16:52:24.072] [Netty Epoll Server IO #3/DEBUG] [net.minecraftforge.network.HandshakeHandler/FMLHANDSHAKE]: Received client indexed reply 25 of type net.minecraftforge.network.HandshakeMessages$C2SAcknowledge
[11Apr2025 16:52:24.072] [Netty Epoll Server IO #3/DEBUG] [net.minecraftforge.network.HandshakeHandler/FMLHANDSHAKE]: Received acknowledgement from client
[11Apr2025 16:52:24.073] [Netty Epoll Server IO #3/DEBUG] [net.minecraftforge.network.LoginWrapper/FMLHANDSHAKE]: Recieved login wrapper packet event for channel fml:handshake with index 26
[11Apr2025 16:52:24.073] [Netty Epoll Server IO #3/DEBUG] [net.minecraftforge.network.HandshakeHandler/FMLHANDSHAKE]: Received client indexed reply 26 of type net.minecraftforge.network.HandshakeMessages$C2SAcknowledge
[11Apr2025 16:52:24.073] [Netty Epoll Server IO #3/DEBUG] [net.minecraftforge.network.HandshakeHandler/FMLHANDSHAKE]: Received acknowledgement from client
[11Apr2025 16:52:24.096] [Server thread/DEBUG] [net.minecraftforge.network.HandshakeHandler/FMLHANDSHAKE]: Handshake complete!
[11Apr2025 16:52:24.260] [Server thread/INFO] [net.minecraftforge.common.AdvancementLoadFix/]: Using new advancement loading for net.minecraft.server.PlayerAdvancements@6c0e2a3a
[11Apr2025 16:52:24.289] [Server thread/INFO] [net.minecraft.server.players.PlayerList/]: arturrssb[/127.5.90.10:47331] logged in with entity id 400 at (-182.8579899308259, 65.0, -520.3425387169706)
[11Apr2025 16:52:24.291] [Server thread/DEBUG] [mixin/]: Mixing item.umbrella.ServerGamePacketListenerImplMixin from mixins.artifacts.json into net.minecraft.server.network.ServerGamePacketListenerImpl
[11Apr2025 16:52:24.291] [Server thread/DEBUG] [mixin/]: mixins.artifacts.json:item.umbrella.ServerGamePacketListenerImplMixin: Class version 61 required is higher than the class version supported by the current version of Mixin (JAVA_8 supports class version 52)
[11Apr2025 16:52:24.293] [Server thread/DEBUG] [mixin/]: Mixing swimming.server.ServerGamePacketListenerImplMixin from expandability-common.mixins.json into net.minecraft.server.network.ServerGamePacketListenerImpl
[11Apr2025 16:52:24.314] [Server thread/DEBUG] [net.minecraftforge.network.filters.NetworkFilters/]: Injected net.minecraftforge.network.filters.ForgeConnectionNetworkFilter@1a47f7a7 into net.minecraft.network.Connection@3d4516c6
[11Apr2025 16:52:24.334] [Server thread/INFO] [net.minecraft.server.MinecraftServer/]: arturrssb joined the game
[11Apr2025 16:52:24.393] [Server thread/INFO] [com.kyanite.paragon.Paragon/]: Server sent config handshake for deeperdarker to arturrssb
[11Apr2025 16:52:24.394] [Server thread/INFO] [com.kyanite.paragon.Paragon/]: Server sent config handshake for paragon to arturrssb
[11Apr2025 16:52:26.940] [Server thread/WARN] [net.minecraft.server.MinecraftServer/]: Can't keep up! Is the server overloaded? Running 2695ms or 53 ticks behind
[11Apr2025 16:52:27.351] [Server thread/DEBUG] [io.netty.util.internal.ThreadLocalRandom/]: -Dio.netty.initialSeedUniquifier: 0xdfd1dc1b805cafa1
[11Apr2025 16:52:28.902] [Server thread/INFO] [com.kyanite.paragon.Paragon/]: Handshake response from arturrssb : SUCCESS
[11Apr2025 16:52:28.902] [Server thread/INFO] [com.kyanite.paragon.Paragon/]: Handshake succeeded with no issues
[11Apr2025 16:52:28.902] [Server thread/INFO] [com.kyanite.paragon.Paragon/]: Handshake response from arturrssb : SUCCESS
[11Apr2025 16:52:28.903] [Server thread/INFO] [com.kyanite.paragon.Paragon/]: Handshake succeeded with no issues
[11Apr2025 16:56:07.277] [Server thread/DEBUG] [net.minecraftforge.common.ForgeHooks/WP]: Gathering id map for writing to world save world
[11Apr2025 16:56:07.286] [Server thread/DEBUG] [net.minecraftforge.common.ForgeHooks/WP]: ID Map collection complete world
